パラメータ
ch1: large 94 adc 1807,small 0 adc 365
ch2: large 100 adc 1805,small 0 adc 364

以下、adcの値で、mqtt出力値一致しているか？

mcnt:0,477,477,0,0
mcnt:1,477,477,0,0
mcnt:2,477,477,0,0
mcnt:3,477,477,0,0
mcnt:4,477,477,0,0
mcnt:5,477,477,0,0
mcnt:6,477,477,0,0
mcnt:7,477,477,0,0
mcnt:8,477,477,0,0
mcnt:9,477,477,0,0
mcnt:10,477,477,0,0
mcnt:11,477,477,0,0
mcnt:12,477,477,0,0
mcnt:13,477,477,0,0
mcnt:14,477,477,0,0
mcnt:15,477,477,0,0
mcnt:16,477,477,0,0
mcnt:17,477,477,0,0
mcnt:18,477,477,0,0
mcnt:19,477,477,0,0
mcnt:20,477,477,0,0
mcnt:21,477,477,0,0
mcnt:22,477,477,0,0
mcnt:23,477,477,0,0
mcnt:24,477,477,0,0
mcnt:25,477,477,0,0
mcnt:26,477,477,0,0
mcnt:27,477,477,0,0
mcnt:28,477,477,0,0
mcnt:29,477,477,0,0
mcnt:30,477,477,0,0
mcnt:31,477,477,0,0
mcnt:32,477,477,0,0
mcnt:33,477,477,0,0
mcnt:34,477,477,0,0
mcnt:35,477,477,0,0
mcnt:36,477,477,0,0
mcnt:37,477,477,0,0
mcnt:38,477,477,0,0
mcnt:39,477,477,0,0
mcnt:40,477,477,0,0
mcnt:41,477,477,0,0
mcnt:42,477,477,0,0
mcnt:43,477,477,0,0
mcnt:44,477,477,0,0
mcnt:45,477,477,0,0
mcnt:46,477,477,0,0
mcnt:47,477,477,0,0
mcnt:48,477,477,0,0
mcnt:49,477,477,0,0
mcnt:50,477,477,0,0
mcnt:51,477,477,0,0
mcnt:52,477,477,0,0
mcnt:53,477,477,0,0
mcnt:54,477,477,0,0
mcnt:55,477,477,0,0
mcnt:56,477,477,0,0
mcnt:57,477,477,0,0
mcnt:58,477,477,0,0
mcnt:59,477,477,0,0
mcnt:60,477,477,0,0
mcnt:61,477,477,0,0
mcnt:62,477,477,0,0
mcnt:63,477,477,0,0
mcnt:64,477,477,0,0
mcnt:65,477,477,0,0
mcnt:66,477,477,0,0
mcnt:67,477,477,0,0
mcnt:68,477,477,0,0
mcnt:69,477,477,0,0
mcnt:70,477,477,0,0
mcnt:71,477,477,0,0
mcnt:72,477,477,0,0
mcnt:73,477,477,0,0
mcnt:74,477,477,0,0
mcnt:75,477,477,0,0
mcnt:76,477,477,0,0
mcnt:77,477,477,0,0
mcnt:78,477,477,0,0
mcnt:79,477,477,0,0
mcnt:80,477,477,0,0
mcnt:81,477,477,0,0
mcnt:82,477,477,0,0
mcnt:83,477,477,0,0
mcnt:84,477,477,0,0
mcnt:85,477,477,0,0
mcnt:86,477,477,0,0
mcnt:87,477,477,0,0
mcnt:88,477,477,0,0
mcnt:89,477,477,0,0
mcnt:90,477,477,0,0
mcnt:91,477,477,0,0
mcnt:92,477,477,0,0
mcnt:93,477,477,0,0
mcnt:94,477,477,0,0
mcnt:95,477,477,0,0
mcnt:96,477,477,0,0
mcnt:97,477,477,0,0
mcnt:98,477,477,0,0
mcnt:99,477,477,0,0
mcnt:100,477,477,0,0
mcnt:101,477,477,0,0
mcnt:102,477,477,0,0
mcnt:103,477,477,0,0
mcnt:104,477,477,0,0
mcnt:105,477,477,0,0
mcnt:106,477,477,0,0
mcnt:107,477,477,0,0
mcnt:108,477,477,0,0
mcnt:109,477,477,0,0
mcnt:110,477,477,0,0
mcnt:111,477,477,0,0
mcnt:112,477,477,0,0
mcnt:113,477,477,0,0
mcnt:114,477,477,0,0
mcnt:115,477,477,0,0
mcnt:116,477,477,0,0
mcnt:117,477,477,0,0
mcnt:118,477,477,0,0
mcnt:119,477,477,0,0
mcnt:120,477,477,0,0
mcnt:121,477,477,0,0
mcnt:122,477,477,0,0
mcnt:123,477,477,0,0
mcnt:124,477,477,0,0
mcnt:125,477,477,0,0
mcnt:126,477,477,0,0
mcnt:127,477,477,0,0
mcnt:128,477,477,0,0
mcnt:129,477,477,0,0
mcnt:130,477,477,0,0
mcnt:131,477,477,0,0
mcnt:132,477,477,0,0
mcnt:133,477,477,0,0
mcnt:134,477,477,0,0
mcnt:135,477,477,0,0
mcnt:136,477,477,0,0
mcnt:137,477,477,0,0
mcnt:138,477,477,0,0
mcnt:139,477,477,0,0
mcnt:140,477,477,0,0
mcnt:141,477,477,0,0
mcnt:142,477,477,0,0
mcnt:143,477,477,0,0
mcnt:144,477,477,0,0
mcnt:145,477,477,0,0
mcnt:146,477,477,0,0
mcnt:147,477,477,0,0
mcnt:148,477,477,0,0
mcnt:149,477,477,0,0
mcnt:150,477,477,0,0
mcnt:151,477,477,0,0
mcnt:152,477,477,0,0
mcnt:153,477,477,0,0
mcnt:154,477,477,0,0
mcnt:155,477,477,0,0
mcnt:156,477,477,0,0
mcnt:157,477,477,0,0
mcnt:158,477,477,0,0
mcnt:159,477,477,0,0
mcnt:160,478,479,0,0
mcnt:161,492,494,0,0
mcnt:162,514,516,0,0
mcnt:163,530,531,0,0
mcnt:164,542,543,0,0
mcnt:165,557,559,0,0
mcnt:166,569,570,0,0
mcnt:167,579,580,0,0
mcnt:168,593,595,0,0
mcnt:169,608,609,0,0
mcnt:170,611,611,0,0
mcnt:171,611,610,0,0
mcnt:172,611,611,0,0
mcnt:173,611,610,0,0
mcnt:174,611,610,0,0
mcnt:175,611,610,0,0
mcnt:176,611,610,0,0
mcnt:177,611,610,0,0
mcnt:178,611,610,0,0
mcnt:179,611,610,0,0
mcnt:180,611,610,0,0
mcnt:181,611,610,0,0
mcnt:182,611,610,0,0
mcnt:183,611,610,0,0
mcnt:184,611,610,0,0
mcnt:185,611,610,0,0
mcnt:186,611,610,0,0
mcnt:187,611,610,0,0
mcnt:188,611,610,0,0
mcnt:189,611,610,0,0
mcnt:190,611,610,0,0
mcnt:191,611,610,0,0
mcnt:192,611,610,0,0
mcnt:193,611,610,0,0
mcnt:194,611,610,0,0
mcnt:195,611,610,0,0
mcnt:196,611,610,0,0
mcnt:197,611,610,0,0
mcnt:198,611,610,0,0
mcnt:199,611,610,0,0
mcnt:200,611,610,0,0
mcnt:201,611,610,0,0
mcnt:202,611,610,0,0
mcnt:203,611,610,0,0
mcnt:204,611,610,0,0
mcnt:205,611,610,0,0
mcnt:206,611,610,0,0
mcnt:207,611,610,0,0
mcnt:208,611,610,0,0
mcnt:209,611,610,0,0
mcnt:210,611,610,0,0
mcnt:211,611,610,0,0
mcnt:212,611,610,0,0
mcnt:213,611,610,0,0
mcnt:214,611,610,0,0
mcnt:215,611,610,0,0
mcnt:216,611,610,0,0
mcnt:217,611,610,0,0
mcnt:218,611,610,0,0
mcnt:219,611,610,0,0
mcnt:220,611,610,0,0
mcnt:221,611,610,0,0
mcnt:222,611,610,0,0
mcnt:223,611,610,0,0
mcnt:224,611,610,0,0
mcnt:225,611,610,0,0
mcnt:226,611,610,0,0
mcnt:227,611,610,0,0
mcnt:228,611,610,0,0
mcnt:229,611,610,0,0
mcnt:230,611,610,0,0
mcnt:231,611,610,0,0
mcnt:232,611,610,0,0
mcnt:233,611,610,0,0
mcnt:234,611,610,0,0
mcnt:235,611,610,0,0
mcnt:236,611,610,0,0
mcnt:237,611,610,0,0
mcnt:238,611,610,0,0
mcnt:239,611,610,0,0
mcnt:240,611,610,0,0
mcnt:241,611,610,0,0
mcnt:242,611,610,0,0
mcnt:243,611,610,0,0
mcnt:244,611,610,0,0
mcnt:245,611,610,0,0
mcnt:246,611,610,0,0
mcnt:247,611,610,0,0
mcnt:248,611,610,0,0
mcnt:249,611,610,0,0
mcnt:250,611,610,0,0
mcnt:251,611,610,0,0
mcnt:252,611,610,0,0
mcnt:253,611,610,0,0
mcnt:254,611,610,0,0
mcnt:255,611,610,0,0
mcnt:256,611,610,0,0
mcnt:257,611,610,0,0
mcnt:258,611,610,0,0
mcnt:259,611,610,0,0
mcnt:260,611,610,0,0
mcnt:261,611,610,0,0
mcnt:262,611,610,0,0
mcnt:263,611,610,0,0
mcnt:264,611,610,0,0
mcnt:265,611,610,0,0
mcnt:266,611,610,0,0
mcnt:267,611,610,0,0
mcnt:268,611,610,0,0
mcnt:269,611,610,0,0
mcnt:270,611,610,0,0
mcnt:271,611,610,0,0
mcnt:272,611,610,0,0
mcnt:273,611,610,0,0
mcnt:274,611,610,0,0
mcnt:275,611,610,0,0
mcnt:276,611,610,0,0
mcnt:277,611,610,0,0
mcnt:278,611,610,0,0
mcnt:279,611,610,0,0
mcnt:280,611,610,0,0
mcnt:281,611,610,0,0
mcnt:282,611,610,0,0
mcnt:283,611,610,0,0
mcnt:284,611,610,0,0
mcnt:285,611,610,0,0
mcnt:286,611,610,0,0
mcnt:287,611,610,0,0
mcnt:288,611,610,0,0
mcnt:289,611,610,0,0
mcnt:290,611,610,0,0
mcnt:291,611,610,0,0
mcnt:292,611,610,0,0
mcnt:293,611,610,0,0
mcnt:294,611,610,0,0
mcnt:295,611,610,0,0
mcnt:296,611,610,0,0
mcnt:297,611,610,0,0
mcnt:298,611,610,0,0
mcnt:299,611,610,0,0
mcnt:300,611,610,0,0
mcnt:301,611,610,0,0
mcnt:302,611,610,0,0
mcnt:303,611,610,0,0
mcnt:304,611,610,0,0
mcnt:305,611,610,0,0
mcnt:306,611,610,0,0
mcnt:307,611,610,0,0
mcnt:308,611,610,0,0
mcnt:309,611,610,0,0
mcnt:310,611,610,0,0
mcnt:311,611,610,0,0
mcnt:312,611,610,0,0
mcnt:313,611,610,0,0
mcnt:314,611,610,0,0
mcnt:315,611,610,0,0
mcnt:316,611,610,0,0
mcnt:317,611,610,0,0
mcnt:318,611,610,0,0
mcnt:319,611,610,0,0
mcnt:320,611,610,0,0
mcnt:321,611,610,0,0
mcnt:322,611,610,0,0
mcnt:323,611,610,0,0
mcnt:324,611,610,0,0
mcnt:325,611,610,0,0
mcnt:326,611,610,0,0
mcnt:327,611,610,0,0
mcnt:328,611,610,0,0
mcnt:329,611,610,0,0
mcnt:330,611,610,0,0
mcnt:331,611,610,0,0
mcnt:332,611,610,0,0
mcnt:333,611,610,0,0
mcnt:334,611,610,0,0
mcnt:335,611,610,0,0
mcnt:336,611,610,0,0
mcnt:337,611,610,0,0
mcnt:338,611,610,0,0
mcnt:339,611,610,0,0
mcnt:340,611,610,0,0
mcnt:341,611,610,0,0
mcnt:342,611,610,0,0
mcnt:343,611,610,0,0
mcnt:344,611,610,0,0
mcnt:345,611,610,0,0
mcnt:346,611,610,0,0
mcnt:347,611,610,0,0
mcnt:348,611,610,0,0
mcnt:349,611,610,0,0
mcnt:350,611,610,0,0
mcnt:351,611,610,0,0
mcnt:352,611,610,0,0
mcnt:353,611,610,0,0
mcnt:354,611,610,0,0
mcnt:355,611,610,0,0
mcnt:356,611,610,0,0
mcnt:357,611,610,0,0
mcnt:358,611,610,0,0
mcnt:359,611,610,0,0
mcnt:360,611,610,0,0
mcnt:361,611,610,0,0
mcnt:362,611,610,0,0
mcnt:363,611,610,0,0
mcnt:364,611,611,0,0
mcnt:365,611,610,0,0
mcnt:366,611,611,0,0
mcnt:367,611,611,0,0
mcnt:368,611,611,0,0
mcnt:369,611,611,0,0
mcnt:370,611,611,0,0
mcnt:371,611,611,0,0
mcnt:372,611,611,0,0
mcnt:373,611,611,0,0
mcnt:374,611,611,0,0
mcnt:375,611,611,0,0
mcnt:376,611,611,0,0
mcnt:377,611,611,0,0
mcnt:378,611,611,0,0
mcnt:379,611,611,0,0
mcnt:380,611,611,0,0
mcnt:381,611,611,0,0
mcnt:382,611,611,0,0
mcnt:383,611,611,0,0
mcnt:384,611,611,0,0
mcnt:385,611,611,0,0
mcnt:386,611,611,0,0
mcnt:387,611,611,0,0
mcnt:388,611,611,0,0
mcnt:389,611,611,0,0
mcnt:390,611,611,0,0
mcnt:391,611,611,0,0
mcnt:392,611,611,0,0
mcnt:393,611,611,0,0
mcnt:394,611,611,0,0
mcnt:395,611,611,0,0
mcnt:396,611,611,0,0
mcnt:397,611,611,0,0
mcnt:398,611,611,0,0
mcnt:399,611,611,0,0
mcnt:400,611,611,0,0
mcnt:401,611,611,0,0
mcnt:402,611,611,0,0
mcnt:403,611,611,0,0
mcnt:404,611,611,0,0
mcnt:405,611,611,0,0
mcnt:406,611,611,0,0
mcnt:407,611,611,0,0
mcnt:408,611,611,0,0
mcnt:409,611,611,0,0
mcnt:410,611,611,0,0
mcnt:411,611,611,0,0
mcnt:412,611,611,0,0
mcnt:413,611,611,0,0
mcnt:414,611,611,0,0
mcnt:415,611,611,0,0
mcnt:416,611,611,0,0
mcnt:417,611,611,0,0
mcnt:418,611,611,0,0
mcnt:419,611,611,0,0
mcnt:420,611,611,0,0
mcnt:421,611,611,0,0
mcnt:422,611,611,0,0
mcnt:423,611,611,0,0
mcnt:424,611,611,0,0
mcnt:425,611,611,0,0
mcnt:426,611,611,0,0
mcnt:427,611,611,0,0
mcnt:428,611,611,0,0
mcnt:429,611,611,0,0
mcnt:430,611,611,0,0
mcnt:431,611,611,0,0
mcnt:432,611,611,0,0
mcnt:433,611,611,0,0
mcnt:434,611,611,0,0
mcnt:435,611,611,0,0
mcnt:436,611,611,0,0
mcnt:437,611,611,0,0
mcnt:438,611,611,0,0
mcnt:439,611,611,0,0
mcnt:440,611,611,0,0
mcnt:441,611,611,0,0
mcnt:442,611,611,0,0
mcnt:443,611,611,0,0
mcnt:444,611,611,0,0
mcnt:445,611,611,0,0
mcnt:446,611,611,0,0
mcnt:447,611,611,0,0
mcnt:448,611,611,0,0
mcnt:449,611,611,0,0
mcnt:450,611,611,0,0
mcnt:451,611,611,0,0
mcnt:452,611,611,0,0
mcnt:453,611,611,0,0
mcnt:454,611,611,0,0
mcnt:455,611,611,0,0
mcnt:456,611,611,0,0
mcnt:457,611,611,0,0
mcnt:458,611,611,0,0
mcnt:459,611,611,0,0
mcnt:460,611,611,0,0
mcnt:461,611,611,0,0
mcnt:462,611,611,0,0
mcnt:463,611,611,0,0
mcnt:464,611,611,0,0
mcnt:465,611,611,0,0
mcnt:466,611,611,0,0
mcnt:467,611,611,0,0
mcnt:468,611,611,0,0
mcnt:469,611,611,0,0
mcnt:470,611,611,0,0
mcnt:471,611,611,0,0
mcnt:472,611,611,0,0
mcnt:473,611,611,0,0
mcnt:474,611,611,0,0
mcnt:475,611,611,0,0
mcnt:476,611,611,0,0
mcnt:477,611,611,0,0
mcnt:478,611,611,0,0
mcnt:479,611,611,0,0
mcnt:480,611,611,0,0
mcnt:481,611,611,0,0
mcnt:482,611,611,0,0
mcnt:483,611,611,0,0
mcnt:484,611,611,0,0
mcnt:485,611,611,0,0
mcnt:486,611,611,0,0
mcnt:487,611,611,0,0
mcnt:488,611,611,0,0
mcnt:489,611,611,0,0
mcnt:490,611,611,0,0
mcnt:491,611,611,0,0
mcnt:492,611,611,0,0
mcnt:493,611,611,0,0
mcnt:494,611,611,0,0
mcnt:495,611,611,0,0
mcnt:496,611,611,0,0
mcnt:497,611,611,0,0
mcnt:498,611,611,0,0
mcnt:499,611,611,0,0
mcnt:500,611,611,0,0
mcnt:501,611,611,0,0
mcnt:502,611,611,0,0
mcnt:503,611,611,0,0
mcnt:504,611,611,0,0
mcnt:505,611,611,0,0
mcnt:506,611,611,0,0
mcnt:507,611,611,0,0
mcnt:508,611,611,0,0
mcnt:509,611,611,0,0
mcnt:510,611,611,0,0
mcnt:511,611,611,0,0
mcnt:512,611,611,0,0
mcnt:513,611,611,0,0
mcnt:514,611,611,0,0
mcnt:515,611,611,0,0
mcnt:516,611,611,0,0
mcnt:517,611,611,0,0
mcnt:518,611,611,0,0
mcnt:519,611,611,0,0
mcnt:520,611,611,0,0
mcnt:521,611,611,0,0
mcnt:522,611,611,0,0
mcnt:523,611,611,0,0
mcnt:524,611,611,0,0
mcnt:525,611,611,0,0
mcnt:526,611,611,0,0
mcnt:527,611,611,0,0
mcnt:528,611,611,0,0
mcnt:529,611,611,0,0
mcnt:530,611,611,0,0
mcnt:531,611,611,0,0
mcnt:532,611,611,0,0
mcnt:533,611,611,0,0
mcnt:534,611,611,0,0
mcnt:535,611,611,0,0
mcnt:536,611,611,0,0
mcnt:537,611,611,0,0
mcnt:538,611,611,0,0
mcnt:539,611,611,0,0
mcnt:540,611,611,0,0
mcnt:541,611,611,0,0
mcnt:542,611,611,0,0
mcnt:543,611,611,0,0
mcnt:544,611,611,0,0
mcnt:545,611,611,0,0
mcnt:546,611,611,0,0
mcnt:547,611,611,0,0
mcnt:548,611,611,0,0
mcnt:549,611,611,0,0
mcnt:550,611,611,0,0
mcnt:551,611,611,0,0
mcnt:552,611,611,0,0
mcnt:553,611,611,0,0
mcnt:554,611,611,0,0
mcnt:555,611,611,0,0
mcnt:556,611,611,0,0
mcnt:557,611,610,0,0
mcnt:558,611,610,0,0
mcnt:559,611,610,0,0
mcnt:560,611,610,0,0
mcnt:561,611,610,0,0
mcnt:562,611,610,0,0
mcnt:563,611,610,0,0
mcnt:564,611,610,0,0
mcnt:565,611,610,0,0
mcnt:566,611,610,0,0
mcnt:567,611,610,0,0
mcnt:568,611,610,0,0
mcnt:569,611,610,0,0
mcnt:570,611,610,0,0
mcnt:571,611,610,0,0
mcnt:572,611,610,0,0
mcnt:573,611,610,0,0
mcnt:574,611,610,0,0
mcnt:575,611,610,0,0
mcnt:576,611,610,0,0
mcnt:577,611,610,0,0
mcnt:578,611,610,0,0
mcnt:579,611,610,0,0
mcnt:580,611,610,0,0
mcnt:581,611,610,0,0
mcnt:582,611,610,0,0
mcnt:583,611,610,0,0
mcnt:584,614,614,0,0
mcnt:585,631,631,0,0
mcnt:586,647,647,0,0
mcnt:587,655,655,0,0
mcnt:588,660,659,0,0
mcnt:589,666,666,0,0
mcnt:590,672,671,0,0
mcnt:591,675,674,0,0
mcnt:592,676,675,0,0
mcnt:593,676,675,0,0
mcnt:594,676,675,0,0
mcnt:595,676,675,0,0
mcnt:596,676,675,0,0
mcnt:597,676,675,0,0
mcnt:598,676,675,0,0
mcnt:599,676,675,0,0
mcnt:600,676,675,0,0
mcnt:601,676,675,0,0
mcnt:602,676,675,0,0
mcnt:603,676,675,0,0
mcnt:604,676,675,0,0
mcnt:605,676,675,0,0
mcnt:606,676,675,0,0
mcnt:607,676,675,0,0
mcnt:608,676,675,0,0
mcnt:609,676,675,0,0
mcnt:610,676,675,0,0
mcnt:611,676,675,0,0
mcnt:612,676,675,0,0
mcnt:613,676,675,0,0
mcnt:614,676,675,0,0
mcnt:615,676,675,0,0
mcnt:616,676,675,0,0
mcnt:617,676,675,0,0
mcnt:618,676,675,0,0
mcnt:619,676,675,0,0
mcnt:620,676,675,0,0
mcnt:621,676,675,0,0
mcnt:622,676,675,0,0
mcnt:623,676,675,0,0
mcnt:624,676,675,0,0
mcnt:625,676,675,0,0
mcnt:626,676,675,0,0
mcnt:627,676,675,0,0
mcnt:628,676,675,0,0
mcnt:629,676,675,0,0
mcnt:630,676,675,0,0
mcnt:631,676,675,0,0
mcnt:632,676,675,0,0
mcnt:633,676,675,0,0
mcnt:634,676,675,0,0
mcnt:635,676,675,0,0
mcnt:636,676,675,0,0
mcnt:637,676,675,0,0
mcnt:638,676,675,0,0
mcnt:639,676,675,0,0
mcnt:640,676,675,0,0
mcnt:641,676,675,0,0
mcnt:642,676,675,0,0
mcnt:643,676,675,0,0
mcnt:644,676,675,0,0
mcnt:645,676,675,0,0
mcnt:646,676,675,0,0
mcnt:647,676,675,0,0
mcnt:648,676,675,0,0
mcnt:649,676,675,0,0
mcnt:650,676,675,0,0
mcnt:651,676,675,0,0
mcnt:652,676,675,0,0
mcnt:653,676,675,0,0
mcnt:654,676,675,0,0
mcnt:655,676,675,0,0
mcnt:656,676,675,0,0
mcnt:657,676,675,0,0
mcnt:658,676,675,0,0
mcnt:659,676,675,0,0
mcnt:660,676,675,0,0
mcnt:661,676,675,0,0
mcnt:662,676,675,0,0
mcnt:663,676,675,0,0
mcnt:664,676,675,0,0
mcnt:665,676,675,0,0
mcnt:666,676,675,0,0
mcnt:667,676,675,0,0
mcnt:668,676,675,0,0
mcnt:669,676,675,0,0
mcnt:670,676,675,0,0
mcnt:671,676,675,0,0
mcnt:672,676,675,0,0
mcnt:673,676,675,0,0
mcnt:674,676,675,0,0
mcnt:675,676,675,0,0
mcnt:676,676,675,0,0
mcnt:677,676,675,0,0
mcnt:678,676,675,0,0
mcnt:679,676,675,0,0
mcnt:680,676,675,0,0
mcnt:681,676,675,0,0
mcnt:682,676,675,0,0
mcnt:683,676,675,0,0
mcnt:684,676,675,0,0
mcnt:685,676,676,0,0
mcnt:686,676,676,0,0
mcnt:687,676,675,0,0
mcnt:688,676,676,0,0
mcnt:689,676,676,0,0
mcnt:690,676,676,0,0
mcnt:691,676,676,0,0
mcnt:692,676,676,0,0
mcnt:693,676,676,0,0
mcnt:694,676,676,0,0
mcnt:695,676,676,0,0
mcnt:696,676,676,0,0
mcnt:697,676,676,0,0
mcnt:698,676,676,0,0
mcnt:699,676,676,0,0
mcnt:700,676,676,0,0
mcnt:701,676,676,0,0
mcnt:702,676,676,0,0
mcnt:703,676,676,0,0
mcnt:704,676,676,0,0
mcnt:705,676,676,0,0
mcnt:706,676,676,0,0
mcnt:707,676,676,0,0
mcnt:708,676,676,0,0
mcnt:709,676,676,0,0
mcnt:710,676,676,0,0
mcnt:711,676,676,0,0
mcnt:712,676,676,0,0
mcnt:713,676,676,0,0
mcnt:714,676,676,0,0
mcnt:715,676,676,0,0
mcnt:716,676,676,0,0
mcnt:717,676,676,0,0
mcnt:718,676,676,0,0
mcnt:719,676,676,0,0
mcnt:720,676,676,0,0
mcnt:721,676,676,0,0
mcnt:722,676,676,0,0
mcnt:723,676,676,0,0
mcnt:724,676,676,0,0
mcnt:725,676,676,0,0
mcnt:726,676,676,0,0
mcnt:727,676,676,0,0
mcnt:728,676,676,0,0
mcnt:729,676,676,0,0
mcnt:730,676,676,0,0
mcnt:731,676,676,0,0
mcnt:732,676,676,0,0
mcnt:733,676,676,0,0
mcnt:734,676,676,0,0
mcnt:735,676,676,0,0
mcnt:736,676,676,0,0
mcnt:737,676,676,0,0
mcnt:738,676,676,0,0
mcnt:739,676,676,0,0
mcnt:740,676,676,0,0
mcnt:741,676,676,0,0
mcnt:742,676,676,0,0
mcnt:743,676,676,0,0
mcnt:744,676,676,0,0
mcnt:745,676,676,0,0
mcnt:746,676,676,0,0
mcnt:747,676,676,0,0
mcnt:748,676,676,0,0
mcnt:749,676,676,0,0
mcnt:750,676,676,0,0
mcnt:751,676,676,0,0
mcnt:752,676,676,0,0
mcnt:753,676,676,0,0
mcnt:754,676,676,0,0
mcnt:755,676,676,0,0
mcnt:756,676,676,0,0
mcnt:757,676,676,0,0
mcnt:758,676,676,0,0
mcnt:759,676,676,0,0
mcnt:760,676,676,0,0
mcnt:761,676,676,0,0
mcnt:762,676,676,0,0
mcnt:763,676,676,0,0
mcnt:764,676,676,0,0
mcnt:765,676,676,0,0
mcnt:766,676,676,0,0
mcnt:767,676,676,0,0
mcnt:768,676,676,0,0
mcnt:769,676,676,0,0
mcnt:770,676,676,0,0
mcnt:771,676,676,0,0
mcnt:772,676,676,0,0
mcnt:773,676,676,0,0
mcnt:774,676,676,0,0
mcnt:775,676,676,0,0
mcnt:776,676,676,0,0
mcnt:777,676,676,0,0
mcnt:778,676,676,0,0
mcnt:779,676,676,0,0
mcnt:780,676,676,0,0
mcnt:781,676,676,0,0
mcnt:782,676,676,0,0
mcnt:783,676,676,0,0
mcnt:784,676,676,0,0
mcnt:785,676,676,0,0
mcnt:786,676,676,0,0
mcnt:787,676,676,0,0
mcnt:788,676,676,0,0
mcnt:789,676,676,0,0
mcnt:790,676,676,0,0
mcnt:791,676,676,0,0
mcnt:792,676,676,0,0
mcnt:793,676,676,0,0
mcnt:794,676,676,0,0
mcnt:795,676,676,0,0
mcnt:796,676,676,0,0
mcnt:797,676,676,0,0
mcnt:798,676,676,0,0
mcnt:799,676,676,0,0
mcnt:800,676,676,0,0
mcnt:801,676,676,0,0
mcnt:802,676,676,0,0
mcnt:803,676,676,0,0
mcnt:804,676,676,0,0
mcnt:805,676,676,0,0
mcnt:806,676,676,0,0
mcnt:807,676,676,0,0
mcnt:808,676,676,0,0
mcnt:809,676,676,0,0
mcnt:810,676,676,0,0
mcnt:811,676,676,0,0
mcnt:812,676,676,0,0
mcnt:813,676,676,0,0
mcnt:814,676,676,0,0
mcnt:815,676,676,0,0
mcnt:816,676,676,0,0
mcnt:817,676,676,0,0
mcnt:818,676,676,0,0
mcnt:819,676,676,0,0
mcnt:820,676,676,0,0
mcnt:821,676,676,0,0
mcnt:822,676,676,0,0
mcnt:823,676,676,0,0
mcnt:824,676,676,0,0
mcnt:825,676,676,0,0
mcnt:826,676,676,0,0
mcnt:827,676,676,0,0
mcnt:828,676,676,0,0
mcnt:829,676,676,0,0
mcnt:830,676,676,0,0
mcnt:831,676,676,0,0
mcnt:832,676,676,0,0
mcnt:833,676,676,0,0
mcnt:834,676,676,0,0
mcnt:835,676,676,0,0
mcnt:836,676,676,0,0
mcnt:837,676,676,0,0
mcnt:838,676,676,0,0
mcnt:839,676,676,0,0
mcnt:840,676,676,0,0
mcnt:841,676,676,0,0
mcnt:842,676,676,0,0
mcnt:843,676,676,0,0
mcnt:844,676,676,0,0
mcnt:845,676,676,0,0
mcnt:846,676,676,0,0
mcnt:847,676,676,0,0
mcnt:848,676,676,0,0
mcnt:849,676,676,0,0
mcnt:850,676,676,0,0
mcnt:851,676,676,0,0
mcnt:852,676,676,0,0
mcnt:853,676,676,0,0
mcnt:854,676,676,0,0
mcnt:855,676,676,0,0
mcnt:856,676,676,0,0
mcnt:857,676,676,0,0
mcnt:858,676,676,0,0
mcnt:859,676,676,0,0
mcnt:860,676,676,0,0
mcnt:861,676,676,0,0
mcnt:862,676,676,0,0
mcnt:863,676,676,0,0
mcnt:864,676,676,0,0
mcnt:865,676,676,0,0
mcnt:866,676,676,0,0
mcnt:867,675,675,0,0
mcnt:868,671,671,0,0
mcnt:869,665,664,0,0
mcnt:870,661,661,0,0
mcnt:871,661,661,0,0
mcnt:872,660,659,0,0
mcnt:873,659,659,0,0
mcnt:874,660,659,0,0
mcnt:875,657,656,0,0
mcnt:876,649,647,0,0
mcnt:877,643,642,0,0
mcnt:878,641,641,0,0
mcnt:879,641,641,0,0
mcnt:880,641,640,0,0
mcnt:881,641,640,0,0
mcnt:882,641,640,0,0
mcnt:883,641,640,0,0
mcnt:884,641,640,0,0
mcnt:885,641,640,0,0
mcnt:886,641,640,0,0
mcnt:887,641,640,0,0
mcnt:888,641,640,0,0
mcnt:889,641,640,0,0
mcnt:890,641,640,0,0
mcnt:891,641,640,0,0
mcnt:892,641,640,0,0
mcnt:893,641,640,0,0
mcnt:894,641,640,0,0
mcnt:895,641,640,0,0
mcnt:896,641,640,0,0
mcnt:897,641,640,0,0
mcnt:898,641,640,0,0
mcnt:899,641,640,0,0
mcnt:900,641,640,0,0
mcnt:901,641,640,0,0
mcnt:902,641,640,0,0
mcnt:903,641,640,0,0
mcnt:904,641,640,0,0
mcnt:905,641,640,0,0
mcnt:906,641,640,0,0
mcnt:907,641,640,0,0
mcnt:908,641,640,0,0
mcnt:909,641,640,0,0
mcnt:910,641,640,0,0
mcnt:911,639,638,0,0
mcnt:912,624,621,0,0
mcnt:913,604,602,0,0
mcnt:914,594,593,0,0
mcnt:915,593,593,0,0
mcnt:916,593,593,0,0
mcnt:917,593,593,0,0
mcnt:918,593,592,0,0
mcnt:919,593,593,0,0
mcnt:920,593,592,0,0
mcnt:921,593,592,0,0
mcnt:922,593,592,0,0
mcnt:923,593,592,0,0
mcnt:924,593,592,0,0
mcnt:925,593,592,0,0
mcnt:926,593,592,0,0
mcnt:927,593,592,0,0
mcnt:928,593,592,0,0
mcnt:929,593,592,0,0
mcnt:930,593,592,0,0
mcnt:931,593,592,0,0
mcnt:932,593,592,0,0
mcnt:933,593,592,0,0
mcnt:934,593,592,0,0
mcnt:935,593,592,0,0
mcnt:936,593,592,0,0
mcnt:937,593,592,0,0
mcnt:938,593,592,0,0
mcnt:939,593,592,0,0
mcnt:940,593,592,0,0
mcnt:941,593,592,0,0
mcnt:942,593,592,0,0
mcnt:943,593,592,0,0
mcnt:944,593,592,0,0
mcnt:945,593,592,0,0
mcnt:946,593,592,0,0
mcnt:947,593,592,0,0
mcnt:948,593,592,0,0
mcnt:949,593,592,0,0
mcnt:950,593,592,0,0
mcnt:951,593,592,0,0
mcnt:952,593,592,0,0
mcnt:953,593,592,0,0
mcnt:954,593,592,0,0
mcnt:955,593,592,0,0
mcnt:956,593,592,0,0
mcnt:957,593,592,0,0
mcnt:958,593,592,0,0
mcnt:959,593,592,0,0
mcnt:960,593,592,0,0
mcnt:961,593,592,0,0
mcnt:962,593,592,0,0
mcnt:963,593,592,0,0
mcnt:964,593,592,0,0
mcnt:965,593,592,0,0
mcnt:966,593,592,0,0
mcnt:967,593,592,0,0
mcnt:968,593,592,0,0
mcnt:969,593,592,0,0
mcnt:970,593,592,0,0
mcnt:971,593,592,0,0
mcnt:972,593,592,0,0
mcnt:973,593,592,0,0
mcnt:974,593,592,0,0
mcnt:975,593,592,0,0
mcnt:976,593,592,0,0
mcnt:977,593,592,0,0
mcnt:978,593,592,0,0
mcnt:979,593,592,0,0
mcnt:980,593,592,0,0
mcnt:981,593,592,0,0
mcnt:982,593,592,0,0
mcnt:983,593,592,0,0
mcnt:984,593,592,0,0
mcnt:985,593,592,0,0
mcnt:986,593,592,0,0
mcnt:987,593,592,0,0
mcnt:988,593,592,0,0
mcnt:989,593,592,0,0
mcnt:990,593,592,0,0
mcnt:991,593,592,0,0
mcnt:992,593,592,0,0
mcnt:993,593,592,0,0
mcnt:994,593,592,0,0
mcnt:995,593,592,0,0
mcnt:996,593,592,0,0
mcnt:997,593,592,0,0
mcnt:998,593,592,0,0
mcnt:999,593,592,0,0
mcnt:1000,593,592,0,0
mcnt:1001,593,592,0,0
mcnt:1002,593,592,0,0
mcnt:1003,593,592,0,0
mcnt:1004,593,592,0,0
mcnt:1005,593,592,0,0
mcnt:1006,593,592,0,0
mcnt:1007,593,592,0,0
mcnt:1008,593,592,0,0
mcnt:1009,593,592,0,0
mcnt:1010,593,592,0,0
mcnt:1011,593,592,0,0
mcnt:1012,593,592,0,0
mcnt:1013,593,592,0,0
mcnt:1014,593,592,0,0
mcnt:1015,593,592,0,0
mcnt:1016,593,592,0,0
mcnt:1017,593,592,0,0
mcnt:1018,593,592,0,0
mcnt:1019,593,592,0,0
mcnt:1020,593,592,0,0
mcnt:1021,593,592,0,0
mcnt:1022,593,592,0,0
mcnt:1023,593,592,0,0
mcnt:1024,593,592,0,0
mcnt:1025,593,592,0,0
mcnt:1026,593,592,0,0
mcnt:1027,593,592,0,0
mcnt:1028,593,592,0,0
mcnt:1029,593,592,0,0
mcnt:1030,593,592,0,0
mcnt:1031,593,592,0,0
mcnt:1032,593,592,0,0
mcnt:1033,593,592,0,0
mcnt:1034,593,592,0,0
mcnt:1035,593,592,0,0
mcnt:1036,593,592,0,0
mcnt:1037,593,592,0,0
mcnt:1038,593,592,0,0
mcnt:1039,593,592,0,0
mcnt:1040,593,592,0,0
mcnt:1041,593,592,0,0
mcnt:1042,593,592,0,0
mcnt:1043,593,592,0,0
mcnt:1044,593,592,0,0
mcnt:1045,593,592,0,0
mcnt:1046,593,592,0,0
mcnt:1047,593,592,0,0
mcnt:1048,593,592,0,0
mcnt:1049,593,592,0,0
mcnt:1050,593,592,0,0
mcnt:1051,593,592,0,0
mcnt:1052,593,592,0,0
mcnt:1053,593,592,0,0
mcnt:1054,593,592,0,0
mcnt:1055,593,592,0,0
mcnt:1056,593,592,0,0
mcnt:1057,593,592,0,0
mcnt:1058,593,592,0,0
mcnt:1059,593,592,0,0
mcnt:1060,593,592,0,0
mcnt:1061,593,592,0,0
mcnt:1062,593,592,0,0
mcnt:1063,593,592,0,0
mcnt:1064,593,592,0,0
mcnt:1065,593,592,0,0
mcnt:1066,593,592,0,0
mcnt:1067,593,592,0,0
mcnt:1068,593,592,0,0
mcnt:1069,593,592,0,0
mcnt:1070,593,592,0,0
mcnt:1071,593,592,0,0
mcnt:1072,593,592,0,0
mcnt:1073,593,592,0,0
mcnt:1074,593,592,0,0
mcnt:1075,593,592,0,0
mcnt:1076,593,592,0,0
mcnt:1077,593,592,0,0
mcnt:1078,593,592,0,0
mcnt:1079,593,592,0,0
mcnt:1080,593,592,0,0
mcnt:1081,593,592,0,0
mcnt:1082,593,592,0,0
mcnt:1083,593,592,0,0
mcnt:1084,593,592,0,0
mcnt:1085,593,592,0,0
mcnt:1086,593,592,0,0
mcnt:1087,593,592,0,0
mcnt:1088,593,592,0,0
mcnt:1089,593,592,0,0
mcnt:1090,593,592,0,0
mcnt:1091,593,592,0,0
mcnt:1092,593,592,0,0
mcnt:1093,593,592,0,0
mcnt:1094,593,592,0,0
mcnt:1095,593,592,0,0
mcnt:1096,593,592,0,0
mcnt:1097,593,592,0,0
mcnt:1098,593,592,0,0
mcnt:1099,593,592,0,0
mcnt:1100,593,593,0,0
mcnt:1101,593,592,0,0
mcnt:1102,593,592,0,0
mcnt:1103,593,593,0,0
mcnt:1104,593,592,0,0
mcnt:1105,593,593,0,0
mcnt:1106,593,593,0,0
mcnt:1107,593,593,0,0
mcnt:1108,593,593,0,0
mcnt:1109,593,593,0,0
mcnt:1110,593,593,0,0
mcnt:1111,593,593,0,0
mcnt:1112,593,593,0,0
mcnt:1113,593,593,0,0
mcnt:1114,593,593,0,0
mcnt:1115,593,593,0,0
mcnt:1116,593,593,0,0
mcnt:1117,593,593,0,0
mcnt:1118,593,593,0,0
mcnt:1119,593,593,0,0
mcnt:1120,593,593,0,0
mcnt:1121,593,593,0,0
mcnt:1122,593,593,0,0
mcnt:1123,593,593,0,0
mcnt:1124,593,593,0,0
mcnt:1125,593,593,0,0
mcnt:1126,593,593,0,0
mcnt:1127,593,593,0,0
mcnt:1128,593,593,0,0
mcnt:1129,593,593,0,0
mcnt:1130,593,593,0,0
mcnt:1131,593,593,0,0
mcnt:1132,593,593,0,0
mcnt:1133,593,593,0,0
mcnt:1134,593,593,0,0
mcnt:1135,593,593,0,0
mcnt:1136,593,593,0,0
mcnt:1137,593,593,0,0
mcnt:1138,593,593,0,0
mcnt:1139,593,593,0,0
mcnt:1140,593,593,0,0
mcnt:1141,593,593,0,0
mcnt:1142,593,593,0,0
mcnt:1143,593,593,0,0
mcnt:1144,593,593,0,0
mcnt:1145,593,593,0,0
mcnt:1146,593,593,0,0
mcnt:1147,593,593,0,0
mcnt:1148,593,593,0,0
mcnt:1149,593,593,0,0
mcnt:1150,593,593,0,0
mcnt:1151,593,593,0,0
mcnt:1152,593,593,0,0
mcnt:1153,593,593,0,0
mcnt:1154,593,593,0,0
mcnt:1155,593,593,0,0
mcnt:1156,593,593,0,0
mcnt:1157,593,593,0,0
mcnt:1158,593,593,0,0
mcnt:1159,593,593,0,0
mcnt:1160,593,593,0,0
mcnt:1161,593,593,0,0
mcnt:1162,593,593,0,0
mcnt:1163,593,593,0,0
mcnt:1164,593,593,0,0
mcnt:1165,593,593,0,0
mcnt:1166,593,593,0,0
mcnt:1167,593,593,0,0
mcnt:1168,593,593,0,0
mcnt:1169,593,593,0,0
mcnt:1170,593,593,0,0
mcnt:1171,593,593,0,0
mcnt:1172,593,593,0,0
mcnt:1173,593,593,0,0
mcnt:1174,593,593,0,0
mcnt:1175,593,593,0,0
mcnt:1176,593,593,0,0
mcnt:1177,593,593,0,0
mcnt:1178,593,593,0,0
mcnt:1179,593,593,0,0
mcnt:1180,593,593,0,0
mcnt:1181,593,593,0,0
mcnt:1182,593,593,0,0
mcnt:1183,593,593,0,0
mcnt:1184,593,593,0,0
mcnt:1185,593,593,0,0
mcnt:1186,593,593,0,0
mcnt:1187,593,593,0,0
mcnt:1188,593,593,0,0
mcnt:1189,593,593,0,0
mcnt:1190,593,593,0,0
mcnt:1191,593,593,0,0
mcnt:1192,593,593,0,0
mcnt:1193,593,593,0,0
mcnt:1194,593,593,0,0
mcnt:1195,593,593,0,0
mcnt:1196,593,593,0,0
mcnt:1197,593,593,0,0
mcnt:1198,593,593,0,0
mcnt:1199,593,593,0,0
mcnt:1200,593,593,0,0
mcnt:1201,593,593,0,0
mcnt:1202,593,593,0,0
mcnt:1203,593,593,0,0
mcnt:1204,593,593,0,0
mcnt:1205,593,593,0,0
mcnt:1206,593,593,0,0
mcnt:1207,593,593,0,0
mcnt:1208,593,593,0,0
mcnt:1209,593,593,0,0
mcnt:1210,593,593,0,0
mcnt:1211,593,593,0,0
mcnt:1212,593,593,0,0
mcnt:1213,593,593,0,0
mcnt:1214,593,593,0,0
mcnt:1215,593,593,0,0
mcnt:1216,593,593,0,0
mcnt:1217,593,593,0,0
mcnt:1218,593,593,0,0
mcnt:1219,593,593,0,0
mcnt:1220,593,593,0,0
mcnt:1221,593,593,0,0
mcnt:1222,593,593,0,0
mcnt:1223,593,593,0,0
mcnt:1224,593,593,0,0
mcnt:1225,593,593,0,0
mcnt:1226,593,593,0,0
mcnt:1227,593,593,0,0
mcnt:1228,593,593,0,0
mcnt:1229,593,593,0,0
mcnt:1230,593,593,0,0
mcnt:1231,593,593,0,0
mcnt:1232,593,593,0,0
mcnt:1233,593,593,0,0
mcnt:1234,599,600,0,0
mcnt:1235,627,630,0,0
mcnt:1236,658,659,0,0
mcnt:1237,680,681,0,0
mcnt:1238,690,689,0,0
mcnt:1239,691,690,0,0
mcnt:1240,691,689,0,0
mcnt:1241,703,704,0,0
mcnt:1242,730,731,0,0
mcnt:1243,745,745,0,0
mcnt:1244,748,747,0,0
mcnt:1245,748,747,0,0
mcnt:1246,748,747,0,0
mcnt:1247,748,747,0,0
mcnt:1248,748,747,0,0
mcnt:1249,758,759,0,0
mcnt:1250,778,779,0,0
mcnt:1251,797,797,0,0
mcnt:1252,801,800,0,0
mcnt:1253,801,800,0,0
mcnt:1254,801,800,0,0
mcnt:1255,801,800,0,0
mcnt:1256,801,800,0,0
mcnt:1257,801,800,0,0
mcnt:1258,801,800,0,0
mcnt:1259,801,800,0,0
mcnt:1260,801,800,0,0
mcnt:1261,801,800,0,0
mcnt:1262,801,800,0,0
mcnt:1263,801,800,0,0
mcnt:1264,801,800,0,0
mcnt:1265,801,800,0,0
mcnt:1266,801,800,0,0
mcnt:1267,801,800,0,0
mcnt:1268,801,800,0,0
mcnt:1269,801,800,0,0
mcnt:1270,801,800,0,0
mcnt:1271,801,800,0,0
mcnt:1272,801,800,0,0
mcnt:1273,801,800,0,0
mcnt:1274,801,800,0,0
mcnt:1275,801,800,0,0
mcnt:1276,801,800,0,0
mcnt:1277,801,800,0,0
mcnt:1278,801,800,0,0
mcnt:1279,801,800,0,0
mcnt:1280,801,800,0,0
mcnt:1281,801,800,0,0
mcnt:1282,801,800,0,0
mcnt:1283,801,800,0,0
mcnt:1284,801,800,0,0
mcnt:1285,801,800,0,0
mcnt:1286,801,800,0,0
mcnt:1287,801,800,0,0
mcnt:1288,801,800,0,0
mcnt:1289,801,800,0,0
mcnt:1290,801,800,0,0
mcnt:1291,801,800,0,0
mcnt:1292,801,800,0,0
mcnt:1293,801,800,0,0
mcnt:1294,801,800,0,0
mcnt:1295,801,800,0,0
mcnt:1296,801,800,0,0
mcnt:1297,801,800,0,0
mcnt:1298,801,800,0,0
mcnt:1299,801,800,0,0
mcnt:1300,801,800,0,0
mcnt:1301,801,800,0,0
mcnt:1302,801,800,0,0
mcnt:1303,801,800,0,0
mcnt:1304,801,800,0,0
mcnt:1305,801,800,0,0
mcnt:1306,801,800,0,0
mcnt:1307,801,800,0,0
mcnt:1308,801,800,0,0
mcnt:1309,801,799,0,0
mcnt:1310,801,800,0,0
mcnt:1311,801,800,0,0
mcnt:1312,801,800,0,0
mcnt:1313,801,800,0,0
mcnt:1314,801,800,0,0
mcnt:1315,801,800,0,0
mcnt:1316,801,800,0,0
mcnt:1317,801,800,0,0
mcnt:1318,801,800,0,0
mcnt:1319,801,800,0,0
mcnt:1320,801,800,0,0
mcnt:1321,801,800,0,0
mcnt:1322,801,800,0,0
mcnt:1323,801,800,0,0
mcnt:1324,801,800,0,0
mcnt:1325,801,800,0,0
mcnt:1326,801,800,0,0
mcnt:1327,801,800,0,0
mcnt:1328,801,800,0,0
mcnt:1329,801,800,0,0
mcnt:1330,801,800,0,0
mcnt:1331,801,800,0,0
mcnt:1332,801,800,0,0
mcnt:1333,801,800,0,0
mcnt:1334,801,800,0,0
mcnt:1335,801,800,0,0
mcnt:1336,801,800,0,0
mcnt:1337,801,800,0,0
mcnt:1338,801,800,0,0
mcnt:1339,801,800,0,0
mcnt:1340,801,800,0,0
mcnt:1341,801,800,0,0
mcnt:1342,801,800,0,0
mcnt:1343,801,800,0,0
mcnt:1344,801,800,0,0
mcnt:1345,801,800,0,0
mcnt:1346,801,800,0,0
mcnt:1347,801,800,0,0
mcnt:1348,801,800,0,0
mcnt:1349,801,800,0,0
mcnt:1350,801,800,0,0
mcnt:1351,801,800,0,0
mcnt:1352,801,800,0,0
mcnt:1353,801,800,0,0
mcnt:1354,801,800,0,0
mcnt:1355,801,800,0,0
mcnt:1356,801,800,0,0
mcnt:1357,801,800,0,0
mcnt:1358,801,800,0,0
mcnt:1359,801,800,0,0
mcnt:1360,801,800,0,0
mcnt:1361,801,800,0,0
mcnt:1362,801,800,0,0
mcnt:1363,801,800,0,0
mcnt:1364,801,800,0,0
mcnt:1365,801,800,0,0
mcnt:1366,801,800,0,0
mcnt:1367,801,800,0,0
mcnt:1368,801,800,0,0
mcnt:1369,801,800,0,0
mcnt:1370,801,800,0,0
mcnt:1371,801,800,0,0
mcnt:1372,801,800,0,0
mcnt:1373,801,800,0,0
mcnt:1374,801,800,0,0
mcnt:1375,801,800,0,0
mcnt:1376,801,800,0,0
mcnt:1377,801,800,0,0
mcnt:1378,801,800,0,0
mcnt:1379,801,800,0,0
mcnt:1380,801,800,0,0
mcnt:1381,801,800,0,0
mcnt:1382,801,800,0,0
mcnt:1383,801,800,0,0
mcnt:1384,801,800,0,0
mcnt:1385,801,800,0,0
mcnt:1386,801,800,0,0
mcnt:1387,801,800,0,0
mcnt:1388,801,800,0,0
mcnt:1389,801,800,0,0
mcnt:1390,801,800,0,0
mcnt:1391,801,800,0,0
mcnt:1392,801,800,0,0
mcnt:1393,801,800,0,0
mcnt:1394,801,800,0,0
mcnt:1395,801,800,0,0
mcnt:1396,801,800,0,0
mcnt:1397,801,800,0,0
mcnt:1398,801,800,0,0
mcnt:1399,801,800,0,0
mcnt:1400,801,800,0,0
mcnt:1401,801,800,0,0
mcnt:1402,801,800,0,0
mcnt:1403,801,800,0,0
mcnt:1404,801,800,0,0
mcnt:1405,801,800,0,0
mcnt:1406,801,800,0,0
mcnt:1407,801,800,0,0
mcnt:1408,801,800,0,0
mcnt:1409,801,800,0,0
mcnt:1410,801,800,0,0
mcnt:1411,801,800,0,0
mcnt:1412,801,800,0,0
mcnt:1413,801,800,0,0
mcnt:1414,801,800,0,0
mcnt:1415,801,800,0,0
mcnt:1416,801,800,0,0
mcnt:1417,801,800,0,0
mcnt:1418,801,800,0,0
mcnt:1419,801,800,0,0
mcnt:1420,801,800,0,0
mcnt:1421,801,800,0,0
mcnt:1422,801,800,0,0
mcnt:1423,801,800,0,0
mcnt:1424,801,800,0,0
mcnt:1425,801,800,0,0
mcnt:1426,801,800,0,0
mcnt:1427,801,800,0,0
mcnt:1428,801,800,0,0
mcnt:1429,801,800,0,0
mcnt:1430,801,800,0,0
mcnt:1431,801,800,0,0
mcnt:1432,801,800,0,0
mcnt:1433,801,800,0,0
mcnt:1434,801,800,0,0
mcnt:1435,801,800,0,0
mcnt:1436,801,800,0,0
mcnt:1437,801,800,0,0
mcnt:1438,801,800,0,0
mcnt:1439,801,800,0,0
mcnt:1440,801,800,0,0
mcnt:1441,801,800,0,0
mcnt:1442,801,800,0,0
mcnt:1443,801,800,0,0
mcnt:1444,801,800,0,0
mcnt:1445,801,800,0,0
mcnt:1446,801,800,0,0
mcnt:1447,801,800,0,0
mcnt:1448,801,800,0,0
mcnt:1449,801,800,0,0
mcnt:1450,801,800,0,0
mcnt:1451,801,800,0,0
mcnt:1452,801,800,0,0
mcnt:1453,801,800,0,0
mcnt:1454,801,800,0,0
mcnt:1455,801,800,0,0
mcnt:1456,801,800,0,0
mcnt:1457,801,800,0,0
mcnt:1458,801,800,0,0
mcnt:1459,801,800,0,0
mcnt:1460,801,800,0,0
mcnt:1461,801,800,0,0
mcnt:1462,801,800,0,0
mcnt:1463,801,800,0,0
mcnt:1464,801,800,0,0
mcnt:1465,801,800,0,0
mcnt:1466,801,800,0,0
mcnt:1467,801,800,0,0
mcnt:1468,801,800,0,0
mcnt:1469,801,800,0,0
mcnt:1470,801,800,0,0
mcnt:1471,801,800,0,0
mcnt:1472,801,800,0,0
mcnt:1473,801,800,0,0
mcnt:1474,801,800,0,0
mcnt:1475,801,800,0,0
mcnt:1476,801,800,0,0
mcnt:1477,801,800,0,0
mcnt:1478,801,800,0,0
mcnt:1479,801,800,0,0
mcnt:1480,801,800,0,0
mcnt:1481,801,800,0,0
mcnt:1482,801,800,0,0
mcnt:1483,801,800,0,0
mcnt:1484,801,800,0,0
mcnt:1485,801,800,0,0
mcnt:1486,801,800,0,0
mcnt:1487,801,800,0,0
mcnt:1488,801,800,0,0
mcnt:1489,801,800,0,0
mcnt:1490,801,800,0,0
mcnt:1491,801,800,0,0
mcnt:1492,801,800,0,0
mcnt:1493,801,800,0,0
mcnt:1494,801,800,0,0
mcnt:1495,801,800,0,0
mcnt:1496,801,800,0,0
mcnt:1497,801,800,0,0
mcnt:1498,801,800,0,0
mcnt:1499,801,800,0,0
mcnt:1500,801,800,0,0
mcnt:1501,801,800,0,0
mcnt:1502,801,800,0,0
mcnt:1503,801,800,0,0
mcnt:1504,801,800,0,0
mcnt:1505,801,800,0,0
mcnt:1506,801,800,0,0
mcnt:1507,801,800,0,0
mcnt:1508,801,800,0,0
mcnt:1509,801,800,0,0
mcnt:1510,801,800,0,0
mcnt:1511,801,800,0,0
mcnt:1512,801,800,0,0
mcnt:1513,801,800,0,0
mcnt:1514,801,800,0,0
mcnt:1515,801,800,0,0
mcnt:1516,801,800,0,0
mcnt:1517,801,800,0,0
mcnt:1518,801,800,0,0
mcnt:1519,801,800,0,0
mcnt:1520,801,800,0,0
mcnt:1521,801,800,0,0
mcnt:1522,801,800,0,0
mcnt:1523,801,800,0,0
mcnt:1524,801,800,0,0
mcnt:1525,801,800,0,0
mcnt:1526,801,800,0,0
mcnt:1527,801,800,0,0
mcnt:1528,801,800,0,0
mcnt:1529,801,800,0,0
mcnt:1530,801,800,0,0
mcnt:1531,801,800,0,0
mcnt:1532,801,800,0,0
mcnt:1533,801,800,0,0
mcnt:1534,801,800,0,0
mcnt:1535,801,800,0,0
mcnt:1536,801,800,0,0
mcnt:1537,801,800,0,0
mcnt:1538,801,800,0,0
mcnt:1539,801,800,0,0
mcnt:1540,801,800,0,0
mcnt:1541,801,800,0,0
mcnt:1542,801,800,0,0
mcnt:1543,801,800,0,0
mcnt:1544,801,800,0,0
mcnt:1545,801,800,0,0
mcnt:1546,801,800,0,0
mcnt:1547,801,800,0,0
mcnt:1548,801,800,0,0
mcnt:1549,801,800,0,0
mcnt:1550,801,800,0,0
mcnt:1551,801,800,0,0
mcnt:1552,801,800,0,0
mcnt:1553,801,800,0,0
mcnt:1554,801,800,0,0
mcnt:1555,801,800,0,0
mcnt:1556,801,800,0,0
mcnt:1557,801,800,0,0
mcnt:1558,801,800,0,0
mcnt:1559,801,800,0,0
mcnt:1560,801,800,0,0
mcnt:1561,801,800,0,0
mcnt:1562,801,800,0,0
mcnt:1563,801,800,0,0
mcnt:1564,801,800,0,0
mcnt:1565,801,800,0,0
mcnt:1566,801,800,0,0
mcnt:1567,801,800,0,0
mcnt:1568,801,800,0,0
mcnt:1569,801,800,0,0
mcnt:1570,801,800,0,0
mcnt:1571,801,800,0,0
mcnt:1572,801,800,0,0
mcnt:1573,801,800,0,0
mcnt:1574,801,800,0,0
mcnt:1575,801,800,0,0
mcnt:1576,801,800,0,0
mcnt:1577,801,800,0,0
mcnt:1578,801,800,0,0
mcnt:1579,801,800,0,0
mcnt:1580,801,800,0,0
mcnt:1581,801,800,0,0
mcnt:1582,801,800,0,0
mcnt:1583,801,800,0,0
mcnt:1584,801,800,0,0
mcnt:1585,801,800,0,0
mcnt:1586,801,800,0,0
mcnt:1587,801,800,0,0
mcnt:1588,801,800,0,0
mcnt:1589,801,800,0,0
mcnt:1590,801,800,0,0
mcnt:1591,801,800,0,0
mcnt:1592,801,800,0,0
mcnt:1593,801,800,0,0
mcnt:1594,801,800,0,0
mcnt:1595,801,800,0,0
mcnt:1596,801,800,0,0
mcnt:1597,801,800,0,0
mcnt:1598,801,800,0,0
mcnt:1599,801,800,0,0
mcnt:1600,801,800,0,0
mcnt:1601,801,800,0,0
mcnt:1602,801,800,0,0
mcnt:1603,801,800,0,0
mcnt:1604,801,800,0,0
mcnt:1605,801,800,0,0
mcnt:1606,801,800,0,0
mcnt:1607,801,800,0,0
mcnt:1608,801,800,0,0
mcnt:1609,801,800,0,0
mcnt:1610,801,800,0,0
mcnt:1611,801,800,0,0
mcnt:1612,801,800,0,0
mcnt:1613,801,800,0,0
mcnt:1614,801,800,0,0
mcnt:1615,801,800,0,0
mcnt:1616,801,800,0,0
mcnt:1617,801,800,0,0
mcnt:1618,801,800,0,0
mcnt:1619,801,800,0,0
mcnt:1620,801,800,0,0
mcnt:1621,801,800,0,0
mcnt:1622,801,800,0,0
mcnt:1623,801,800,0,0
mcnt:1624,801,800,0,0
mcnt:1625,801,800,0,0
mcnt:1626,801,800,0,0
mcnt:1627,801,800,0,0
mcnt:1628,801,800,0,0
mcnt:1629,801,800,0,0
mcnt:1630,801,800,0,0
mcnt:1631,801,800,0,0
mcnt:1632,801,800,0,0
mcnt:1633,801,800,0,0
mcnt:1634,801,800,0,0
mcnt:1635,801,800,0,0
mcnt:1636,801,800,0,0
mcnt:1637,801,800,0,0
mcnt:1638,801,800,0,0
mcnt:1639,801,800,0,0
mcnt:1640,801,800,0,0
mcnt:1641,801,800,0,0
mcnt:1642,801,800,0,0
mcnt:1643,801,800,0,0
mcnt:1644,801,800,0,0
mcnt:1645,801,800,0,0
mcnt:1646,801,800,0,0
mcnt:1647,801,800,0,0
mcnt:1648,801,800,0,0
mcnt:1649,801,800,0,0
mcnt:1650,801,800,0,0
mcnt:1651,801,800,0,0
mcnt:1652,801,800,0,0
mcnt:1653,801,800,0,0
mcnt:1654,801,800,0,0
mcnt:1655,801,800,0,0
mcnt:1656,801,800,0,0
mcnt:1657,801,800,0,0
mcnt:1658,801,800,0,0
mcnt:1659,801,800,0,0
mcnt:1660,801,800,0,0
mcnt:1661,801,800,0,0
mcnt:1662,801,800,0,0
mcnt:1663,801,800,0,0
mcnt:1664,801,800,0,0
mcnt:1665,801,800,0,0
mcnt:1666,801,800,0,0
mcnt:1667,801,800,0,0
mcnt:1668,801,800,0,0
mcnt:1669,801,800,0,0
mcnt:1670,801,800,0,0
mcnt:1671,801,800,0,0
mcnt:1672,801,800,0,0
mcnt:1673,801,800,0,0
mcnt:1674,801,800,0,0
mcnt:1675,801,800,0,0
mcnt:1676,801,800,0,0
mcnt:1677,801,800,0,0
mcnt:1678,801,800,0,0
mcnt:1679,801,800,0,0
mcnt:1680,801,800,0,0
mcnt:1681,801,800,0,0
mcnt:1682,801,800,0,0
mcnt:1683,801,800,0,0
mcnt:1684,801,800,0,0
mcnt:1685,801,800,0,0
mcnt:1686,801,800,0,0
mcnt:1687,801,800,0,0
mcnt:1688,801,800,0,0
mcnt:1689,801,800,0,0
mcnt:1690,801,800,0,0
mcnt:1691,801,800,0,0
mcnt:1692,801,800,0,0
mcnt:1693,801,800,0,0
mcnt:1694,801,800,0,0
mcnt:1695,801,800,0,0
mcnt:1696,801,800,0,0
mcnt:1697,801,800,0,0
mcnt:1698,801,800,0,0
mcnt:1699,801,800,0,0
mcnt:1700,801,800,0,0
mcnt:1701,801,800,0,0
mcnt:1702,801,800,0,0
mcnt:1703,801,800,0,0
mcnt:1704,801,800,0,0
mcnt:1705,801,800,0,0
mcnt:1706,801,800,0,0
mcnt:1707,801,800,0,0
mcnt:1708,801,800,0,0
mcnt:1709,801,800,0,0
mcnt:1710,801,800,0,0
mcnt:1711,801,800,0,0
mcnt:1712,801,800,0,0
mcnt:1713,801,800,0,0
mcnt:1714,801,800,0,0
mcnt:1715,801,800,0,0
mcnt:1716,801,800,0,0
mcnt:1717,801,800,0,0
mcnt:1718,801,800,0,0
mcnt:1719,801,800,0,0
mcnt:1720,801,800,0,0
mcnt:1721,801,800,0,0
mcnt:1722,801,800,0,0
mcnt:1723,801,800,0,0
mcnt:1724,801,800,0,0
mcnt:1725,801,800,0,0
mcnt:1726,801,800,0,0
mcnt:1727,801,800,0,0
mcnt:1728,801,800,0,0
mcnt:1729,801,800,0,0
mcnt:1730,801,800,0,0
mcnt:1731,801,800,0,0
mcnt:1732,801,800,0,0
mcnt:1733,801,800,0,0
mcnt:1734,801,800,0,0
mcnt:1735,801,800,0,0
mcnt:1736,801,800,0,0
mcnt:1737,801,800,0,0
mcnt:1738,801,800,0,0
mcnt:1739,801,800,0,0
mcnt:1740,801,800,0,0
mcnt:1741,801,800,0,0
mcnt:1742,801,800,0,0
mcnt:1743,801,800,0,0
mcnt:1744,801,800,0,0
mcnt:1745,801,800,0,0
mcnt:1746,801,800,0,0
mcnt:1747,801,800,0,0
mcnt:1748,801,800,0,0
mcnt:1749,801,800,0,0
mcnt:1750,801,800,0,0
mcnt:1751,801,800,0,0
mcnt:1752,801,800,0,0
mcnt:1753,801,800,0,0
mcnt:1754,801,800,0,0
mcnt:1755,801,800,0,0
mcnt:1756,801,800,0,0
mcnt:1757,801,800,0,0
mcnt:1758,801,800,0,0
mcnt:1759,801,800,0,0
mcnt:1760,801,800,0,0
mcnt:1761,801,800,0,0
mcnt:1762,801,800,0,0
mcnt:1763,801,800,0,0
mcnt:1764,801,800,0,0
mcnt:1765,801,800,0,0
mcnt:1766,801,800,0,0
mcnt:1767,801,800,0,0
mcnt:1768,801,800,0,0
mcnt:1769,801,800,0,0
mcnt:1770,801,800,0,0
mcnt:1771,801,800,0,0
mcnt:1772,801,800,0,0
mcnt:1773,801,800,0,0
mcnt:1774,801,800,0,0
mcnt:1775,801,800,0,0
mcnt:1776,801,800,0,0
mcnt:1777,801,800,0,0
mcnt:1778,801,800,0,0
mcnt:1779,801,800,0,0
mcnt:1780,801,800,0,0
mcnt:1781,801,800,0,0
mcnt:1782,801,800,0,0
mcnt:1783,801,799,0,0
mcnt:1784,801,799,0,0
mcnt:1785,801,799,0,0
mcnt:1786,801,799,0,0
mcnt:1787,801,799,0,0
mcnt:1788,801,799,0,0
mcnt:1789,801,799,0,0
mcnt:1790,801,799,0,0
mcnt:1791,801,799,0,0
mcnt:1792,801,799,0,0
mcnt:1793,801,799,0,0
mcnt:1794,801,799,0,0
mcnt:1795,801,799,0,0
mcnt:1796,801,799,0,0
mcnt:1797,801,799,0,0
mcnt:1798,801,799,0,0
mcnt:1799,801,799,0,0
mcnt:1800,801,799,0,0
mcnt:1801,801,799,0,0
mcnt:1802,801,799,0,0
mcnt:1803,801,799,0,0
mcnt:1804,801,799,0,0
mcnt:1805,801,799,0,0
mcnt:1806,801,799,0,0
mcnt:1807,801,799,0,0
mcnt:1808,801,799,0,0
mcnt:1809,801,799,0,0
mcnt:1810,801,799,0,0
mcnt:1811,801,799,0,0
mcnt:1812,801,799,0,0
mcnt:1813,801,799,0,0
mcnt:1814,801,799,0,0
mcnt:1815,801,799,0,0
mcnt:1816,801,799,0,0
mcnt:1817,801,799,0,0
mcnt:1818,801,799,0,0
mcnt:1819,801,799,0,0
mcnt:1820,801,799,0,0
mcnt:1821,801,799,0,0
mcnt:1822,801,799,0,0
mcnt:1823,801,799,0,0
mcnt:1824,801,799,0,0
mcnt:1825,801,799,0,0
mcnt:1826,801,799,0,0
mcnt:1827,801,799,0,0
mcnt:1828,801,799,0,0
mcnt:1829,801,799,0,0
mcnt:1830,801,799,0,0
mcnt:1831,801,799,0,0
mcnt:1832,801,799,0,0
mcnt:1833,801,799,0,0
mcnt:1834,801,799,0,0
mcnt:1835,801,799,0,0
mcnt:1836,801,799,0,0
mcnt:1837,801,799,0,0
mcnt:1838,801,799,0,0
mcnt:1839,801,799,0,0
mcnt:1840,801,799,0,0
mcnt:1841,801,799,0,0
mcnt:1842,801,799,0,0
mcnt:1843,801,799,0,0
mcnt:1844,801,799,0,0
mcnt:1845,801,799,0,0
mcnt:1846,801,799,0,0
mcnt:1847,801,799,0,0
mcnt:1848,801,799,0,0
mcnt:1849,801,799,0,0
mcnt:1850,801,799,0,0
mcnt:1851,801,799,0,0
mcnt:1852,801,799,0,0
mcnt:1853,801,799,0,0
mcnt:1854,801,799,0,0
mcnt:1855,801,799,0,0
mcnt:1856,801,799,0,0
mcnt:1857,801,799,0,0
mcnt:1858,801,799,0,0
mcnt:1859,801,799,0,0
mcnt:1860,801,800,0,0
mcnt:1861,801,799,0,0
mcnt:1862,801,800,0,0
mcnt:1863,801,800,0,0
mcnt:1864,801,800,0,0
mcnt:1865,801,800,0,0
mcnt:1866,801,800,0,0
mcnt:1867,801,800,0,0
mcnt:1868,801,800,0,0
mcnt:1869,801,800,0,0
mcnt:1870,801,800,0,0
mcnt:1871,801,800,0,0
mcnt:1872,801,800,0,0
mcnt:1873,801,800,0,0
mcnt:1874,801,800,0,0
mcnt:1875,801,800,0,0
mcnt:1876,801,800,0,0
mcnt:1877,801,800,0,0
mcnt:1878,801,800,0,0
mcnt:1879,801,800,0,0
mcnt:1880,801,800,0,0
mcnt:1881,801,800,0,0
mcnt:1882,801,800,0,0
mcnt:1883,801,800,0,0
mcnt:1884,801,800,0,0
mcnt:1885,801,800,0,0
mcnt:1886,801,800,0,0
mcnt:1887,801,800,0,0
mcnt:1888,801,800,0,0
mcnt:1889,801,800,0,0
mcnt:1890,801,800,0,0
mcnt:1891,801,800,0,0
mcnt:1892,801,800,0,0
mcnt:1893,801,800,0,0
mcnt:1894,801,800,0,0
mcnt:1895,801,800,0,0
mcnt:1896,801,800,0,0
mcnt:1897,801,800,0,0
mcnt:1898,801,800,0,0
mcnt:1899,801,800,0,0
mcnt:1900,801,800,0,0
mcnt:1901,801,800,0,0
mcnt:1902,801,800,0,0
mcnt:1903,801,800,0,0
mcnt:1904,801,800,0,0
mcnt:1905,801,800,0,0
mcnt:1906,801,800,0,0
mcnt:1907,801,800,0,0
mcnt:1908,801,800,0,0
mcnt:1909,801,800,0,0
mcnt:1910,801,800,0,0
mcnt:1911,801,800,0,0
mcnt:1912,801,800,0,0
mcnt:1913,801,800,0,0
mcnt:1914,801,800,0,0
mcnt:1915,801,800,0,0
mcnt:1916,801,800,0,0
mcnt:1917,801,800,0,0
mcnt:1918,801,800,0,0
mcnt:1919,801,800,0,0
mcnt:1920,801,800,0,0
mcnt:1921,801,800,0,0
mcnt:1922,801,800,0,0
mcnt:1923,801,800,0,0
mcnt:1924,801,800,0,0
mcnt:1925,801,800,0,0
mcnt:1926,801,800,0,0
mcnt:1927,801,800,0,0
mcnt:1928,801,800,0,0
mcnt:1929,801,800,0,0
mcnt:1930,801,800,0,0
mcnt:1931,801,800,0,0
mcnt:1932,801,800,0,0
mcnt:1933,801,800,0,0
mcnt:1934,801,800,0,0
mcnt:1935,801,800,0,0
mcnt:1936,801,800,0,0
mcnt:1937,801,800,0,0
mcnt:1938,801,800,0,0
mcnt:1939,801,800,0,0
mcnt:1940,801,800,0,0
mcnt:1941,801,800,0,0
mcnt:1942,801,800,0,0
mcnt:1943,801,800,0,0
mcnt:1944,801,800,0,0
mcnt:1945,801,800,0,0
mcnt:1946,801,800,0,0
mcnt:1947,801,800,0,0
mcnt:1948,801,800,0,0
mcnt:1949,801,800,0,0
mcnt:1950,801,800,0,0
mcnt:1951,801,800,0,0
mcnt:1952,801,800,0,0
mcnt:1953,801,800,0,0
mcnt:1954,801,800,0,0
mcnt:1955,801,800,0,0
mcnt:1956,801,800,0,0
mcnt:1957,801,800,0,0
mcnt:1958,801,800,0,0
mcnt:1959,801,800,0,0
mcnt:1960,801,800,0,0
mcnt:1961,801,800,0,0
mcnt:1962,801,800,0,0
mcnt:1963,801,800,0,0
mcnt:1964,801,800,0,0
mcnt:1965,801,800,0,0
mcnt:1966,801,800,0,0
mcnt:1967,801,800,0,0
mcnt:1968,801,800,0,0
mcnt:1969,801,800,0,0
mcnt:1970,801,800,0,0
mcnt:1971,801,800,0,0
mcnt:1972,801,800,0,0
mcnt:1973,801,800,0,0
mcnt:1974,801,800,0,0
mcnt:1975,801,800,0,0
mcnt:1976,801,800,0,0
mcnt:1977,801,800,0,0
mcnt:1978,801,800,0,0
mcnt:1979,801,800,0,0
mcnt:1980,801,800,0,0
mcnt:1981,801,800,0,0
mcnt:1982,801,800,0,0
mcnt:1983,801,800,0,0
mcnt:1984,801,800,0,0
mcnt:1985,801,800,0,0
mcnt:1986,801,800,0,0
mcnt:1987,801,800,0,0
mcnt:1988,801,800,0,0
mcnt:1989,801,800,0,0
mcnt:1990,801,800,0,0
mcnt:1991,801,800,0,0
mcnt:1992,801,800,0,0
mcnt:1993,801,800,0,0
mcnt:1994,801,800,0,0
mcnt:1995,801,800,0,0
mcnt:1996,801,800,0,0
mcnt:1997,801,800,0,0
mcnt:1998,801,800,0,0
mcnt:1999,801,800,0,0
mcnt:2000,801,800,0,0
mcnt:2001,801,800,0,0
mcnt:2002,801,800,0,0
mcnt:2003,801,800,0,0
mcnt:2004,801,800,0,0
mcnt:2005,801,800,0,0
mcnt:2006,801,800,0,0
mcnt:2007,801,800,0,0
mcnt:2008,801,800,0,0
mcnt:2009,801,800,0,0
mcnt:2010,801,800,0,0
mcnt:2011,801,800,0,0
mcnt:2012,801,800,0,0
mcnt:2013,801,800,0,0
mcnt:2014,801,800,0,0
mcnt:2015,801,800,0,0
mcnt:2016,801,800,0,0
mcnt:2017,801,800,0,0
mcnt:2018,801,800,0,0
mcnt:2019,801,800,0,0
mcnt:2020,801,800,0,0
mcnt:2021,801,800,0,0
mcnt:2022,801,800,0,0
mcnt:2023,801,800,0,0
mcnt:2024,801,800,0,0
mcnt:2025,801,799,0,0
mcnt:2026,801,799,0,0
mcnt:2027,801,799,0,0
mcnt:2028,801,799,0,0
mcnt:2029,801,799,0,0
mcnt:2030,801,799,0,0
mcnt:2031,801,799,0,0
mcnt:2032,801,799,0,0
mcnt:2033,801,799,0,0
mcnt:2034,801,799,0,0
mcnt:2035,801,799,0,0
mcnt:2036,801,799,0,0
mcnt:2037,801,799,0,0
mcnt:2038,801,799,0,0
mcnt:2039,801,799,0,0
mcnt:2040,801,799,0,0
mcnt:2041,801,799,0,0
mcnt:2042,801,799,0,0
mcnt:2043,801,799,0,0
mcnt:2044,801,799,0,0
mcnt:2045,801,799,0,0
mcnt:2046,801,799,0,0
mcnt:2047,801,799,0,0
mcnt:2048,801,799,0,0
mcnt:2049,801,799,0,0
mcnt:2050,801,799,0,0
mcnt:2051,801,799,0,0
mcnt:2052,801,799,0,0
mcnt:2053,801,799,0,0
mcnt:2054,801,799,0,0
mcnt:2055,801,799,0,0
mcnt:2056,801,799,0,0
mcnt:2057,801,799,0,0
mcnt:2058,801,799,0,0
mcnt:2059,801,799,0,0
mcnt:2060,801,799,0,0
mcnt:2061,801,799,0,0
mcnt:2062,801,799,0,0
mcnt:2063,801,799,0,0
mcnt:2064,801,799,0,0
mcnt:2065,801,799,0,0
mcnt:2066,801,799,0,0
mcnt:2067,801,799,0,0
mcnt:2068,801,799,0,0
mcnt:2069,801,799,0,0
mcnt:2070,801,799,0,0
mcnt:2071,801,799,0,0
mcnt:2072,801,799,0,0
mcnt:2073,801,799,0,0
mcnt:2074,801,799,0,0
mcnt:2075,801,799,0,0
mcnt:2076,801,799,0,0
mcnt:2077,801,799,0,0
mcnt:2078,801,799,0,0
mcnt:2079,801,799,0,0
mcnt:2080,801,799,0,0
mcnt:2081,801,799,0,0
mcnt:2082,801,799,0,0
mcnt:2083,801,799,0,0
mcnt:2084,801,799,0,0
mcnt:2085,801,799,0,0
mcnt:2086,801,799,0,0
mcnt:2087,801,799,0,0
mcnt:2088,801,799,0,0
mcnt:2089,801,799,0,0
mcnt:2090,801,799,0,0
mcnt:2091,801,799,0,0
mcnt:2092,801,799,0,0
mcnt:2093,801,799,0,0
mcnt:2094,801,799,0,0
mcnt:2095,801,799,0,0
mcnt:2096,801,799,0,0
mcnt:2097,801,799,0,0
mcnt:2098,801,799,0,0
mcnt:2099,801,799,0,0
mcnt:2100,801,799,0,0
mcnt:2101,801,799,0,0
mcnt:2102,801,799,0,0
mcnt:2103,801,799,0,0
mcnt:2104,801,799,0,0
mcnt:2105,801,799,0,0
mcnt:2106,801,799,0,0
mcnt:2107,801,799,0,0
mcnt:2108,801,799,0,0
mcnt:2109,801,799,0,0
mcnt:2110,801,799,0,0
mcnt:2111,801,799,0,0
mcnt:2112,801,799,0,0
mcnt:2113,801,799,0,0
mcnt:2114,801,799,0,0
mcnt:2115,801,799,0,0
mcnt:2116,801,799,0,0
mcnt:2117,801,799,0,0
mcnt:2118,801,799,0,0
mcnt:2119,801,799,0,0
mcnt:2120,801,799,0,0
mcnt:2121,801,799,0,0
mcnt:2122,801,799,0,0
mcnt:2123,801,799,0,0
mcnt:2124,801,799,0,0
mcnt:2125,801,799,0,0
mcnt:2126,801,799,0,0
mcnt:2127,801,799,0,0
mcnt:2128,801,799,0,0
mcnt:2129,801,799,0,0
mcnt:2130,801,799,0,0
mcnt:2131,801,799,0,0
mcnt:2132,801,799,0,0
mcnt:2133,801,799,0,0
mcnt:2134,801,799,0,0
mcnt:2135,801,799,0,0
mcnt:2136,801,799,0,0
mcnt:2137,804,802,0,0
mcnt:2138,810,809,0,0
mcnt:2139,817,816,0,0
mcnt:2140,828,828,0,0
mcnt:2141,841,840,0,0
mcnt:2142,851,851,0,0
mcnt:2143,861,860,0,0
mcnt:2144,871,870,0,0
mcnt:2145,882,881,0,0
mcnt:2146,890,889,0,0
mcnt:2147,898,897,0,0
mcnt:2148,906,905,0,0
mcnt:2149,908,906,0,0
mcnt:2150,908,906,0,0
mcnt:2151,908,906,0,0
mcnt:2152,908,906,0,0
mcnt:2153,908,907,0,0
mcnt:2154,908,907,0,0
mcnt:2155,915,914,0,0
mcnt:2156,918,916,0,0
mcnt:2157,919,917,0,0
mcnt:2158,919,917,0,0
mcnt:2159,919,917,0,0
mcnt:2160,919,917,0,0
mcnt:2161,919,917,0,0
mcnt:2162,919,917,0,0
mcnt:2163,919,917,0,0
mcnt:2164,919,917,0,0
mcnt:2165,919,917,0,0
mcnt:2166,919,917,0,0
mcnt:2167,919,917,0,0
mcnt:2168,919,917,0,0
mcnt:2169,919,917,0,0
mcnt:2170,919,917,0,0
mcnt:2171,919,917,0,0
mcnt:2172,919,917,0,0
mcnt:2173,919,917,0,0
mcnt:2174,919,917,0,0
mcnt:2175,919,917,0,0
mcnt:2176,919,917,0,0
mcnt:2177,919,917,0,0
mcnt:2178,919,918,0,0
mcnt:2179,919,918,0,0
mcnt:2180,919,918,0,0
mcnt:2181,919,918,0,0
mcnt:2182,919,917,0,0
mcnt:2183,919,918,0,0
mcnt:2184,920,918,0,0
mcnt:2185,920,919,0,0
mcnt:2186,921,920,0,0
mcnt:2187,924,923,0,0
mcnt:2188,928,927,0,0
mcnt:2189,930,929,0,0
mcnt:2190,931,930,0,0
mcnt:2191,931,930,0,0
mcnt:2192,931,930,0,0
mcnt:2193,931,930,0,0
mcnt:2194,931,930,0,0
mcnt:2195,931,930,0,0
mcnt:2196,931,930,0,0
mcnt:2197,931,930,0,0
mcnt:2198,931,930,0,0
mcnt:2199,931,930,0,0
mcnt:2200,931,930,0,0
mcnt:2201,931,930,0,0
mcnt:2202,931,930,0,0
mcnt:2203,931,930,0,0
mcnt:2204,931,930,0,0
mcnt:2205,931,930,0,0
mcnt:2206,931,930,0,0
mcnt:2207,931,930,0,0
mcnt:2208,931,930,0,0
mcnt:2209,931,930,0,0
mcnt:2210,931,930,0,0
mcnt:2211,931,930,0,0
mcnt:2212,931,930,0,0
mcnt:2213,931,930,0,0
mcnt:2214,931,930,0,0
mcnt:2215,931,930,0,0
mcnt:2216,931,930,0,0
mcnt:2217,931,930,0,0
mcnt:2218,931,930,0,0
mcnt:2219,931,930,0,0
mcnt:2220,931,930,0,0
mcnt:2221,931,930,0,0
mcnt:2222,931,930,0,0
mcnt:2223,931,930,0,0
mcnt:2224,931,930,0,0
mcnt:2225,931,930,0,0
mcnt:2226,931,930,0,0
mcnt:2227,931,930,0,0
mcnt:2228,931,930,0,0
mcnt:2229,931,930,0,0
mcnt:2230,931,930,0,0
mcnt:2231,931,930,0,0
mcnt:2232,931,930,0,0
mcnt:2233,931,930,0,0
mcnt:2234,931,930,0,0
mcnt:2235,931,930,0,0
mcnt:2236,931,930,0,0
mcnt:2237,931,930,0,0
mcnt:2238,931,930,0,0
mcnt:2239,931,930,0,0
mcnt:2240,931,930,0,0
mcnt:2241,931,930,0,0
mcnt:2242,931,930,0,0
mcnt:2243,931,930,0,0
mcnt:2244,931,930,0,0
mcnt:2245,931,930,0,0
mcnt:2246,931,930,0,0
mcnt:2247,931,930,0,0
mcnt:2248,931,930,0,0
mcnt:2249,931,930,0,0
mcnt:2250,931,930,0,0
mcnt:2251,931,930,0,0
mcnt:2252,931,930,0,0
mcnt:2253,931,930,0,0
mcnt:2254,931,930,0,0
mcnt:2255,931,930,0,0
mcnt:2256,931,930,0,0
mcnt:2257,931,930,0,0
mcnt:2258,931,930,0,0
mcnt:2259,931,930,0,0
mcnt:2260,931,930,0,0
mcnt:2261,931,930,0,0
mcnt:2262,931,930,0,0
mcnt:2263,931,930,0,0
mcnt:2264,931,930,0,0
mcnt:2265,931,930,0,0
mcnt:2266,931,930,0,0
mcnt:2267,931,930,0,0
mcnt:2268,931,930,0,0
mcnt:2269,931,930,0,0
mcnt:2270,931,930,0,0
mcnt:2271,931,930,0,0
mcnt:2272,931,930,0,0
mcnt:2273,931,930,0,0
mcnt:2274,931,930,0,0
mcnt:2275,931,930,0,0
mcnt:2276,931,930,0,0
mcnt:2277,931,930,0,0
mcnt:2278,931,929,0,0
mcnt:2279,931,930,0,0
mcnt:2280,931,929,0,0
mcnt:2281,931,930,0,0
mcnt:2282,931,930,0,0
mcnt:2283,931,929,0,0
mcnt:2284,931,930,0,0
mcnt:2285,931,929,0,0
mcnt:2286,931,930,0,0
mcnt:2287,931,929,0,0
mcnt:2288,931,930,0,0
mcnt:2289,931,930,0,0
mcnt:2290,931,930,0,0
mcnt:2291,931,929,0,0
mcnt:2292,931,929,0,0
mcnt:2293,931,929,0,0
mcnt:2294,931,929,0,0
mcnt:2295,931,929,0,0
mcnt:2296,931,929,0,0
mcnt:2297,931,929,0,0
mcnt:2298,931,929,0,0
mcnt:2299,931,929,0,0
mcnt:2300,931,929,0,0
mcnt:2301,931,929,0,0
mcnt:2302,931,929,0,0
mcnt:2303,931,929,0,0
mcnt:2304,931,929,0,0
mcnt:2305,931,929,0,0
mcnt:2306,931,929,0,0
mcnt:2307,931,929,0,0
mcnt:2308,931,929,0,0
mcnt:2309,931,929,0,0
mcnt:2310,931,929,0,0
mcnt:2311,931,929,0,0
mcnt:2312,931,929,0,0
mcnt:2313,931,929,0,0
mcnt:2314,931,929,0,0
mcnt:2315,931,929,0,0
mcnt:2316,931,929,0,0
mcnt:2317,931,929,0,0
mcnt:2318,931,929,0,0
mcnt:2319,931,929,0,0
mcnt:2320,931,929,0,0
mcnt:2321,931,929,0,0
mcnt:2322,931,929,0,0
mcnt:2323,931,929,0,0
mcnt:2324,931,929,0,0
mcnt:2325,931,930,0,0
mcnt:2326,931,930,0,0
mcnt:2327,931,930,0,0
mcnt:2328,931,929,0,0
mcnt:2329,931,930,0,0
mcnt:2330,931,930,0,0
mcnt:2331,931,930,0,0
mcnt:2332,931,930,0,0
mcnt:2333,931,930,0,0
mcnt:2334,931,930,0,0
mcnt:2335,931,930,0,0
mcnt:2336,931,930,0,0
mcnt:2337,931,930,0,0
mcnt:2338,931,930,0,0
mcnt:2339,931,930,0,0
mcnt:2340,931,930,0,0
mcnt:2341,931,930,0,0
mcnt:2342,931,930,0,0
mcnt:2343,931,930,0,0
mcnt:2344,931,930,0,0
mcnt:2345,931,930,0,0
mcnt:2346,931,930,0,0
mcnt:2347,931,930,0,0
mcnt:2348,931,930,0,0
mcnt:2349,931,930,0,0
mcnt:2350,931,930,0,0
mcnt:2351,931,930,0,0
mcnt:2352,931,930,0,0
mcnt:2353,931,930,0,0
mcnt:2354,931,930,0,0
mcnt:2355,931,930,0,0
mcnt:2356,931,930,0,0
mcnt:2357,931,930,0,0
mcnt:2358,931,930,0,0
mcnt:2359,931,930,0,0
mcnt:2360,931,930,0,0
mcnt:2361,931,930,0,0
mcnt:2362,931,930,0,0
mcnt:2363,931,930,0,0
mcnt:2364,931,930,0,0
mcnt:2365,931,930,0,0
mcnt:2366,931,930,0,0
mcnt:2367,931,930,0,0
mcnt:2368,931,930,0,0
mcnt:2369,931,930,0,0
mcnt:2370,931,930,0,0
mcnt:2371,931,931,0,0
mcnt:2372,931,930,0,0
mcnt:2373,931,931,0,0
mcnt:2374,931,931,0,0
mcnt:2375,931,931,0,0
mcnt:2376,931,931,0,0
mcnt:2377,931,931,0,0
mcnt:2378,931,931,0,0
mcnt:2379,931,931,0,0
mcnt:2380,931,931,0,0
mcnt:2381,931,931,0,0
mcnt:2382,931,931,0,0
mcnt:2383,931,931,0,0
mcnt:2384,931,931,0,0
mcnt:2385,931,931,0,0
mcnt:2386,931,931,0,0
mcnt:2387,931,931,0,0
mcnt:2388,931,931,0,0
mcnt:2389,931,931,0,0
mcnt:2390,931,931,0,0
mcnt:2391,931,931,0,0
mcnt:2392,931,931,0,0
mcnt:2393,931,931,0,0
mcnt:2394,931,931,0,0
mcnt:2395,931,931,0,0
mcnt:2396,931,931,0,0
mcnt:2397,931,931,0,0
mcnt:2398,931,931,0,0
mcnt:2399,931,931,0,0
mcnt:2400,931,931,0,0
mcnt:2401,931,931,0,0
mcnt:2402,931,931,0,0
mcnt:2403,931,931,0,0
mcnt:2404,931,931,0,0
mcnt:2405,931,931,0,0
mcnt:2406,931,931,0,0
mcnt:2407,931,931,0,0
mcnt:2408,931,931,0,0
mcnt:2409,931,931,0,0
mcnt:2410,931,931,0,0
mcnt:2411,931,931,0,0
mcnt:2412,931,931,0,0
mcnt:2413,931,931,0,0
mcnt:2414,931,931,0,0
mcnt:2415,931,931,0,0
mcnt:2416,931,931,0,0
mcnt:2417,931,931,0,0
mcnt:2418,931,931,0,0
mcnt:2419,931,931,0,0
mcnt:2420,931,931,0,0
mcnt:2421,931,931,0,0
mcnt:2422,931,931,0,0
mcnt:2423,931,931,0,0
mcnt:2424,931,931,0,0
mcnt:2425,931,931,0,0
mcnt:2426,931,931,0,0
mcnt:2427,931,931,0,0
mcnt:2428,931,931,0,0
mcnt:2429,931,931,0,0
mcnt:2430,931,931,0,0
mcnt:2431,931,931,0,0
mcnt:2432,931,931,0,0
mcnt:2433,931,931,0,0
mcnt:2434,931,931,0,0
mcnt:2435,931,931,0,0
mcnt:2436,931,931,0,0
mcnt:2437,931,931,0,0
mcnt:2438,931,931,0,0
mcnt:2439,931,931,0,0
mcnt:2440,931,931,0,0
mcnt:2441,931,931,0,0
mcnt:2442,931,931,0,0
mcnt:2443,931,931,0,0
mcnt:2444,931,931,0,0
mcnt:2445,931,931,0,0
mcnt:2446,931,931,0,0
mcnt:2447,931,931,0,0
mcnt:2448,931,931,0,0
mcnt:2449,931,931,0,0
mcnt:2450,931,931,0,0
mcnt:2451,931,931,0,0
mcnt:2452,931,931,0,0
mcnt:2453,931,931,0,0
mcnt:2454,931,931,0,0
mcnt:2455,931,931,0,0
mcnt:2456,931,931,0,0
mcnt:2457,931,931,0,0
mcnt:2458,931,931,0,0
mcnt:2459,931,931,0,0
mcnt:2460,931,931,0,0
mcnt:2461,931,931,0,0
mcnt:2462,931,931,0,0
mcnt:2463,931,931,0,0
mcnt:2464,931,931,0,0
mcnt:2465,931,931,0,0
mcnt:2466,931,931,0,0
mcnt:2467,931,931,0,0
mcnt:2468,931,931,0,0
mcnt:2469,931,931,0,0
mcnt:2470,931,931,0,0
mcnt:2471,931,931,0,0
mcnt:2472,931,931,0,0
mcnt:2473,931,931,0,0
mcnt:2474,931,931,0,0
mcnt:2475,931,931,0,0
mcnt:2476,931,931,0,0
mcnt:2477,931,931,0,0
mcnt:2478,931,931,0,0
mcnt:2479,931,931,0,0
mcnt:2480,931,931,0,0
mcnt:2481,931,931,0,0
mcnt:2482,931,931,0,0
mcnt:2483,931,931,0,0
mcnt:2484,931,931,0,0
mcnt:2485,931,931,0,0
mcnt:2486,931,931,0,0
mcnt:2487,931,931,0,0
mcnt:2488,931,931,0,0
mcnt:2489,931,931,0,0
mcnt:2490,931,931,0,0
mcnt:2491,931,931,0,0
mcnt:2492,931,931,0,0
mcnt:2493,931,931,0,0
mcnt:2494,931,931,0,0
mcnt:2495,931,931,0,0
mcnt:2496,931,931,0,0
mcnt:2497,931,931,0,0
mcnt:2498,931,931,0,0
mcnt:2499,931,931,0,0
mcnt:2500,931,931,0,0
mcnt:2501,931,931,0,0
mcnt:2502,931,931,0,0
mcnt:2503,931,931,0,0
mcnt:2504,931,931,0,0
mcnt:2505,931,931,0,0
mcnt:2506,931,931,0,0
mcnt:2507,931,931,0,0
mcnt:2508,931,931,0,0
mcnt:2509,931,931,0,0
mcnt:2510,931,931,0,0
mcnt:2511,931,931,0,0
mcnt:2512,931,931,0,0
mcnt:2513,931,931,0,0
mcnt:2514,931,931,0,0
mcnt:2515,931,931,0,0
mcnt:2516,931,931,0,0
mcnt:2517,931,931,0,0
mcnt:2518,931,931,0,0
mcnt:2519,931,931,0,0
mcnt:2520,931,931,0,0
mcnt:2521,931,931,0,0
mcnt:2522,931,931,0,0
mcnt:2523,931,931,0,0
mcnt:2524,931,931,0,0
mcnt:2525,931,931,0,0
mcnt:2526,931,931,0,0
mcnt:2527,931,931,0,0
mcnt:2528,931,931,0,0
mcnt:2529,931,931,0,0
mcnt:2530,931,931,0,0
mcnt:2531,931,931,0,0
mcnt:2532,931,931,0,0
mcnt:2533,931,931,0,0
mcnt:2534,931,931,0,0
mcnt:2535,931,931,0,0
mcnt:2536,931,931,0,0
mcnt:2537,931,931,0,0
mcnt:2538,931,931,0,0
mcnt:2539,931,930,0,0
mcnt:2540,931,930,0,0
mcnt:2541,931,930,0,0
mcnt:2542,931,930,0,0
mcnt:2543,931,930,0,0
mcnt:2544,931,930,0,0
mcnt:2545,931,930,0,0
mcnt:2546,931,930,0,0
mcnt:2547,931,930,0,0
mcnt:2548,931,930,0,0
mcnt:2549,931,930,0,0
mcnt:2550,931,930,0,0
mcnt:2551,931,930,0,0
mcnt:2552,931,930,0,0
mcnt:2553,931,930,0,0
mcnt:2554,931,930,0,0
mcnt:2555,931,930,0,0
mcnt:2556,931,930,0,0
mcnt:2557,931,930,0,0
mcnt:2558,931,930,0,0
mcnt:2559,931,930,0,0
mcnt:2560,931,930,0,0
mcnt:2561,931,930,0,0
mcnt:2562,931,930,0,0
mcnt:2563,931,930,0,0
mcnt:2564,931,930,0,0
mcnt:2565,931,930,0,0
mcnt:2566,931,930,0,0
mcnt:2567,931,930,0,0
mcnt:2568,931,930,0,0
mcnt:2569,931,930,0,0
mcnt:2570,931,930,0,0
mcnt:2571,931,930,0,0
mcnt:2572,931,930,0,0
mcnt:2573,931,930,0,0
mcnt:2574,931,930,0,0
mcnt:2575,931,930,0,0
mcnt:2576,931,930,0,0
mcnt:2577,931,930,0,0
mcnt:2578,931,930,0,0
mcnt:2579,931,930,0,0
mcnt:2580,931,930,0,0
mcnt:2581,931,930,0,0
mcnt:2582,931,930,0,0
mcnt:2583,931,930,0,0
mcnt:2584,931,930,0,0
mcnt:2585,931,930,0,0
mcnt:2586,931,930,0,0
mcnt:2587,931,930,0,0
mcnt:2588,931,930,0,0
mcnt:2589,931,930,0,0
mcnt:2590,931,930,0,0
mcnt:2591,931,930,0,0
mcnt:2592,931,930,0,0
mcnt:2593,931,930,0,0
mcnt:2594,931,930,0,0
mcnt:2595,931,930,0,0
mcnt:2596,931,930,0,0
mcnt:2597,931,930,0,0
mcnt:2598,931,930,0,0
mcnt:2599,931,930,0,0
mcnt:2600,931,930,0,0
mcnt:2601,931,930,0,0
mcnt:2602,931,930,0,0
mcnt:2603,931,930,0,0
mcnt:2604,931,930,0,0
mcnt:2605,931,930,0,0
mcnt:2606,931,930,0,0
mcnt:2607,931,930,0,0
mcnt:2608,931,930,0,0
mcnt:2609,931,930,0,0
mcnt:2610,931,930,0,0
mcnt:2611,931,930,0,0
mcnt:2612,931,930,0,0
mcnt:2613,931,930,0,0
mcnt:2614,931,930,0,0
mcnt:2615,931,930,0,0
mcnt:2616,931,930,0,0
mcnt:2617,931,930,0,0
mcnt:2618,931,930,0,0
mcnt:2619,931,930,0,0
mcnt:2620,931,930,0,0
mcnt:2621,931,930,0,0
mcnt:2622,931,930,0,0
mcnt:2623,931,930,0,0
mcnt:2624,931,930,0,0
mcnt:2625,931,930,0,0
mcnt:2626,931,930,0,0
mcnt:2627,931,930,0,0
mcnt:2628,931,930,0,0
mcnt:2629,931,930,0,0
mcnt:2630,931,930,0,0
mcnt:2631,931,930,0,0
mcnt:2632,931,930,0,0
mcnt:2633,931,930,0,0
mcnt:2634,931,930,0,0
mcnt:2635,931,930,0,0
mcnt:2636,931,930,0,0
mcnt:2637,931,930,0,0
mcnt:2638,931,930,0,0
mcnt:2639,931,929,0,0
mcnt:2640,931,929,0,0
mcnt:2641,931,930,0,0
mcnt:2642,931,930,0,0
mcnt:2643,931,929,0,0
mcnt:2644,931,930,0,0
mcnt:2645,931,929,0,0
mcnt:2646,931,929,0,0
mcnt:2647,931,929,0,0
mcnt:2648,931,930,0,0
mcnt:2649,931,929,0,0
mcnt:2650,931,930,0,0
mcnt:2651,931,930,0,0
mcnt:2652,931,930,0,0
mcnt:2653,931,930,0,0
mcnt:2654,931,930,0,0
mcnt:2655,931,929,0,0
mcnt:2656,931,930,0,0
mcnt:2657,931,930,0,0
mcnt:2658,931,930,0,0
mcnt:2659,931,929,0,0
mcnt:2660,931,930,0,0
mcnt:2661,931,930,0,0
mcnt:2662,931,930,0,0
mcnt:2663,931,929,0,0
mcnt:2664,931,930,0,0
mcnt:2665,931,930,0,0
mcnt:2666,932,930,0,0
mcnt:2667,931,930,0,0
mcnt:2668,931,930,0,0
mcnt:2669,931,930,0,0
mcnt:2670,931,930,0,0
mcnt:2671,931,930,0,0
mcnt:2672,931,930,0,0
mcnt:2673,931,930,0,0
mcnt:2674,931,930,0,0
mcnt:2675,931,930,0,0
mcnt:2676,931,930,0,0
mcnt:2677,931,930,0,0
mcnt:2678,931,930,0,0
mcnt:2679,931,930,0,0
mcnt:2680,932,930,0,0
mcnt:2681,931,930,0,0
mcnt:2682,931,930,0,0
mcnt:2683,931,930,0,0
mcnt:2684,931,930,0,0
mcnt:2685,931,930,0,0
mcnt:2686,931,930,0,0
mcnt:2687,932,930,0,0
mcnt:2688,931,930,0,0
mcnt:2689,931,930,0,0
mcnt:2690,931,930,0,0
mcnt:2691,931,930,0,0
mcnt:2692,931,930,0,0
mcnt:2693,931,930,0,0
mcnt:2694,931,930,0,0
mcnt:2695,931,930,0,0
mcnt:2696,931,930,0,0
mcnt:2697,931,930,0,0
mcnt:2698,931,930,0,0
mcnt:2699,931,930,0,0
mcnt:2700,931,930,0,0
mcnt:2701,931,930,0,0
mcnt:2702,931,930,0,0
mcnt:2703,931,930,0,0
mcnt:2704,931,930,0,0
mcnt:2705,931,930,0,0
mcnt:2706,931,930,0,0
mcnt:2707,931,930,0,0
mcnt:2708,931,930,0,0
mcnt:2709,931,930,0,0
mcnt:2710,931,930,0,0
mcnt:2711,931,930,0,0
mcnt:2712,931,930,0,0
mcnt:2713,931,931,0,0
mcnt:2714,931,931,0,0
mcnt:2715,931,931,0,0
mcnt:2716,931,931,0,0
mcnt:2717,931,931,0,0
mcnt:2718,931,931,0,0
mcnt:2719,931,931,0,0
mcnt:2720,931,931,0,0
mcnt:2721,931,931,0,0
mcnt:2722,931,931,0,0
mcnt:2723,931,931,0,0
mcnt:2724,932,931,0,0
mcnt:2725,931,931,0,0
mcnt:2726,931,931,0,0
mcnt:2727,931,931,0,0
mcnt:2728,931,931,0,0
mcnt:2729,931,931,0,0
mcnt:2730,931,931,0,0
mcnt:2731,931,931,0,0
mcnt:2732,931,931,0,0
mcnt:2733,931,931,0,0
mcnt:2734,931,931,0,0
mcnt:2735,931,931,0,0
mcnt:2736,932,931,0,0
mcnt:2737,931,931,0,0
mcnt:2738,932,931,0,0
mcnt:2739,931,931,0,0
mcnt:2740,931,931,0,0
mcnt:2741,931,931,0,0
mcnt:2742,931,931,0,0
mcnt:2743,931,931,0,0
mcnt:2744,931,931,0,0
mcnt:2745,931,931,0,0
mcnt:2746,931,931,0,0
mcnt:2747,931,931,0,0
mcnt:2748,931,931,0,0
mcnt:2749,932,931,0,0
mcnt:2750,931,931,0,0
mcnt:2751,932,931,0,0
mcnt:2752,932,931,0,0
mcnt:2753,931,931,0,0
mcnt:2754,931,931,0,0
mcnt:2755,931,931,0,0
mcnt:2756,931,931,0,0
mcnt:2757,931,931,0,0
mcnt:2758,932,931,0,0
mcnt:2759,931,931,0,0
mcnt:2760,931,931,0,0
mcnt:2761,931,931,0,0
mcnt:2762,931,931,0,0
mcnt:2763,931,931,0,0
mcnt:2764,931,931,0,0
mcnt:2765,931,931,0,0
mcnt:2766,931,931,0,0
mcnt:2767,931,931,0,0
mcnt:2768,931,931,0,0
mcnt:2769,931,931,0,0
mcnt:2770,931,931,0,0
mcnt:2771,931,931,0,0
mcnt:2772,931,931,0,0
mcnt:2773,931,931,0,0
mcnt:2774,931,931,0,0
mcnt:2775,931,931,0,0
mcnt:2776,931,931,0,0
mcnt:2777,931,931,0,0
mcnt:2778,931,931,0,0
mcnt:2779,931,931,0,0
mcnt:2780,931,931,0,0
mcnt:2781,931,931,0,0
mcnt:2782,931,931,0,0
mcnt:2783,931,931,0,0
mcnt:2784,931,931,0,0
mcnt:2785,931,931,0,0
mcnt:2786,931,931,0,0
mcnt:2787,931,931,0,0
mcnt:2788,931,931,0,0
mcnt:2789,931,931,0,0
mcnt:2790,931,931,0,0
mcnt:2791,931,931,0,0
mcnt:2792,931,931,0,0
mcnt:2793,931,931,0,0
mcnt:2794,931,931,0,0
mcnt:2795,931,931,0,0
mcnt:2796,931,931,0,0
mcnt:2797,931,931,0,0
mcnt:2798,931,931,0,0
mcnt:2799,931,931,0,0
mcnt:2800,931,931,0,0
mcnt:2801,931,931,0,0
mcnt:2802,931,931,0,0
mcnt:2803,931,931,0,0
mcnt:2804,931,931,0,0
mcnt:2805,931,931,0,0
mcnt:2806,931,931,0,0
mcnt:2807,931,931,0,0
mcnt:2808,931,931,0,0
mcnt:2809,931,931,0,0
mcnt:2810,931,931,0,0
mcnt:2811,931,931,0,0
mcnt:2812,931,931,0,0
mcnt:2813,931,931,0,0
mcnt:2814,931,931,0,0
mcnt:2815,931,931,0,0
mcnt:2816,931,931,0,0
mcnt:2817,931,931,0,0
mcnt:2818,931,931,0,0
mcnt:2819,931,931,0,0
mcnt:2820,931,931,0,0
mcnt:2821,931,931,0,0
mcnt:2822,931,931,0,0
mcnt:2823,931,931,0,0
mcnt:2824,931,931,0,0
mcnt:2825,931,931,0,0
mcnt:2826,931,931,0,0
mcnt:2827,931,931,0,0
mcnt:2828,931,931,0,0
mcnt:2829,931,931,0,0
mcnt:2830,931,931,0,0
mcnt:2831,931,931,0,0
mcnt:2832,931,931,0,0
mcnt:2833,931,931,0,0
mcnt:2834,931,931,0,0
mcnt:2835,931,931,0,0
mcnt:2836,931,931,0,0
mcnt:2837,931,931,0,0
mcnt:2838,931,931,0,0
mcnt:2839,931,931,0,0
mcnt:2840,931,931,0,0
mcnt:2841,931,931,0,0
mcnt:2842,931,931,0,0
mcnt:2843,931,931,0,0
mcnt:2844,931,931,0,0
mcnt:2845,931,931,0,0
mcnt:2846,931,931,0,0
mcnt:2847,931,930,0,0
mcnt:2848,931,930,0,0
mcnt:2849,931,930,0,0
mcnt:2850,931,930,0,0
mcnt:2851,931,930,0,0
mcnt:2852,931,930,0,0
mcnt:2853,931,930,0,0
mcnt:2854,931,930,0,0
mcnt:2855,931,930,0,0
mcnt:2856,931,930,0,0
mcnt:2857,931,930,0,0
mcnt:2858,931,930,0,0
mcnt:2859,931,930,0,0
mcnt:2860,931,930,0,0
mcnt:2861,931,930,0,0
mcnt:2862,931,930,0,0
mcnt:2863,931,930,0,0
mcnt:2864,931,930,0,0
mcnt:2865,931,930,0,0
mcnt:2866,931,930,0,0
mcnt:2867,931,930,0,0
mcnt:2868,943,943,0,0
mcnt:2869,959,960,0,0
mcnt:2870,979,980,0,0
mcnt:2871,998,998,0,0
mcnt:2872,1004,1003,0,0
mcnt:2873,1005,1003,0,0
mcnt:2874,1005,1003,0,0
mcnt:2875,1005,1003,0,0
mcnt:2876,1005,1003,0,0
mcnt:2877,1005,1003,0,0
mcnt:2878,1005,1003,0,0
mcnt:2879,1005,1003,0,0
mcnt:2880,1005,1003,0,0
mcnt:2881,1005,1003,0,0
mcnt:2882,1005,1003,0,0
mcnt:2883,1005,1003,0,0
mcnt:2884,1005,1003,0,0
mcnt:2885,1005,1003,0,0
mcnt:2886,1005,1003,0,0
mcnt:2887,1005,1003,0,0
mcnt:2888,1005,1003,0,0
mcnt:2889,1005,1003,0,0
mcnt:2890,1005,1003,0,0
mcnt:2891,1005,1003,0,0
mcnt:2892,1005,1003,0,0
mcnt:2893,1005,1003,0,0
mcnt:2894,1005,1003,0,0
mcnt:2895,1005,1003,0,0
mcnt:2896,1005,1003,0,0
mcnt:2897,1005,1003,0,0
mcnt:2898,1005,1003,0,0
mcnt:2899,1005,1003,0,0
mcnt:2900,1005,1003,0,0
mcnt:2901,1005,1003,0,0
mcnt:2902,1005,1003,0,0
mcnt:2903,1005,1003,0,0
mcnt:2904,1005,1003,0,0
mcnt:2905,1005,1003,0,0
mcnt:2906,1005,1003,0,0
mcnt:2907,1005,1003,0,0
mcnt:2908,1005,1003,0,0
mcnt:2909,1005,1003,0,0
mcnt:2910,1005,1003,0,0
mcnt:2911,1005,1003,0,0
mcnt:2912,1005,1003,0,0
mcnt:2913,1005,1003,0,0
mcnt:2914,1005,1003,0,0
mcnt:2915,1005,1003,0,0
mcnt:2916,1005,1003,0,0
mcnt:2917,1005,1003,0,0
mcnt:2918,1005,1003,0,0
mcnt:2919,1005,1003,0,0
mcnt:2920,1005,1003,0,0
mcnt:2921,1005,1003,0,0
mcnt:2922,1005,1003,0,0
mcnt:2923,1005,1003,0,0
mcnt:2924,1005,1003,0,0
mcnt:2925,1005,1003,0,0
mcnt:2926,1005,1003,0,0
mcnt:2927,1005,1003,0,0
mcnt:2928,1005,1003,0,0
mcnt:2929,1005,1003,0,0
mcnt:2930,1005,1003,0,0
mcnt:2931,1005,1003,0,0
mcnt:2932,1005,1003,0,0
mcnt:2933,1005,1003,0,0
mcnt:2934,1005,1003,0,0
mcnt:2935,1005,1003,0,0
mcnt:2936,1005,1003,0,0
mcnt:2937,1005,1003,0,0
mcnt:2938,1005,1003,0,0
mcnt:2939,1005,1003,0,0
mcnt:2940,1005,1003,0,0
mcnt:2941,1005,1003,0,0
mcnt:2942,1005,1003,0,0
mcnt:2943,1005,1003,0,0
mcnt:2944,1005,1003,0,0
mcnt:2945,1005,1003,0,0
mcnt:2946,1005,1003,0,0
mcnt:2947,1005,1003,0,0
mcnt:2948,1005,1003,0,0
mcnt:2949,1005,1003,0,0
mcnt:2950,1005,1003,0,0
mcnt:2951,1005,1003,0,0
mcnt:2952,1005,1003,0,0
mcnt:2953,1005,1004,0,0
mcnt:2954,1005,1004,0,0
mcnt:2955,1005,1004,0,0
mcnt:2956,1005,1004,0,0
mcnt:2957,1005,1004,0,0
mcnt:2958,1005,1004,0,0
mcnt:2959,1005,1004,0,0
mcnt:2960,1005,1004,0,0
mcnt:2961,1005,1004,0,0
mcnt:2962,1005,1004,0,0
mcnt:2963,1005,1004,0,0
mcnt:2964,1005,1004,0,0
mcnt:2965,1005,1004,0,0
mcnt:2966,1005,1004,0,0
mcnt:2967,1005,1004,0,0
mcnt:2968,1005,1004,0,0
mcnt:2969,1005,1004,0,0
mcnt:2970,1005,1004,0,0
mcnt:2971,1005,1004,0,0
mcnt:2972,1005,1004,0,0
mcnt:2973,1005,1004,0,0
mcnt:2974,1005,1004,0,0
mcnt:2975,1005,1004,0,0
mcnt:2976,1005,1004,0,0
mcnt:2977,1005,1004,0,0
mcnt:2978,1005,1004,0,0
mcnt:2979,1005,1004,0,0
mcnt:2980,1005,1004,0,0
mcnt:2981,1005,1004,0,0
mcnt:2982,1005,1004,0,0
mcnt:2983,1005,1004,0,0
mcnt:2984,1005,1004,0,0
mcnt:2985,1005,1004,0,0
mcnt:2986,1005,1004,0,0
mcnt:2987,1005,1004,0,0
mcnt:2988,1005,1004,0,0
mcnt:2989,1005,1004,0,0
mcnt:2990,1005,1004,0,0
mcnt:2991,1005,1004,0,0
mcnt:2992,1005,1004,0,0
mcnt:2993,1005,1004,0,0
mcnt:2994,1005,1005,0,0
mcnt:2995,1005,1004,0,0
mcnt:2996,1005,1005,0,0
mcnt:2997,1005,1005,0,0
mcnt:2998,1005,1005,0,0
mcnt:2999,1005,1005,0,0
mcnt:3000,1005,1005,0,0
mcnt:3001,1005,1005,0,0
mcnt:3002,1005,1005,0,0
mcnt:3003,1005,1005,0,0
mcnt:3004,1005,1005,0,0
mcnt:3005,1005,1005,0,0
mcnt:3006,1005,1005,0,0
mcnt:3007,1005,1005,0,0
mcnt:3008,1005,1005,0,0
mcnt:3009,1005,1005,0,0
mcnt:3010,1005,1005,0,0
mcnt:3011,1005,1005,0,0
mcnt:3012,1005,1005,0,0
mcnt:3013,1005,1005,0,0
mcnt:3014,1005,1005,0,0
mcnt:3015,1005,1005,0,0
mcnt:3016,1005,1005,0,0
mcnt:3017,1005,1005,0,0
mcnt:3018,1005,1005,0,0
mcnt:3019,1005,1005,0,0
mcnt:3020,1005,1005,0,0
mcnt:3021,1005,1005,0,0
mcnt:3022,1005,1005,0,0
mcnt:3023,1005,1005,0,0
mcnt:3024,1005,1005,0,0
mcnt:3025,1005,1005,0,0
mcnt:3026,1005,1005,0,0
mcnt:3027,1005,1005,0,0
mcnt:3028,1005,1005,0,0
mcnt:3029,1005,1005,0,0
mcnt:3030,1005,1005,0,0
mcnt:3031,1005,1005,0,0
mcnt:3032,1005,1005,0,0
mcnt:3033,1005,1005,0,0
mcnt:3034,1005,1005,0,0
mcnt:3035,1005,1005,0,0
mcnt:3036,1005,1005,0,0
mcnt:3037,1005,1005,0,0
mcnt:3038,1005,1005,0,0
mcnt:3039,1005,1005,0,0
mcnt:3040,1005,1005,0,0
mcnt:3041,1005,1005,0,0
mcnt:3042,1005,1005,0,0
mcnt:3043,1005,1005,0,0
mcnt:3044,1005,1005,0,0
mcnt:3045,1005,1005,0,0
mcnt:3046,1005,1005,0,0
mcnt:3047,1005,1004,0,0
mcnt:3048,1005,1004,0,0
mcnt:3049,1005,1005,0,0
mcnt:3050,1005,1005,0,0
mcnt:3051,1005,1005,0,0
mcnt:3052,1005,1005,0,0
mcnt:3053,1005,1005,0,0
mcnt:3054,1005,1005,0,0
mcnt:3055,1005,1005,0,0
mcnt:3056,1005,1005,0,0
mcnt:3057,1005,1004,0,0
mcnt:3058,1005,1005,0,0
mcnt:3059,1005,1005,0,0
mcnt:3060,1005,1004,0,0
mcnt:3061,1005,1005,0,0
mcnt:3062,1005,1005,0,0
mcnt:3063,1005,1004,0,0
mcnt:3064,1005,1004,0,0
mcnt:3065,1005,1004,0,0
mcnt:3066,1010,1011,0,0
mcnt:3067,1027,1028,0,0
mcnt:3068,1045,1046,0,0
mcnt:3069,1062,1064,0,0
mcnt:3070,1083,1084,0,0
mcnt:3071,1106,1108,0,0
mcnt:3072,1129,1130,0,0
mcnt:3073,1148,1149,0,0
mcnt:3074,1158,1158,0,0
mcnt:3075,1160,1159,0,0
mcnt:3076,1160,1159,0,0
mcnt:3077,1160,1159,0,0
mcnt:3078,1161,1160,0,0
mcnt:3079,1169,1169,0,0
mcnt:3080,1183,1183,0,0
mcnt:3081,1188,1187,0,0
mcnt:3082,1188,1187,0,0
mcnt:3083,1188,1187,0,0
mcnt:3084,1188,1187,0,0
mcnt:3085,1188,1187,0,0
mcnt:3086,1188,1187,0,0
mcnt:3087,1188,1187,0,0
mcnt:3088,1188,1186,0,0
mcnt:3089,1188,1186,0,0
mcnt:3090,1188,1186,0,0
mcnt:3091,1188,1186,0,0
mcnt:3092,1188,1186,0,0
mcnt:3093,1188,1186,0,0
mcnt:3094,1188,1186,0,0
mcnt:3095,1188,1186,0,0
mcnt:3096,1188,1186,0,0
mcnt:3097,1188,1186,0,0
mcnt:3098,1188,1186,0,0
mcnt:3099,1188,1186,0,0
mcnt:3100,1188,1186,0,0
mcnt:3101,1188,1186,0,0
mcnt:3102,1188,1186,0,0
mcnt:3103,1188,1186,0,0
mcnt:3104,1188,1186,0,0
mcnt:3105,1188,1186,0,0
mcnt:3106,1188,1186,0,0
mcnt:3107,1188,1186,0,0
mcnt:3108,1188,1186,0,0
mcnt:3109,1188,1186,0,0
mcnt:3110,1188,1186,0,0
mcnt:3111,1188,1186,0,0
mcnt:3112,1188,1186,0,0
mcnt:3113,1188,1186,0,0
mcnt:3114,1188,1186,0,0
mcnt:3115,1188,1186,0,0
mcnt:3116,1188,1186,0,0
mcnt:3117,1188,1186,0,0
mcnt:3118,1192,1192,0,0
mcnt:3119,1211,1210,0,0
mcnt:3120,1234,1235,0,0
mcnt:3121,1264,1264,0,0
mcnt:3122,1290,1290,0,0
mcnt:3123,1312,1312,0,0
mcnt:3124,1321,1319,0,0
mcnt:3125,1321,1319,0,0
mcnt:3126,1321,1319,0,0
mcnt:3127,1321,1319,0,0
mcnt:3128,1321,1319,0,0
mcnt:3129,1321,1319,0,0
mcnt:3130,1321,1319,0,0
mcnt:3131,1321,1319,0,0
mcnt:3132,1321,1319,0,0
mcnt:3133,1321,1319,0,0
mcnt:3134,1321,1319,0,0
mcnt:3135,1321,1319,0,0
mcnt:3136,1321,1319,0,0
mcnt:3137,1321,1319,0,0
mcnt:3138,1321,1319,0,0
mcnt:3139,1321,1319,0,0
mcnt:3140,1321,1319,0,0
mcnt:3141,1321,1319,0,0
mcnt:3142,1321,1319,0,0
mcnt:3143,1321,1319,0,0
mcnt:3144,1321,1319,0,0
mcnt:3145,1321,1319,0,0
mcnt:3146,1321,1319,0,0
mcnt:3147,1321,1319,0,0
mcnt:3148,1321,1319,0,0
mcnt:3149,1321,1319,0,0
mcnt:3150,1321,1319,0,0
mcnt:3151,1321,1319,0,0
mcnt:3152,1321,1319,0,0
mcnt:3153,1321,1319,0,0
mcnt:3154,1321,1319,0,0
mcnt:3155,1321,1319,0,0
mcnt:3156,1321,1319,0,0
mcnt:3157,1321,1319,0,0
mcnt:3158,1321,1319,0,0
mcnt:3159,1321,1319,0,0
mcnt:3160,1321,1319,0,0
mcnt:3161,1321,1319,0,0
mcnt:3162,1321,1319,0,0
mcnt:3163,1321,1319,0,0
mcnt:3164,1321,1319,0,0
mcnt:3165,1321,1319,0,0
mcnt:3166,1321,1319,0,0
mcnt:3167,1321,1319,0,0
mcnt:3168,1321,1319,0,0
mcnt:3169,1321,1319,0,0
mcnt:3170,1321,1319,0,0
mcnt:3171,1321,1319,0,0
mcnt:3172,1321,1319,0,0
mcnt:3173,1321,1319,0,0
mcnt:3174,1321,1319,0,0
mcnt:3175,1321,1319,0,0
mcnt:3176,1321,1319,0,0
mcnt:3177,1321,1319,0,0
mcnt:3178,1321,1319,0,0
mcnt:3179,1321,1319,0,0
mcnt:3180,1321,1319,0,0
mcnt:3181,1321,1319,0,0
mcnt:3182,1321,1319,0,0
mcnt:3183,1321,1319,0,0
mcnt:3184,1321,1319,0,0
mcnt:3185,1321,1320,0,0
mcnt:3186,1321,1319,0,0
mcnt:3187,1321,1319,0,0
mcnt:3188,1321,1320,0,0
mcnt:3189,1321,1320,0,0
mcnt:3190,1321,1320,0,0
mcnt:3191,1321,1320,0,0
mcnt:3192,1321,1320,0,0
mcnt:3193,1321,1320,0,0
mcnt:3194,1321,1320,0,0
mcnt:3195,1321,1320,0,0
mcnt:3196,1321,1320,0,0
mcnt:3197,1321,1320,0,0
mcnt:3198,1321,1320,0,0
mcnt:3199,1321,1320,0,0
mcnt:3200,1321,1320,0,0
mcnt:3201,1321,1320,0,0
mcnt:3202,1321,1320,0,0
mcnt:3203,1321,1320,0,0
mcnt:3204,1321,1320,0,0
mcnt:3205,1321,1320,0,0
mcnt:3206,1321,1320,0,0
mcnt:3207,1321,1320,0,0
mcnt:3208,1321,1320,0,0
mcnt:3209,1321,1320,0,0
mcnt:3210,1321,1320,0,0
mcnt:3211,1321,1320,0,0
mcnt:3212,1321,1320,0,0
mcnt:3213,1321,1320,0,0
mcnt:3214,1321,1320,0,0
mcnt:3215,1321,1320,0,0
mcnt:3216,1321,1320,0,0
mcnt:3217,1321,1321,0,0
mcnt:3218,1321,1321,0,0
mcnt:3219,1321,1321,0,0
mcnt:3220,1321,1321,0,0
mcnt:3221,1321,1321,0,0
mcnt:3222,1321,1321,0,0
mcnt:3223,1321,1321,0,0
mcnt:3224,1321,1321,0,0
mcnt:3225,1321,1321,0,0
mcnt:3226,1321,1321,0,0
mcnt:3227,1321,1321,0,0
mcnt:3228,1321,1321,0,0
mcnt:3229,1321,1321,0,0
mcnt:3230,1321,1321,0,0
mcnt:3231,1321,1321,0,0
mcnt:3232,1321,1321,0,0
mcnt:3233,1321,1321,0,0
mcnt:3234,1321,1321,0,0
mcnt:3235,1321,1321,0,0
mcnt:3236,1321,1321,0,0
mcnt:3237,1321,1321,0,0
mcnt:3238,1321,1321,0,0
mcnt:3239,1321,1321,0,0
mcnt:3240,1321,1321,0,0
mcnt:3241,1321,1321,0,0
mcnt:3242,1321,1321,0,0
mcnt:3243,1321,1321,0,0
mcnt:3244,1321,1321,0,0
mcnt:3245,1321,1321,0,0
mcnt:3246,1321,1321,0,0
mcnt:3247,1321,1321,0,0
mcnt:3248,1321,1321,0,0
mcnt:3249,1321,1321,0,0
mcnt:3250,1321,1321,0,0
mcnt:3251,1321,1321,0,0
mcnt:3252,1321,1321,0,0
mcnt:3253,1321,1321,0,0
mcnt:3254,1321,1321,0,0
mcnt:3255,1321,1321,0,0
mcnt:3256,1321,1321,0,0
mcnt:3257,1321,1321,0,0
mcnt:3258,1321,1321,0,0
mcnt:3259,1321,1321,0,0
mcnt:3260,1321,1321,0,0
mcnt:3261,1321,1321,0,0
mcnt:3262,1321,1321,0,0
mcnt:3263,1321,1321,0,0
mcnt:3264,1321,1321,0,0
mcnt:3265,1321,1321,0,0
mcnt:3266,1321,1321,0,0
mcnt:3267,1321,1321,0,0
mcnt:3268,1321,1321,0,0
mcnt:3269,1321,1321,0,0
mcnt:3270,1321,1321,0,0
mcnt:3271,1321,1321,0,0
mcnt:3272,1321,1321,0,0
mcnt:3273,1321,1321,0,0
mcnt:3274,1321,1321,0,0
mcnt:3275,1321,1321,0,0
mcnt:3276,1321,1321,0,0
mcnt:3277,1321,1321,0,0
mcnt:3278,1321,1321,0,0
mcnt:3279,1321,1321,0,0
mcnt:3280,1321,1321,0,0
mcnt:3281,1321,1321,0,0
mcnt:3282,1321,1320,0,0
mcnt:3283,1321,1320,0,0
mcnt:3284,1321,1320,0,0
mcnt:3285,1321,1320,0,0
mcnt:3286,1321,1320,0,0
mcnt:3287,1321,1320,0,0
mcnt:3288,1321,1320,0,0
mcnt:3289,1321,1320,0,0
mcnt:3290,1321,1320,0,0
mcnt:3291,1321,1320,0,0
mcnt:3292,1321,1320,0,0
mcnt:3293,1321,1320,0,0
mcnt:3294,1321,1320,0,0
mcnt:3295,1321,1320,0,0
mcnt:3296,1321,1320,0,0
mcnt:3297,1321,1320,0,0
mcnt:3298,1321,1320,0,0
mcnt:3299,1321,1320,0,0
mcnt:3300,1321,1320,0,0
mcnt:3301,1321,1320,0,0
mcnt:3302,1321,1320,0,0
mcnt:3303,1321,1320,0,0
mcnt:3304,1321,1320,0,0
mcnt:3305,1321,1320,0,0
mcnt:3306,1321,1320,0,0
mcnt:3307,1321,1320,0,0
mcnt:3308,1321,1320,0,0
mcnt:3309,1321,1319,0,0
mcnt:3310,1321,1320,0,0
mcnt:3311,1321,1319,0,0
mcnt:3312,1321,1320,0,0
mcnt:3313,1321,1319,0,0
mcnt:3314,1321,1319,0,0
mcnt:3315,1321,1319,0,0
mcnt:3316,1321,1319,0,0
mcnt:3317,1321,1319,0,0
mcnt:3318,1321,1319,0,0
mcnt:3319,1321,1319,0,0
mcnt:3320,1321,1319,0,0
mcnt:3321,1321,1319,0,0
mcnt:3322,1321,1319,0,0
mcnt:3323,1321,1319,0,0
mcnt:3324,1321,1319,0,0
mcnt:3325,1321,1319,0,0
mcnt:3326,1321,1319,0,0
mcnt:3327,1321,1319,0,0
mcnt:3328,1321,1319,0,0
mcnt:3329,1321,1319,0,0
mcnt:3330,1321,1319,0,0
mcnt:3331,1321,1319,0,0
mcnt:3332,1321,1319,0,0
mcnt:3333,1321,1319,0,0
mcnt:3334,1321,1319,0,0
mcnt:3335,1321,1319,0,0
mcnt:3336,1321,1319,0,0
mcnt:3337,1321,1319,0,0
mcnt:3338,1321,1319,0,0
mcnt:3339,1321,1319,0,0
mcnt:3340,1321,1319,0,0
mcnt:3341,1321,1319,0,0
mcnt:3342,1321,1319,0,0
mcnt:3343,1321,1319,0,0
mcnt:3344,1321,1319,0,0
mcnt:3345,1321,1319,0,0
mcnt:3346,1321,1319,0,0
mcnt:3347,1321,1319,0,0
mcnt:3348,1321,1319,0,0
mcnt:3349,1321,1319,0,0
mcnt:3350,1321,1319,0,0
mcnt:3351,1321,1319,0,0
mcnt:3352,1321,1319,0,0
mcnt:3353,1321,1319,0,0
mcnt:3354,1321,1319,0,0
mcnt:3355,1321,1319,0,0
mcnt:3356,1321,1319,0,0
mcnt:3357,1321,1319,0,0
mcnt:3358,1321,1319,0,0
mcnt:3359,1321,1319,0,0
mcnt:3360,1321,1319,0,0
mcnt:3361,1321,1319,0,0
mcnt:3362,1321,1319,0,0
mcnt:3363,1321,1319,0,0
mcnt:3364,1321,1319,0,0
mcnt:3365,1321,1319,0,0
mcnt:3366,1321,1319,0,0
mcnt:3367,1321,1319,0,0
mcnt:3368,1321,1319,0,0
mcnt:3369,1321,1319,0,0
mcnt:3370,1321,1319,0,0
mcnt:3371,1321,1319,0,0
mcnt:3372,1321,1319,0,0
mcnt:3373,1321,1319,0,0
mcnt:3374,1321,1319,0,0
mcnt:3375,1321,1319,0,0
mcnt:3376,1321,1319,0,0
mcnt:3377,1321,1319,0,0
mcnt:3378,1321,1319,0,0
mcnt:3379,1321,1319,0,0
mcnt:3380,1321,1319,0,0
mcnt:3381,1321,1319,0,0
mcnt:3382,1321,1319,0,0
mcnt:3383,1321,1319,0,0
mcnt:3384,1321,1319,0,0
mcnt:3385,1321,1319,0,0
mcnt:3386,1321,1319,0,0
mcnt:3387,1321,1319,0,0
mcnt:3388,1321,1319,0,0
mcnt:3389,1321,1319,0,0
mcnt:3390,1321,1319,0,0
mcnt:3391,1321,1319,0,0
mcnt:3392,1321,1319,0,0
mcnt:3393,1321,1319,0,0
mcnt:3394,1321,1319,0,0
mcnt:3395,1321,1319,0,0
mcnt:3396,1321,1319,0,0
mcnt:3397,1321,1319,0,0
mcnt:3398,1321,1319,0,0
mcnt:3399,1321,1319,0,0
mcnt:3400,1321,1319,0,0
mcnt:3401,1321,1319,0,0
mcnt:3402,1321,1319,0,0
mcnt:3403,1321,1319,0,0
mcnt:3404,1321,1319,0,0
mcnt:3405,1321,1319,0,0
mcnt:3406,1321,1319,0,0
mcnt:3407,1321,1319,0,0
mcnt:3408,1321,1319,0,0
mcnt:3409,1321,1319,0,0
mcnt:3410,1321,1319,0,0
mcnt:3411,1321,1319,0,0
mcnt:3412,1321,1319,0,0
mcnt:3413,1321,1319,0,0
mcnt:3414,1321,1319,0,0
mcnt:3415,1321,1319,0,0
mcnt:3416,1321,1319,0,0
mcnt:3417,1321,1319,0,0
mcnt:3418,1321,1319,0,0
mcnt:3419,1321,1319,0,0
mcnt:3420,1321,1319,0,0
mcnt:3421,1321,1319,0,0
mcnt:3422,1321,1319,0,0
mcnt:3423,1321,1319,0,0
mcnt:3424,1321,1319,0,0
mcnt:3425,1321,1319,0,0
mcnt:3426,1321,1319,0,0
mcnt:3427,1321,1319,0,0
mcnt:3428,1321,1319,0,0
mcnt:3429,1321,1319,0,0
mcnt:3430,1321,1319,0,0
mcnt:3431,1321,1319,0,0
mcnt:3432,1321,1319,0,0
mcnt:3433,1321,1319,0,0
mcnt:3434,1321,1319,0,0
mcnt:3435,1321,1319,0,0
mcnt:3436,1321,1319,0,0
mcnt:3437,1321,1319,0,0
mcnt:3438,1321,1319,0,0
mcnt:3439,1321,1319,0,0
mcnt:3440,1321,1319,0,0
mcnt:3441,1321,1319,0,0
mcnt:3442,1321,1319,0,0
mcnt:3443,1321,1319,0,0
mcnt:3444,1321,1319,0,0
mcnt:3445,1321,1319,0,0
mcnt:3446,1321,1319,0,0
mcnt:3447,1321,1319,0,0
mcnt:3448,1321,1319,0,0
mcnt:3449,1321,1319,0,0
mcnt:3450,1321,1319,0,0
mcnt:3451,1321,1319,0,0
mcnt:3452,1321,1319,0,0
mcnt:3453,1321,1319,0,0
mcnt:3454,1321,1319,0,0
mcnt:3455,1321,1319,0,0
mcnt:3456,1321,1319,0,0
mcnt:3457,1321,1319,0,0
mcnt:3458,1321,1319,0,0
mcnt:3459,1321,1319,0,0
mcnt:3460,1321,1319,0,0
mcnt:3461,1321,1319,0,0
mcnt:3462,1321,1319,0,0
mcnt:3463,1321,1319,0,0
mcnt:3464,1321,1319,0,0
mcnt:3465,1321,1319,0,0
mcnt:3466,1321,1319,0,0
mcnt:3467,1321,1319,0,0
mcnt:3468,1321,1319,0,0
mcnt:3469,1321,1319,0,0
mcnt:3470,1321,1319,0,0
mcnt:3471,1321,1319,0,0
mcnt:3472,1321,1319,0,0
mcnt:3473,1321,1319,0,0
mcnt:3474,1321,1319,0,0
mcnt:3475,1321,1319,0,0
mcnt:3476,1321,1319,0,0
mcnt:3477,1321,1319,0,0
mcnt:3478,1321,1319,0,0
mcnt:3479,1321,1319,0,0
mcnt:3480,1321,1319,0,0
mcnt:3481,1321,1319,0,0
mcnt:3482,1321,1319,0,0
mcnt:3483,1321,1319,0,0
mcnt:3484,1321,1319,0,0
mcnt:3485,1321,1319,0,0
mcnt:3486,1321,1319,0,0
mcnt:3487,1321,1319,0,0
mcnt:3488,1321,1319,0,0
mcnt:3489,1321,1319,0,0
mcnt:3490,1321,1319,0,0
mcnt:3491,1321,1319,0,0
mcnt:3492,1321,1320,0,0
mcnt:3493,1321,1319,0,0
mcnt:3494,1321,1320,0,0
mcnt:3495,1321,1320,0,0
mcnt:3496,1321,1320,0,0
mcnt:3497,1321,1320,0,0
mcnt:3498,1321,1320,0,0
mcnt:3499,1321,1320,0,0
mcnt:3500,1321,1320,0,0
mcnt:3501,1321,1320,0,0
mcnt:3502,1321,1320,0,0
mcnt:3503,1321,1320,0,0
mcnt:3504,1321,1320,0,0
mcnt:3505,1321,1320,0,0
mcnt:3506,1321,1320,0,0
mcnt:3507,1321,1320,0,0
mcnt:3508,1321,1320,0,0
mcnt:3509,1321,1320,0,0
mcnt:3510,1321,1320,0,0
mcnt:3511,1321,1320,0,0
mcnt:3512,1321,1320,0,0
mcnt:3513,1321,1320,0,0
mcnt:3514,1321,1320,0,0
mcnt:3515,1321,1320,0,0
mcnt:3516,1321,1320,0,0
mcnt:3517,1321,1320,0,0
mcnt:3518,1321,1320,0,0
mcnt:3519,1321,1320,0,0
mcnt:3520,1321,1320,0,0
mcnt:3521,1321,1320,0,0
mcnt:3522,1321,1320,0,0
mcnt:3523,1321,1320,0,0
mcnt:3524,1321,1320,0,0
mcnt:3525,1321,1320,0,0
mcnt:3526,1321,1320,0,0
mcnt:3527,1321,1320,0,0
mcnt:3528,1321,1320,0,0
mcnt:3529,1321,1320,0,0
mcnt:3530,1321,1320,0,0
mcnt:3531,1321,1320,0,0
mcnt:3532,1321,1320,0,0
mcnt:3533,1321,1320,0,0
mcnt:3534,1321,1320,0,0
mcnt:3535,1321,1320,0,0
mcnt:3536,1321,1320,0,0
mcnt:3537,1322,1320,0,0
mcnt:3538,1321,1320,0,0
mcnt:3539,1321,1320,0,0
mcnt:3540,1321,1320,0,0
mcnt:3541,1321,1320,0,0
mcnt:3542,1321,1320,0,0
mcnt:3543,1321,1320,0,0
mcnt:3544,1321,1320,0,0
mcnt:3545,1321,1320,0,0
mcnt:3546,1321,1320,0,0
mcnt:3547,1321,1320,0,0
mcnt:3548,1321,1320,0,0
mcnt:3549,1321,1320,0,0
mcnt:3550,1321,1320,0,0
mcnt:3551,1321,1320,0,0
mcnt:3552,1321,1320,0,0
mcnt:3553,1321,1320,0,0
mcnt:3554,1321,1320,0,0
mcnt:3555,1321,1320,0,0
mcnt:3556,1321,1320,0,0
mcnt:3557,1321,1320,0,0
mcnt:3558,1321,1320,0,0
mcnt:3559,1321,1320,0,0
mcnt:3560,1321,1320,0,0
mcnt:3561,1321,1320,0,0
mcnt:3562,1321,1320,0,0
mcnt:3563,1321,1320,0,0
mcnt:3564,1321,1320,0,0
mcnt:3565,1321,1320,0,0
mcnt:3566,1321,1320,0,0
mcnt:3567,1321,1320,0,0
mcnt:3568,1321,1320,0,0
mcnt:3569,1321,1320,0,0
mcnt:3570,1321,1320,0,0
mcnt:3571,1321,1320,0,0
mcnt:3572,1321,1320,0,0
mcnt:3573,1321,1320,0,0
mcnt:3574,1321,1320,0,0
mcnt:3575,1321,1320,0,0
mcnt:3576,1321,1320,0,0
mcnt:3577,1321,1320,0,0
mcnt:3578,1321,1320,0,0
mcnt:3579,1321,1320,0,0
mcnt:3580,1321,1320,0,0
mcnt:3581,1321,1320,0,0
mcnt:3582,1321,1320,0,0
mcnt:3583,1321,1320,0,0
mcnt:3584,1321,1320,0,0
mcnt:3585,1321,1320,0,0
mcnt:3586,1321,1320,0,0
mcnt:3587,1321,1320,0,0
mcnt:3588,1321,1320,0,0
mcnt:3589,1321,1320,0,0
mcnt:3590,1321,1320,0,0
mcnt:3591,1321,1320,0,0
mcnt:3592,1321,1320,0,0
mcnt:3593,1322,1320,0,0
mcnt:3594,1321,1320,0,0
mcnt:3595,1321,1320,0,0
mcnt:3596,1321,1320,0,0
mcnt:3597,1321,1320,0,0
mcnt:3598,1321,1320,0,0
mcnt:3599,1321,1320,0,0
mcnt:3600,1321,1320,0,0
mcnt:3601,1321,1320,0,0
mcnt:3602,1321,1320,0,0
mcnt:3603,1321,1320,0,0
mcnt:3604,1322,1320,0,0
mcnt:3605,1321,1320,0,0
mcnt:3606,1321,1320,0,0
mcnt:3607,1321,1320,0,0
mcnt:3608,1321,1320,0,0
mcnt:3609,1321,1320,0,0
mcnt:3610,1321,1320,0,0
mcnt:3611,1321,1320,0,0
mcnt:3612,1321,1320,0,0
mcnt:3613,1321,1320,0,0
mcnt:3614,1321,1320,0,0
mcnt:3615,1321,1320,0,0
mcnt:3616,1321,1320,0,0
mcnt:3617,1321,1320,0,0
mcnt:3618,1322,1320,0,0
mcnt:3619,1321,1320,0,0
mcnt:3620,1321,1320,0,0
mcnt:3621,1321,1320,0,0
mcnt:3622,1321,1320,0,0
mcnt:3623,1321,1320,0,0
mcnt:3624,1321,1320,0,0
mcnt:3625,1321,1320,0,0
mcnt:3626,1321,1320,0,0
mcnt:3627,1321,1320,0,0
mcnt:3628,1321,1320,0,0
mcnt:3629,1321,1320,0,0
mcnt:3630,1321,1320,0,0
mcnt:3631,1321,1320,0,0
mcnt:3632,1322,1320,0,0
mcnt:3633,1321,1320,0,0
mcnt:3634,1321,1320,0,0
mcnt:3635,1321,1320,0,0
mcnt:3636,1321,1320,0,0
mcnt:3637,1321,1320,0,0
mcnt:3638,1321,1320,0,0
mcnt:3639,1321,1320,0,0
mcnt:3640,1321,1320,0,0
mcnt:3641,1321,1320,0,0
mcnt:3642,1322,1320,0,0
mcnt:3643,1321,1320,0,0
mcnt:3644,1321,1320,0,0
mcnt:3645,1321,1320,0,0
mcnt:3646,1321,1320,0,0
mcnt:3647,1321,1320,0,0
mcnt:3648,1321,1320,0,0
mcnt:3649,1322,1320,0,0
mcnt:3650,1321,1320,0,0
mcnt:3651,1321,1320,0,0
mcnt:3652,1321,1320,0,0
mcnt:3653,1321,1320,0,0
mcnt:3654,1321,1320,0,0
mcnt:3655,1321,1320,0,0
mcnt:3656,1321,1320,0,0
mcnt:3657,1321,1320,0,0
mcnt:3658,1321,1320,0,0
mcnt:3659,1321,1320,0,0
mcnt:3660,1321,1320,0,0
mcnt:3661,1321,1320,0,0
mcnt:3662,1321,1320,0,0
mcnt:3663,1321,1320,0,0
mcnt:3664,1321,1320,0,0
mcnt:3665,1321,1320,0,0
mcnt:3666,1321,1320,0,0
mcnt:3667,1321,1320,0,0
mcnt:3668,1321,1320,0,0
mcnt:3669,1322,1320,0,0
mcnt:3670,1321,1320,0,0
mcnt:3671,1321,1320,0,0
mcnt:3672,1321,1320,0,0
mcnt:3673,1321,1320,0,0
mcnt:3674,1321,1320,0,0
mcnt:3675,1321,1320,0,0
mcnt:3676,1321,1320,0,0
mcnt:3677,1321,1320,0,0
mcnt:3678,1321,1320,0,0
mcnt:3679,1321,1320,0,0
mcnt:3680,1321,1320,0,0
mcnt:3681,1321,1320,0,0
mcnt:3682,1322,1320,0,0
mcnt:3683,1321,1320,0,0
mcnt:3684,1321,1320,0,0
mcnt:3685,1321,1320,0,0
mcnt:3686,1322,1320,0,0
mcnt:3687,1321,1320,0,0
mcnt:3688,1321,1320,0,0
mcnt:3689,1321,1320,0,0
mcnt:3690,1321,1320,0,0
mcnt:3691,1321,1320,0,0
mcnt:3692,1321,1320,0,0
mcnt:3693,1321,1320,0,0
mcnt:3694,1321,1320,0,0
mcnt:3695,1321,1320,0,0
mcnt:3696,1321,1320,0,0
mcnt:3697,1321,1320,0,0
mcnt:3698,1321,1320,0,0
mcnt:3699,1321,1320,0,0
mcnt:3700,1322,1320,0,0
mcnt:3701,1321,1320,0,0
mcnt:3702,1321,1320,0,0
mcnt:3703,1321,1320,0,0
mcnt:3704,1321,1320,0,0
mcnt:3705,1321,1320,0,0
mcnt:3706,1321,1320,0,0
mcnt:3707,1321,1320,0,0
mcnt:3708,1321,1319,0,0
mcnt:3709,1321,1319,0,0
mcnt:3710,1321,1319,0,0
mcnt:3711,1322,1319,0,0
mcnt:3712,1322,1319,0,0
mcnt:3713,1321,1319,0,0
mcnt:3714,1321,1319,0,0
mcnt:3715,1321,1319,0,0
mcnt:3716,1321,1319,0,0
mcnt:3717,1321,1319,0,0
mcnt:3718,1321,1319,0,0
mcnt:3719,1321,1319,0,0
mcnt:3720,1322,1319,0,0
mcnt:3721,1322,1319,0,0
mcnt:3722,1321,1319,0,0
mcnt:3723,1321,1319,0,0
mcnt:3724,1321,1319,0,0
mcnt:3725,1322,1319,0,0
mcnt:3726,1321,1319,0,0
mcnt:3727,1321,1319,0,0
mcnt:3728,1321,1319,0,0
mcnt:3729,1321,1319,0,0
mcnt:3730,1321,1319,0,0
mcnt:3731,1321,1319,0,0
mcnt:3732,1321,1319,0,0
mcnt:3733,1321,1319,0,0
mcnt:3734,1321,1319,0,0
mcnt:3735,1321,1319,0,0
mcnt:3736,1321,1319,0,0
mcnt:3737,1323,1321,0,0
mcnt:3738,1335,1334,0,0
mcnt:3739,1358,1358,0,0
mcnt:3740,1379,1379,0,0
mcnt:3741,1396,1394,0,0
mcnt:3742,1405,1403,0,0
mcnt:3743,1411,1409,0,0
mcnt:3744,1414,1411,0,0
mcnt:3745,1414,1411,0,0
mcnt:3746,1414,1411,0,0
mcnt:3747,1414,1411,0,0
mcnt:3748,1414,1411,0,0
mcnt:3749,1414,1411,0,0
mcnt:3750,1414,1411,0,0
mcnt:3751,1414,1411,0,0
mcnt:3752,1414,1411,0,0
mcnt:3753,1413,1411,0,0
mcnt:3754,1414,1411,0,0
mcnt:3755,1414,1411,0,0
mcnt:3756,1414,1411,0,0
mcnt:3757,1414,1411,0,0
mcnt:3758,1414,1411,0,0
mcnt:3759,1414,1411,0,0
mcnt:3760,1414,1411,0,0
mcnt:3761,1414,1411,0,0
mcnt:3762,1414,1411,0,0
mcnt:3763,1414,1411,0,0
mcnt:3764,1414,1411,0,0
mcnt:3765,1414,1411,0,0
mcnt:3766,1414,1411,0,0
mcnt:3767,1414,1411,0,0
mcnt:3768,1414,1411,0,0
mcnt:3769,1414,1411,0,0
mcnt:3770,1414,1411,0,0
mcnt:3771,1414,1411,0,0
mcnt:3772,1414,1411,0,0
mcnt:3773,1414,1411,0,0
mcnt:3774,1414,1411,0,0
mcnt:3775,1414,1411,0,0
mcnt:3776,1414,1411,0,0
mcnt:3777,1414,1411,0,0
mcnt:3778,1414,1411,0,0
mcnt:3779,1414,1411,0,0
mcnt:3780,1414,1411,0,0
mcnt:3781,1414,1411,0,0
mcnt:3782,1414,1411,0,0
mcnt:3783,1414,1411,0,0
mcnt:3784,1414,1411,0,0
mcnt:3785,1414,1411,0,0
mcnt:3786,1414,1411,0,0
mcnt:3787,1414,1411,0,0
mcnt:3788,1414,1411,0,0
mcnt:3789,1414,1411,0,0
mcnt:3790,1414,1411,0,0
mcnt:3791,1413,1411,0,0
mcnt:3792,1414,1411,0,0
mcnt:3793,1414,1411,0,0
mcnt:3794,1414,1411,0,0
mcnt:3795,1414,1411,0,0
mcnt:3796,1414,1411,0,0
mcnt:3797,1414,1411,0,0
mcnt:3798,1414,1411,0,0
mcnt:3799,1414,1411,0,0
mcnt:3800,1414,1411,0,0
mcnt:3801,1414,1411,0,0
mcnt:3802,1414,1411,0,0
mcnt:3803,1413,1411,0,0
mcnt:3804,1414,1411,0,0
mcnt:3805,1414,1411,0,0
mcnt:3806,1414,1411,0,0
mcnt:3807,1414,1411,0,0
mcnt:3808,1414,1411,0,0
mcnt:3809,1414,1411,0,0
mcnt:3810,1414,1411,0,0
mcnt:3811,1414,1411,0,0
mcnt:3812,1414,1411,0,0
mcnt:3813,1414,1411,0,0
mcnt:3814,1414,1411,0,0
mcnt:3815,1414,1411,0,0
mcnt:3816,1414,1411,0,0
mcnt:3817,1414,1411,0,0
mcnt:3818,1414,1411,0,0
mcnt:3819,1414,1411,0,0
mcnt:3820,1414,1411,0,0
mcnt:3821,1414,1411,0,0
mcnt:3822,1414,1411,0,0
mcnt:3823,1414,1411,0,0
mcnt:3824,1413,1411,0,0
mcnt:3825,1414,1411,0,0
mcnt:3826,1414,1411,0,0
mcnt:3827,1414,1411,0,0
mcnt:3828,1414,1411,0,0
mcnt:3829,1414,1411,0,0
mcnt:3830,1414,1411,0,0
mcnt:3831,1414,1411,0,0
mcnt:3832,1414,1411,0,0
mcnt:3833,1414,1411,0,0
mcnt:3834,1414,1411,0,0
mcnt:3835,1414,1411,0,0
mcnt:3836,1414,1411,0,0
mcnt:3837,1414,1411,0,0
mcnt:3838,1414,1411,0,0
mcnt:3839,1413,1411,0,0
mcnt:3840,1414,1411,0,0
mcnt:3841,1414,1411,0,0
mcnt:3842,1414,1412,0,0
mcnt:3843,1427,1429,0,0
mcnt:3844,1464,1466,0,0
mcnt:3845,1503,1504,0,0
mcnt:3846,1535,1536,0,0
mcnt:3847,1561,1562,0,0
mcnt:3848,1584,1585,0,0
mcnt:3849,1616,1617,0,0
mcnt:3850,1639,1637,0,0
mcnt:3851,1639,1637,0,0
mcnt:3852,1640,1637,0,0
mcnt:3853,1640,1637,0,0
mcnt:3854,1640,1637,0,0
mcnt:3855,1640,1637,0,0
mcnt:3856,1640,1637,0,0
mcnt:3857,1640,1637,0,0
mcnt:3858,1640,1637,0,0
mcnt:3859,1640,1637,0,0
mcnt:3860,1640,1637,0,0
mcnt:3861,1640,1637,0,0
mcnt:3862,1640,1637,0,0
mcnt:3863,1640,1637,0,0
mcnt:3864,1640,1637,0,0
mcnt:3865,1640,1637,0,0
mcnt:3866,1640,1637,0,0
mcnt:3867,1640,1637,0,0
mcnt:3868,1640,1637,0,0
mcnt:3869,1640,1637,0,0
mcnt:3870,1640,1637,0,0
mcnt:3871,1640,1638,0,0
mcnt:3872,1640,1637,0,0
mcnt:3873,1640,1637,0,0
mcnt:3874,1640,1638,0,0
mcnt:3875,1640,1638,0,0
mcnt:3876,1640,1638,0,0
mcnt:3877,1640,1638,0,0
mcnt:3878,1640,1638,0,0
mcnt:3879,1640,1638,0,0
mcnt:3880,1640,1638,0,0
mcnt:3881,1640,1638,0,0
mcnt:3882,1640,1638,0,0
mcnt:3883,1640,1638,0,0
mcnt:3884,1640,1638,0,0
mcnt:3885,1640,1638,0,0
mcnt:3886,1640,1638,0,0
mcnt:3887,1640,1638,0,0
mcnt:3888,1640,1638,0,0
mcnt:3889,1640,1638,0,0
mcnt:3890,1640,1638,0,0
mcnt:3891,1640,1638,0,0
mcnt:3892,1640,1638,0,0
mcnt:3893,1640,1638,0,0
mcnt:3894,1640,1638,0,0
mcnt:3895,1640,1638,0,0
mcnt:3896,1640,1638,0,0
mcnt:3897,1640,1638,0,0
mcnt:3898,1640,1638,0,0
mcnt:3899,1640,1638,0,0
mcnt:3900,1640,1638,0,0
mcnt:3901,1640,1638,0,0
mcnt:3902,1640,1638,0,0
mcnt:3903,1640,1638,0,0
mcnt:3904,1640,1638,0,0
mcnt:3905,1640,1638,0,0
mcnt:3906,1640,1638,0,0
mcnt:3907,1640,1638,0,0
mcnt:3908,1640,1638,0,0
mcnt:3909,1640,1638,0,0
mcnt:3910,1640,1638,0,0
mcnt:3911,1640,1638,0,0
mcnt:3912,1640,1638,0,0
mcnt:3913,1640,1638,0,0
mcnt:3914,1640,1638,0,0
mcnt:3915,1640,1638,0,0
mcnt:3916,1640,1638,0,0
mcnt:3917,1640,1638,0,0
mcnt:3918,1640,1638,0,0
mcnt:3919,1640,1638,0,0
mcnt:3920,1640,1638,0,0
mcnt:3921,1640,1638,0,0
mcnt:3922,1640,1638,0,0
mcnt:3923,1640,1638,0,0
mcnt:3924,1640,1638,0,0
mcnt:3925,1640,1638,0,0
mcnt:3926,1640,1638,0,0
mcnt:3927,1640,1638,0,0
mcnt:3928,1640,1638,0,0
mcnt:3929,1640,1638,0,0
mcnt:3930,1640,1638,0,0
mcnt:3931,1640,1638,0,0
mcnt:3932,1640,1638,0,0
mcnt:3933,1640,1638,0,0
mcnt:3934,1640,1638,0,0
mcnt:3935,1640,1638,0,0
mcnt:3936,1640,1638,0,0
mcnt:3937,1640,1638,0,0
mcnt:3938,1640,1638,0,0
mcnt:3939,1640,1638,0,0
mcnt:3940,1640,1638,0,0
mcnt:3941,1640,1638,0,0
mcnt:3942,1640,1638,0,0
mcnt:3943,1640,1638,0,0
mcnt:3944,1640,1638,0,0
mcnt:3945,1640,1638,0,0
mcnt:3946,1640,1638,0,0
mcnt:3947,1640,1638,0,0
mcnt:3948,1640,1638,0,0
mcnt:3949,1640,1638,0,0
mcnt:3950,1640,1638,0,0
mcnt:3951,1640,1638,0,0
mcnt:3952,1640,1638,0,0
mcnt:3953,1640,1638,0,0
mcnt:3954,1640,1638,0,0
mcnt:3955,1640,1638,0,0
mcnt:3956,1640,1638,0,0
mcnt:3957,1640,1638,0,0
mcnt:3958,1640,1638,0,0
mcnt:3959,1640,1638,0,0
mcnt:3960,1640,1638,0,0
mcnt:3961,1640,1638,0,0
mcnt:3962,1640,1638,0,0
mcnt:3963,1640,1638,0,0
mcnt:3964,1640,1638,0,0
mcnt:3965,1640,1638,0,0
mcnt:3966,1640,1638,0,0
mcnt:3967,1640,1638,0,0
mcnt:3968,1640,1638,0,0
mcnt:3969,1640,1638,0,0
mcnt:3970,1640,1638,0,0
mcnt:3971,1640,1638,0,0
mcnt:3972,1640,1638,0,0
mcnt:3973,1640,1638,0,0
mcnt:3974,1640,1638,0,0
mcnt:3975,1640,1638,0,0
mcnt:3976,1640,1638,0,0
mcnt:3977,1640,1638,0,0
mcnt:3978,1640,1638,0,0
mcnt:3979,1640,1638,0,0
mcnt:3980,1640,1638,0,0
mcnt:3981,1640,1638,0,0
mcnt:3982,1640,1638,0,0
mcnt:3983,1640,1638,0,0
mcnt:3984,1640,1638,0,0
mcnt:3985,1640,1638,0,0
mcnt:3986,1640,1638,0,0
mcnt:3987,1640,1638,0,0
mcnt:3988,1640,1638,0,0
mcnt:3989,1640,1638,0,0
mcnt:3990,1640,1638,0,0
mcnt:3991,1640,1638,0,0
mcnt:3992,1640,1638,0,0
mcnt:3993,1640,1638,0,0
mcnt:3994,1640,1638,0,0
mcnt:3995,1640,1638,0,0
mcnt:3996,1640,1639,0,0
mcnt:3997,1640,1638,0,0
mcnt:3998,1640,1638,0,0
mcnt:3999,1640,1638,0,0
mcnt:4000,1640,1638,0,0
mcnt:4001,1640,1638,0,0
mcnt:4002,1640,1638,0,0
mcnt:4003,1640,1637,0,0
mcnt:4004,1640,1638,0,0
mcnt:4005,1640,1638,0,0
mcnt:4006,1640,1638,0,0
mcnt:4007,1640,1638,0,0
mcnt:4008,1640,1638,0,0
mcnt:4009,1640,1638,0,0
mcnt:4010,1640,1638,0,0
mcnt:4011,1640,1638,0,0
mcnt:4012,1640,1638,0,0
mcnt:4013,1640,1637,0,0
mcnt:4014,1640,1638,0,0
mcnt:4015,1640,1638,0,0
mcnt:4016,1640,1638,0,0
mcnt:4017,1640,1638,0,0
mcnt:4018,1640,1637,0,0
mcnt:4019,1640,1638,0,0
mcnt:4020,1640,1637,0,0
mcnt:4021,1640,1637,0,0
mcnt:4022,1640,1637,0,0
mcnt:4023,1640,1637,0,0
mcnt:4024,1640,1637,0,0
mcnt:4025,1640,1637,0,0
mcnt:4026,1640,1637,0,0
mcnt:4027,1640,1637,0,0
mcnt:4028,1640,1637,0,0
mcnt:4029,1640,1637,0,0
mcnt:4030,1640,1637,0,0
mcnt:4031,1640,1637,0,0
mcnt:4032,1640,1637,0,0
mcnt:4033,1640,1637,0,0
mcnt:4034,1640,1637,0,0
mcnt:4035,1640,1637,0,0
mcnt:4036,1640,1637,0,0
mcnt:4037,1640,1637,0,0
mcnt:4038,1640,1637,0,0
mcnt:4039,1640,1637,0,0
mcnt:4040,1640,1637,0,0
mcnt:4041,1640,1637,0,0
mcnt:4042,1640,1637,0,0
mcnt:4043,1640,1637,0,0
mcnt:4044,1640,1637,0,0
mcnt:4045,1640,1637,0,0
mcnt:4046,1640,1637,0,0
mcnt:4047,1640,1637,0,0
mcnt:4048,1640,1637,0,0
mcnt:4049,1640,1637,0,0
mcnt:4050,1640,1637,0,0
mcnt:4051,1640,1637,0,0
mcnt:4052,1640,1637,0,0
mcnt:4053,1640,1637,0,0
mcnt:4054,1640,1637,0,0
mcnt:4055,1640,1637,0,0
mcnt:4056,1640,1637,0,0
mcnt:4057,1640,1637,0,0
mcnt:4058,1640,1637,0,0
mcnt:4059,1640,1637,0,0
mcnt:4060,1640,1637,0,0
mcnt:4061,1640,1637,0,0
mcnt:4062,1640,1637,0,0
mcnt:4063,1640,1637,0,0
mcnt:4064,1640,1637,0,0
mcnt:4065,1640,1637,0,0
mcnt:4066,1640,1637,0,0
mcnt:4067,1640,1637,0,0
mcnt:4068,1640,1637,0,0
mcnt:4069,1640,1637,0,0
mcnt:4070,1640,1637,0,0
mcnt:4071,1640,1637,0,0
mcnt:4072,1640,1637,0,0
mcnt:4073,1640,1637,0,0
mcnt:4074,1640,1637,0,0
mcnt:4075,1640,1637,0,0
mcnt:4076,1640,1637,0,0
mcnt:4077,1640,1637,0,0
mcnt:4078,1640,1637,0,0
mcnt:4079,1640,1637,0,0
mcnt:4080,1640,1637,0,0
mcnt:4081,1640,1637,0,0
mcnt:4082,1640,1637,0,0
mcnt:4083,1640,1637,0,0
mcnt:4084,1640,1637,0,0
mcnt:4085,1640,1637,0,0
mcnt:4086,1640,1637,0,0
mcnt:4087,1640,1637,0,0
mcnt:4088,1640,1637,0,0
mcnt:4089,1640,1637,0,0
mcnt:4090,1640,1637,0,0
mcnt:4091,1640,1637,0,0
mcnt:4092,1640,1637,0,0
mcnt:4093,1640,1637,0,0
mcnt:4094,1640,1637,0,0
mcnt:4095,1640,1637,0,0
mcnt:4096,1640,1637,0,0
mcnt:4097,1640,1637,0,0
mcnt:4098,1640,1637,0,0
mcnt:4099,1640,1637,0,0
mcnt:4100,1640,1637,0,0
mcnt:4101,1640,1637,0,0
mcnt:4102,1640,1637,0,0
mcnt:4103,1640,1637,0,0
mcnt:4104,1640,1637,0,0
mcnt:4105,1640,1637,0,0
mcnt:4106,1640,1637,0,0
mcnt:4107,1640,1637,0,0
mcnt:4108,1640,1637,0,0
mcnt:4109,1640,1637,0,0
mcnt:4110,1640,1637,0,0
mcnt:4111,1640,1637,0,0
mcnt:4112,1640,1637,0,0
mcnt:4113,1640,1637,0,0
mcnt:4114,1640,1637,0,0
mcnt:4115,1640,1637,0,0
mcnt:4116,1640,1637,0,0
mcnt:4117,1640,1637,0,0
mcnt:4118,1640,1637,0,0
mcnt:4119,1640,1637,0,0
mcnt:4120,1640,1637,0,0
mcnt:4121,1640,1637,0,0
mcnt:4122,1640,1637,0,0
mcnt:4123,1640,1637,0,0
mcnt:4124,1640,1637,0,0
mcnt:4125,1640,1637,0,0
mcnt:4126,1640,1637,0,0
mcnt:4127,1640,1637,0,0
mcnt:4128,1640,1637,0,0
mcnt:4129,1640,1637,0,0
mcnt:4130,1640,1637,0,0
mcnt:4131,1640,1637,0,0
mcnt:4132,1640,1637,0,0
mcnt:4133,1640,1637,0,0
mcnt:4134,1640,1637,0,0
mcnt:4135,1640,1637,0,0
mcnt:4136,1640,1637,0,0
mcnt:4137,1640,1637,0,0
mcnt:4138,1640,1637,0,0
mcnt:4139,1640,1637,0,0
mcnt:4140,1640,1637,0,0
mcnt:4141,1640,1637,0,0
mcnt:4142,1640,1637,0,0
mcnt:4143,1640,1637,0,0
mcnt:4144,1640,1637,0,0
mcnt:4145,1640,1637,0,0
mcnt:4146,1640,1637,0,0
mcnt:4147,1640,1637,0,0
mcnt:4148,1640,1637,0,0
mcnt:4149,1640,1637,0,0
mcnt:4150,1640,1637,0,0
mcnt:4151,1640,1637,0,0
mcnt:4152,1640,1637,0,0
mcnt:4153,1640,1637,0,0
mcnt:4154,1640,1637,0,0
mcnt:4155,1640,1637,0,0
mcnt:4156,1640,1637,0,0
mcnt:4157,1640,1637,0,0
mcnt:4158,1640,1637,0,0
mcnt:4159,1640,1637,0,0
mcnt:4160,1640,1637,0,0
mcnt:4161,1640,1637,0,0
mcnt:4162,1640,1637,0,0
mcnt:4163,1640,1637,0,0
mcnt:4164,1640,1637,0,0
mcnt:4165,1640,1637,0,0
mcnt:4166,1640,1637,0,0
mcnt:4167,1640,1637,0,0
mcnt:4168,1640,1637,0,0
mcnt:4169,1640,1637,0,0
mcnt:4170,1640,1637,0,0
mcnt:4171,1640,1637,0,0
mcnt:4172,1640,1637,0,0
mcnt:4173,1640,1637,0,0
mcnt:4174,1640,1637,0,0
mcnt:4175,1640,1637,0,0
mcnt:4176,1640,1637,0,0
mcnt:4177,1640,1637,0,0
mcnt:4178,1640,1637,0,0
mcnt:4179,1640,1637,0,0
mcnt:4180,1640,1637,0,0
mcnt:4181,1640,1637,0,0
mcnt:4182,1640,1637,0,0
mcnt:4183,1640,1637,0,0
mcnt:4184,1640,1637,0,0
mcnt:4185,1640,1637,0,0
mcnt:4186,1640,1637,0,0
mcnt:4187,1640,1637,0,0
mcnt:4188,1640,1637,0,0
mcnt:4189,1640,1637,0,0
mcnt:4190,1640,1637,0,0
mcnt:4191,1640,1637,0,0
mcnt:4192,1640,1637,0,0
mcnt:4193,1640,1637,0,0
mcnt:4194,1640,1637,0,0
mcnt:4195,1640,1637,0,0
mcnt:4196,1640,1637,0,0
mcnt:4197,1640,1637,0,0
mcnt:4198,1640,1637,0,0
mcnt:4199,1640,1637,0,0
mcnt:4200,1640,1637,0,0
mcnt:4201,1640,1637,0,0
mcnt:4202,1640,1637,0,0
mcnt:4203,1640,1637,0,0
mcnt:4204,1640,1637,0,0
mcnt:4205,1640,1637,0,0
mcnt:4206,1640,1637,0,0
mcnt:4207,1640,1637,0,0
mcnt:4208,1640,1637,0,0
mcnt:4209,1640,1637,0,0
mcnt:4210,1640,1637,0,0
mcnt:4211,1640,1637,0,0
mcnt:4212,1640,1637,0,0
mcnt:4213,1640,1637,0,0
mcnt:4214,1640,1637,0,0
mcnt:4215,1640,1637,0,0
mcnt:4216,1640,1637,0,0
mcnt:4217,1640,1637,0,0
mcnt:4218,1640,1637,0,0
mcnt:4219,1640,1637,0,0
mcnt:4220,1640,1637,0,0
mcnt:4221,1640,1637,0,0
mcnt:4222,1640,1637,0,0
mcnt:4223,1640,1637,0,0
mcnt:4224,1640,1637,0,0
mcnt:4225,1640,1637,0,0
mcnt:4226,1640,1637,0,0
mcnt:4227,1640,1637,0,0
mcnt:4228,1640,1637,0,0
mcnt:4229,1640,1637,0,0
mcnt:4230,1640,1637,0,0
mcnt:4231,1640,1637,0,0
mcnt:4232,1640,1637,0,0
mcnt:4233,1640,1637,0,0
mcnt:4234,1640,1637,0,0
mcnt:4235,1640,1637,0,0
mcnt:4236,1640,1637,0,0
mcnt:4237,1640,1637,0,0
mcnt:4238,1640,1637,0,0
mcnt:4239,1640,1637,0,0
mcnt:4240,1640,1637,0,0
mcnt:4241,1640,1637,0,0
mcnt:4242,1640,1637,0,0
mcnt:4243,1640,1637,0,0
mcnt:4244,1640,1637,0,0
mcnt:4245,1640,1637,0,0
mcnt:4246,1640,1637,0,0
mcnt:4247,1640,1637,0,0
mcnt:4248,1640,1637,0,0
mcnt:4249,1640,1637,0,0
mcnt:4250,1640,1637,0,0
mcnt:4251,1640,1637,0,0
mcnt:4252,1640,1637,0,0
mcnt:4253,1640,1637,0,0
mcnt:4254,1640,1637,0,0
mcnt:4255,1640,1637,0,0
mcnt:4256,1640,1637,0,0
mcnt:4257,1640,1637,0,0
mcnt:4258,1640,1637,0,0
mcnt:4259,1640,1637,0,0
mcnt:4260,1640,1637,0,0
mcnt:4261,1640,1637,0,0
mcnt:4262,1640,1637,0,0
mcnt:4263,1640,1637,0,0
mcnt:4264,1640,1637,0,0
mcnt:4265,1640,1637,0,0
mcnt:4266,1640,1637,0,0
mcnt:4267,1640,1637,0,0
mcnt:4268,1640,1637,0,0
mcnt:4269,1640,1637,0,0
mcnt:4270,1640,1637,0,0
mcnt:4271,1640,1637,0,0
mcnt:4272,1640,1637,0,0
mcnt:4273,1640,1637,0,0
mcnt:4274,1640,1637,0,0
mcnt:4275,1640,1637,0,0
mcnt:4276,1640,1637,0,0
mcnt:4277,1640,1637,0,0
mcnt:4278,1640,1637,0,0
mcnt:4279,1640,1637,0,0
mcnt:4280,1640,1637,0,0
mcnt:4281,1640,1637,0,0
mcnt:4282,1640,1637,0,0
mcnt:4283,1640,1637,0,0
mcnt:4284,1640,1637,0,0
mcnt:4285,1640,1637,0,0
mcnt:4286,1640,1637,0,0
mcnt:4287,1640,1637,0,0
mcnt:4288,1640,1637,0,0
mcnt:4289,1640,1637,0,0
mcnt:4290,1640,1637,0,0
mcnt:4291,1640,1637,0,0
mcnt:4292,1640,1637,0,0
mcnt:4293,1640,1637,0,0
mcnt:4294,1640,1637,0,0
mcnt:4295,1640,1637,0,0
mcnt:4296,1640,1637,0,0
mcnt:4297,1640,1637,0,0
mcnt:4298,1640,1637,0,0
mcnt:4299,1640,1637,0,0
mcnt:4300,1640,1637,0,0
mcnt:4301,1640,1637,0,0
mcnt:4302,1640,1637,0,0
mcnt:4303,1640,1637,0,0
mcnt:4304,1640,1637,0,0
mcnt:4305,1640,1637,0,0
mcnt:4306,1640,1637,0,0
mcnt:4307,1640,1637,0,0
mcnt:4308,1640,1637,0,0
mcnt:4309,1640,1637,0,0
mcnt:4310,1640,1637,0,0
mcnt:4311,1640,1637,0,0
mcnt:4312,1640,1637,0,0
mcnt:4313,1640,1637,0,0
mcnt:4314,1640,1637,0,0
mcnt:4315,1640,1637,0,0
mcnt:4316,1640,1637,0,0
mcnt:4317,1640,1637,0,0
mcnt:4318,1640,1637,0,0
mcnt:4319,1640,1637,0,0
mcnt:4320,1640,1637,0,0
mcnt:4321,1640,1637,0,0
mcnt:4322,1640,1637,0,0
mcnt:4323,1640,1637,0,0
mcnt:4324,1640,1637,0,0
mcnt:4325,1640,1637,0,0
mcnt:4326,1640,1637,0,0
mcnt:4327,1640,1637,0,0
mcnt:4328,1640,1637,0,0
mcnt:4329,1640,1637,0,0
mcnt:4330,1640,1637,0,0
mcnt:4331,1640,1637,0,0
mcnt:4332,1640,1637,0,0
mcnt:4333,1640,1637,0,0
mcnt:4334,1640,1638,0,0
mcnt:4335,1640,1637,0,0
mcnt:4336,1640,1637,0,0
mcnt:4337,1640,1637,0,0
mcnt:4338,1640,1637,0,0
mcnt:4339,1640,1638,0,0
mcnt:4340,1640,1638,0,0
mcnt:4341,1640,1637,0,0
mcnt:4342,1640,1638,0,0
mcnt:4343,1640,1638,0,0
mcnt:4344,1640,1638,0,0
mcnt:4345,1640,1638,0,0
mcnt:4346,1640,1638,0,0
mcnt:4347,1640,1638,0,0
mcnt:4348,1640,1638,0,0
mcnt:4349,1640,1638,0,0
mcnt:4350,1640,1638,0,0
mcnt:4351,1640,1638,0,0
mcnt:4352,1640,1638,0,0
mcnt:4353,1640,1638,0,0
mcnt:4354,1640,1638,0,0
mcnt:4355,1640,1638,0,0
mcnt:4356,1640,1638,0,0
mcnt:4357,1640,1638,0,0
mcnt:4358,1640,1638,0,0
mcnt:4359,1640,1638,0,0
mcnt:4360,1640,1638,0,0
mcnt:4361,1640,1638,0,0
mcnt:4362,1640,1638,0,0
mcnt:4363,1640,1638,0,0
mcnt:4364,1640,1638,0,0
mcnt:4365,1640,1638,0,0
mcnt:4366,1640,1638,0,0
mcnt:4367,1640,1638,0,0
mcnt:4368,1640,1638,0,0
mcnt:4369,1640,1638,0,0
mcnt:4370,1640,1638,0,0
mcnt:4371,1640,1638,0,0
mcnt:4372,1640,1638,0,0
mcnt:4373,1640,1638,0,0
mcnt:4374,1640,1638,0,0
mcnt:4375,1640,1638,0,0
mcnt:4376,1640,1638,0,0
mcnt:4377,1640,1638,0,0
mcnt:4378,1640,1638,0,0
mcnt:4379,1640,1638,0,0
mcnt:4380,1640,1638,0,0
mcnt:4381,1640,1638,0,0
mcnt:4382,1640,1638,0,0
mcnt:4383,1640,1638,0,0
mcnt:4384,1640,1639,0,0
mcnt:4385,1640,1639,0,0
mcnt:4386,1640,1639,0,0
mcnt:4387,1640,1639,0,0
mcnt:4388,1640,1639,0,0
mcnt:4389,1640,1639,0,0
mcnt:4390,1640,1639,0,0
mcnt:4391,1640,1639,0,0
mcnt:4392,1640,1639,0,0
mcnt:4393,1640,1639,0,0
mcnt:4394,1640,1639,0,0
mcnt:4395,1640,1639,0,0
mcnt:4396,1640,1639,0,0
mcnt:4397,1640,1639,0,0
mcnt:4398,1640,1639,0,0
mcnt:4399,1640,1639,0,0
mcnt:4400,1640,1639,0,0
mcnt:4401,1640,1639,0,0
mcnt:4402,1640,1639,0,0
mcnt:4403,1640,1639,0,0
mcnt:4404,1640,1639,0,0
mcnt:4405,1640,1639,0,0
mcnt:4406,1640,1639,0,0
mcnt:4407,1640,1639,0,0
mcnt:4408,1640,1639,0,0
mcnt:4409,1640,1639,0,0
mcnt:4410,1640,1639,0,0
mcnt:4411,1640,1639,0,0
mcnt:4412,1640,1639,0,0
mcnt:4413,1640,1639,0,0
mcnt:4414,1640,1639,0,0
mcnt:4415,1640,1639,0,0
mcnt:4416,1640,1639,0,0
mcnt:4417,1640,1639,0,0
mcnt:4418,1640,1639,0,0
mcnt:4419,1640,1639,0,0
mcnt:4420,1640,1639,0,0
mcnt:4421,1640,1639,0,0
mcnt:4422,1640,1639,0,0
mcnt:4423,1640,1639,0,0
mcnt:4424,1639,1637,0,0
mcnt:4425,1622,1619,0,0
mcnt:4426,1599,1596,0,0
mcnt:4427,1585,1583,0,0
mcnt:4428,1579,1577,0,0
mcnt:4429,1577,1576,0,0
mcnt:4430,1577,1576,0,0
mcnt:4431,1577,1576,0,0
mcnt:4432,1577,1576,0,0
mcnt:4433,1576,1574,0,0
mcnt:4434,1570,1569,0,0
mcnt:4435,1570,1569,0,0
mcnt:4436,1570,1569,0,0
mcnt:4437,1570,1569,0,0
mcnt:4438,1570,1569,0,0
mcnt:4439,1572,1571,0,0
mcnt:4440,1582,1583,0,0
mcnt:4441,1605,1606,0,0
mcnt:4442,1632,1633,0,0
mcnt:4443,1655,1655,0,0
mcnt:4444,1667,1667,0,0
mcnt:4445,1682,1683,0,0
mcnt:4446,1706,1707,0,0
mcnt:4447,1729,1730,0,0
mcnt:4448,1745,1743,0,0
mcnt:4449,1745,1744,0,0
mcnt:4450,1745,1744,0,0
mcnt:4451,1750,1751,0,0
mcnt:4452,1773,1775,0,0
mcnt:4453,1796,1796,0,0
mcnt:4454,1807,1805,0,0
mcnt:4455,1807,1805,0,0
mcnt:4456,1807,1805,0,0
mcnt:4457,1807,1805,0,0
mcnt:4458,1807,1805,0,0
mcnt:4459,1807,1805,0,0
mcnt:4460,1807,1805,0,0
mcnt:4461,1807,1805,0,0
mcnt:4462,1807,1805,0,0
mcnt:4463,1807,1805,0,0
mcnt:4464,1807,1805,0,0
mcnt:4465,1807,1805,0,0
mcnt:4466,1807,1805,0,0
mcnt:4467,1807,1805,0,0
mcnt:4468,1807,1805,0,0
mcnt:4469,1807,1805,0,0
mcnt:4470,1807,1805,0,0
mcnt:4471,1807,1805,0,0
mcnt:4472,1807,1805,0,0
mcnt:4473,1807,1805,0,0
mcnt:4474,1807,1805,0,0
mcnt:4475,1807,1805,0,0
mcnt:4476,1807,1805,0,0
mcnt:4477,1807,1805,0,0
mcnt:4478,1807,1805,0,0
mcnt:4479,1807,1805,0,0
mcnt:4480,1807,1805,0,0
mcnt:4481,1807,1805,0,0
mcnt:4482,1807,1805,0,0
mcnt:4483,1807,1805,0,0
mcnt:4484,1807,1805,0,0
mcnt:4485,1807,1805,0,0
mcnt:4486,1807,1805,0,0
mcnt:4487,1807,1805,0,0
mcnt:4488,1807,1805,0,0
mcnt:4489,1807,1805,0,0
mcnt:4490,1807,1805,0,0
mcnt:4491,1807,1805,0,0
mcnt:4492,1807,1805,0,0
mcnt:4493,1807,1805,0,0
mcnt:4494,1807,1805,0,0
mcnt:4495,1807,1805,0,0
mcnt:4496,1807,1805,0,0
mcnt:4497,1807,1805,0,0
mcnt:4498,1807,1805,0,0
mcnt:4499,1807,1805,0,0
mcnt:4500,1807,1805,0,0
mcnt:4501,1807,1805,0,0
mcnt:4502,1807,1805,0,0
mcnt:4503,1807,1805,0,0
mcnt:4504,1807,1805,0,0
mcnt:4505,1807,1805,0,0
mcnt:4506,1807,1805,0,0
mcnt:4507,1807,1805,0,0
mcnt:4508,1807,1805,0,0
mcnt:4509,1807,1805,0,0
mcnt:4510,1807,1805,0,0
mcnt:4511,1807,1805,0,0
mcnt:4512,1807,1805,0,0
mcnt:4513,1807,1805,0,0
mcnt:4514,1807,1805,0,0
mcnt:4515,1807,1805,0,0
mcnt:4516,1807,1805,0,0
mcnt:4517,1807,1805,0,0
mcnt:4518,1807,1805,0,0
mcnt:4519,1807,1805,0,0
mcnt:4520,1807,1805,0,0
mcnt:4521,1807,1805,0,0
mcnt:4522,1807,1805,0,0
mcnt:4523,1807,1805,0,0
mcnt:4524,1807,1805,0,0
mcnt:4525,1807,1805,0,0
mcnt:4526,1807,1805,0,0
mcnt:4527,1807,1805,0,0
mcnt:4528,1807,1805,0,0
mcnt:4529,1807,1805,0,0
mcnt:4530,1807,1805,0,0
mcnt:4531,1807,1805,0,0
mcnt:4532,1807,1805,0,0
mcnt:4533,1807,1805,0,0
mcnt:4534,1807,1805,0,0
mcnt:4535,1807,1805,0,0
mcnt:4536,1807,1805,0,0
mcnt:4537,1807,1805,0,0
mcnt:4538,1807,1805,0,0
mcnt:4539,1807,1805,0,0
mcnt:4540,1807,1805,0,0
mcnt:4541,1807,1805,0,0
mcnt:4542,1807,1805,0,0
mcnt:4543,1807,1805,0,0
mcnt:4544,1807,1805,0,0
mcnt:4545,1807,1805,0,0
mcnt:4546,1807,1805,0,0
mcnt:4547,1807,1805,0,0
mcnt:4548,1808,1805,0,0
mcnt:4549,1808,1805,0,0
mcnt:4550,1807,1805,0,0
mcnt:4551,1807,1805,0,0
mcnt:4552,1807,1806,0,0
mcnt:4553,1807,1806,0,0
mcnt:4554,1807,1805,0,0
mcnt:4555,1807,1805,0,0
mcnt:4556,1807,1805,0,0
mcnt:4557,1807,1805,0,0
mcnt:4558,1807,1805,0,0
mcnt:4559,1807,1805,0,0
mcnt:4560,1807,1805,0,0
mcnt:4561,1807,1805,0,0
mcnt:4562,1807,1805,0,0
mcnt:4563,1807,1805,0,0
mcnt:4564,1807,1805,0,0
mcnt:4565,1807,1805,0,0
mcnt:4566,1807,1805,0,0
mcnt:4567,1807,1805,0,0
mcnt:4568,1808,1806,0,0
mcnt:4569,1807,1805,0,0
mcnt:4570,1807,1805,0,0
mcnt:4571,1807,1805,0,0
mcnt:4572,1807,1805,0,0
mcnt:4573,1807,1805,0,0
mcnt:4574,1807,1805,0,0
mcnt:4575,1807,1805,0,0
mcnt:4576,1807,1805,0,0
mcnt:4577,1808,1806,0,0
mcnt:4578,1807,1805,0,0
mcnt:4579,1807,1805,0,0
mcnt:4580,1807,1805,0,0
mcnt:4581,1807,1805,0,0
mcnt:4582,1807,1805,0,0
mcnt:4583,1807,1805,0,0
mcnt:4584,1807,1805,0,0
mcnt:4585,1807,1805,0,0
mcnt:4586,1807,1805,0,0
mcnt:4587,1807,1805,0,0
mcnt:4588,1808,1805,0,0
mcnt:4589,1807,1805,0,0
mcnt:4590,1808,1805,0,0
mcnt:4591,1808,1805,0,0
mcnt:4592,1808,1805,0,0
mcnt:4593,1808,1805,0,0
mcnt:4594,1808,1805,0,0
mcnt:4595,1807,1805,0,0
mcnt:4596,1808,1805,0,0
mcnt:4597,1807,1805,0,0
mcnt:4598,1808,1805,0,0
mcnt:4599,1807,1805,0,0
mcnt:4600,1807,1805,0,0
mcnt:4601,1807,1805,0,0
mcnt:4602,1808,1805,0,0
mcnt:4603,1808,1805,0,0
mcnt:4604,1808,1805,0,0
mcnt:4605,1807,1805,0,0
mcnt:4606,1807,1805,0,0
mcnt:4607,1807,1805,0,0
mcnt:4608,1807,1805,0,0
mcnt:4609,1807,1805,0,0
mcnt:4610,1808,1805,0,0
mcnt:4611,1808,1805,0,0
mcnt:4612,1807,1805,0,0
mcnt:4613,1807,1805,0,0
mcnt:4614,1807,1805,0,0
mcnt:4615,1807,1805,0,0
mcnt:4616,1807,1805,0,0
mcnt:4617,1808,1805,0,0
mcnt:4618,1808,1805,0,0
mcnt:4619,1807,1805,0,0
mcnt:4620,1807,1805,0,0
mcnt:4621,1807,1805,0,0
mcnt:4622,1807,1805,0,0
mcnt:4623,1807,1805,0,0
mcnt:4624,1808,1805,0,0
mcnt:4625,1807,1805,0,0
mcnt:4626,1808,1805,0,0
mcnt:4627,1808,1805,0,0
mcnt:4628,1808,1805,0,0
mcnt:4629,1808,1805,0,0
mcnt:4630,1807,1805,0,0
mcnt:4631,1807,1805,0,0
mcnt:4632,1808,1805,0,0
mcnt:4633,1808,1805,0,0
mcnt:4634,1808,1805,0,0
mcnt:4635,1808,1805,0,0
mcnt:4636,1807,1805,0,0
mcnt:4637,1807,1805,0,0
mcnt:4638,1807,1805,0,0
mcnt:4639,1808,1805,0,0
mcnt:4640,1807,1805,0,0
mcnt:4641,1807,1805,0,0
mcnt:4642,1808,1805,0,0
mcnt:4643,1807,1805,0,0
mcnt:4644,1808,1805,0,0
mcnt:4645,1807,1805,0,0
mcnt:4646,1808,1805,0,0
mcnt:4647,1807,1805,0,0
mcnt:4648,1808,1805,0,0
mcnt:4649,1807,1805,0,0
mcnt:4650,1807,1805,0,0
mcnt:4651,1808,1805,0,0
mcnt:4652,1807,1805,0,0
mcnt:4653,1807,1805,0,0
mcnt:4654,1808,1805,0,0
mcnt:4655,1808,1805,0,0
mcnt:4656,1807,1805,0,0
mcnt:4657,1807,1805,0,0
mcnt:4658,1807,1805,0,0
mcnt:4659,1807,1805,0,0
mcnt:4660,1808,1805,0,0
mcnt:4661,1807,1805,0,0
mcnt:4662,1807,1805,0,0
mcnt:4663,1807,1805,0,0
mcnt:4664,1808,1805,0,0
mcnt:4665,1808,1805,0,0
mcnt:4666,1808,1805,0,0
mcnt:4667,1807,1805,0,0
mcnt:4668,1807,1805,0,0
mcnt:4669,1808,1805,0,0
mcnt:4670,1807,1805,0,0
mcnt:4671,1808,1805,0,0
mcnt:4672,1807,1805,0,0
mcnt:4673,1807,1805,0,0
mcnt:4674,1808,1805,0,0
mcnt:4675,1808,1805,0,0
mcnt:4676,1808,1805,0,0
mcnt:4677,1808,1805,0,0
mcnt:4678,1808,1805,0,0
mcnt:4679,1807,1805,0,0
mcnt:4680,1807,1805,0,0
mcnt:4681,1807,1805,0,0
mcnt:4682,1808,1805,0,0
mcnt:4683,1808,1805,0,0
mcnt:4684,1808,1805,0,0
mcnt:4685,1808,1805,0,0
mcnt:4686,1808,1805,0,0
mcnt:4687,1807,1805,0,0
mcnt:4688,1807,1805,0,0
mcnt:4689,1807,1805,0,0
mcnt:4690,1808,1805,0,0
mcnt:4691,1808,1805,0,0
mcnt:4692,1808,1805,0,0
mcnt:4693,1808,1805,0,0
mcnt:4694,1808,1805,0,0
mcnt:4695,1808,1805,0,0
mcnt:4696,1808,1805,0,0
mcnt:4697,1808,1805,0,0
mcnt:4698,1807,1805,0,0
mcnt:4699,1807,1805,0,0
mcnt:4700,1808,1805,0,0
mcnt:4701,1807,1805,0,0
mcnt:4702,1808,1805,0,0
mcnt:4703,1808,1806,0,0
mcnt:4704,1808,1805,0,0
mcnt:4705,1808,1805,0,0
mcnt:4706,1808,1806,0,0
mcnt:4707,1807,1805,0,0
mcnt:4708,1808,1805,0,0
mcnt:4709,1808,1806,0,0
mcnt:4710,1808,1805,0,0
mcnt:4711,1808,1805,0,0
mcnt:4712,1808,1805,0,0
mcnt:4713,1808,1805,0,0
mcnt:4714,1808,1805,0,0
mcnt:4715,1808,1805,0,0
mcnt:4716,1808,1805,0,0
mcnt:4717,1808,1805,0,0
mcnt:4718,1808,1805,0,0
mcnt:4719,1808,1805,0,0
mcnt:4720,1808,1805,0,0
mcnt:4721,1807,1805,0,0
mcnt:4722,1808,1806,0,0
mcnt:4723,1808,1806,0,0
mcnt:4724,1807,1806,0,0
mcnt:4725,1807,1805,0,0
mcnt:4726,1807,1805,0,0
mcnt:4727,1808,1805,0,0
mcnt:4728,1808,1805,0,0
mcnt:4729,1807,1805,0,0
mcnt:4730,1808,1805,0,0
mcnt:4731,1808,1805,0,0
mcnt:4732,1807,1805,0,0
mcnt:4733,1807,1805,0,0
mcnt:4734,1808,1805,0,0
mcnt:4735,1808,1805,0,0
mcnt:4736,1808,1805,0,0
mcnt:4737,1808,1805,0,0
mcnt:4738,1807,1805,0,0
mcnt:4739,1807,1805,0,0
mcnt:4740,1808,1805,0,0
mcnt:4741,1807,1805,0,0
mcnt:4742,1807,1805,0,0
mcnt:4743,1807,1805,0,0
mcnt:4744,1808,1806,0,0
mcnt:4745,1808,1805,0,0
mcnt:4746,1807,1805,0,0
mcnt:4747,1808,1805,0,0
mcnt:4748,1807,1805,0,0
mcnt:4749,1808,1805,0,0
mcnt:4750,1808,1805,0,0
mcnt:4751,1807,1805,0,0
mcnt:4752,1807,1805,0,0
mcnt:4753,1807,1805,0,0
mcnt:4754,1807,1805,0,0
mcnt:4755,1807,1805,0,0
mcnt:4756,1807,1805,0,0
mcnt:4757,1807,1805,0,0
mcnt:4758,1807,1805,0,0
mcnt:4759,1807,1805,0,0
mcnt:4760,1808,1805,0,0
mcnt:4761,1808,1805,0,0
mcnt:4762,1808,1805,0,0
mcnt:4763,1807,1805,0,0
mcnt:4764,1807,1805,0,0
mcnt:4765,1807,1805,0,0
mcnt:4766,1807,1805,0,0
mcnt:4767,1807,1805,0,0
mcnt:4768,1807,1805,0,0
mcnt:4769,1807,1805,0,0
mcnt:4770,1807,1805,0,0
mcnt:4771,1807,1805,0,0
mcnt:4772,1807,1805,0,0
mcnt:4773,1807,1805,0,0
mcnt:4774,1807,1805,0,0
mcnt:4775,1807,1805,0,0
mcnt:4776,1807,1805,0,0
mcnt:4777,1807,1805,0,0
mcnt:4778,1807,1805,0,0
mcnt:4779,1807,1805,0,0
mcnt:4780,1807,1805,0,0
mcnt:4781,1807,1805,0,0
mcnt:4782,1807,1805,0,0
mcnt:4783,1807,1805,0,0
mcnt:4784,1807,1805,0,0
mcnt:4785,1807,1805,0,0
mcnt:4786,1807,1805,0,0
mcnt:4787,1807,1805,0,0
mcnt:4788,1807,1805,0,0
mcnt:4789,1807,1805,0,0
mcnt:4790,1807,1805,0,0
mcnt:4791,1807,1805,0,0
mcnt:4792,1807,1805,0,0
mcnt:4793,1807,1805,0,0
mcnt:4794,1807,1805,0,0
mcnt:4795,1807,1805,0,0
mcnt:4796,1807,1805,0,0
mcnt:4797,1807,1805,0,0
mcnt:4798,1807,1805,0,0
mcnt:4799,1807,1805,0,0
mcnt:4800,1807,1805,0,0
mcnt:4801,1807,1805,0,0
mcnt:4802,1807,1805,0,0
mcnt:4803,1808,1805,0,0
mcnt:4804,1808,1805,0,0
mcnt:4805,1808,1805,0,0
mcnt:4806,1807,1805,0,0
mcnt:4807,1807,1805,0,0
mcnt:4808,1807,1805,0,0
mcnt:4809,1807,1805,0,0
mcnt:4810,1807,1805,0,0
mcnt:4811,1807,1805,0,0
mcnt:4812,1807,1805,0,0
mcnt:4813,1807,1805,0,0
mcnt:4814,1807,1805,0,0
mcnt:4815,1807,1805,0,0
mcnt:4816,1807,1805,0,0
mcnt:4817,1807,1805,0,0
mcnt:4818,1807,1805,0,0
mcnt:4819,1807,1805,0,0
mcnt:4820,1807,1805,0,0
mcnt:4821,1807,1805,0,0
mcnt:4822,1807,1805,0,0
mcnt:4823,1808,1805,0,0
mcnt:4824,1807,1805,0,0
mcnt:4825,1807,1805,0,0
mcnt:4826,1807,1805,0,0
mcnt:4827,1808,1805,0,0
mcnt:4828,1808,1805,0,0
mcnt:4829,1807,1805,0,0
mcnt:4830,1807,1805,0,0
mcnt:4831,1807,1805,0,0
mcnt:4832,1807,1805,0,0
mcnt:4833,1807,1805,0,0
mcnt:4834,1807,1805,0,0
mcnt:4835,1807,1805,0,0
mcnt:4836,1807,1805,0,0
mcnt:4837,1807,1805,0,0
mcnt:4838,1807,1805,0,0
mcnt:4839,1807,1805,0,0
mcnt:4840,1807,1805,0,0
mcnt:4841,1807,1805,0,0
mcnt:4842,1808,1805,0,0
mcnt:4843,1808,1805,0,0
mcnt:4844,1808,1805,0,0
mcnt:4845,1808,1805,0,0
mcnt:4846,1808,1805,0,0
mcnt:4847,1808,1805,0,0
mcnt:4848,1807,1805,0,0
mcnt:4849,1808,1806,0,0
mcnt:4850,1808,1805,0,0
mcnt:4851,1807,1805,0,0
mcnt:4852,1807,1805,0,0
mcnt:4853,1807,1805,0,0
mcnt:4854,1808,1805,0,0
mcnt:4855,1807,1805,0,0
mcnt:4856,1808,1805,0,0
mcnt:4857,1808,1805,0,0
mcnt:4858,1807,1805,0,0
mcnt:4859,1808,1805,0,0
mcnt:4860,1807,1805,0,0
mcnt:4861,1808,1805,0,0
mcnt:4862,1807,1805,0,0
mcnt:4863,1808,1805,0,0
mcnt:4864,1808,1805,0,0
mcnt:4865,1808,1805,0,0
mcnt:4866,1808,1805,0,0
mcnt:4867,1808,1805,0,0
mcnt:4868,1808,1805,0,0
mcnt:4869,1808,1805,0,0
mcnt:4870,1808,1805,0,0
mcnt:4871,1808,1805,0,0
mcnt:4872,1808,1805,0,0
mcnt:4873,1808,1806,0,0
mcnt:4874,1808,1805,0,0
mcnt:4875,1808,1805,0,0
mcnt:4876,1808,1805,0,0
mcnt:4877,1808,1805,0,0
mcnt:4878,1808,1805,0,0
mcnt:4879,1808,1805,0,0
mcnt:4880,1808,1805,0,0
mcnt:4881,1808,1805,0,0
mcnt:4882,1808,1805,0,0
mcnt:4883,1808,1805,0,0
mcnt:4884,1808,1805,0,0
mcnt:4885,1808,1805,0,0
mcnt:4886,1808,1805,0,0
mcnt:4887,1808,1806,0,0
mcnt:4888,1808,1805,0,0
mcnt:4889,1808,1805,0,0
mcnt:4890,1808,1805,0,0
mcnt:4891,1808,1805,0,0
mcnt:4892,1808,1806,0,0
mcnt:4893,1807,1806,0,0
mcnt:4894,1808,1806,0,0
mcnt:4895,1807,1805,0,0
mcnt:4896,1808,1805,0,0
mcnt:4897,1808,1805,0,0
mcnt:4898,1807,1805,0,0
mcnt:4899,1807,1806,0,0
mcnt:4900,1808,1806,0,0
mcnt:4901,1808,1805,0,0
mcnt:4902,1807,1806,0,0
mcnt:4903,1807,1806,0,0
mcnt:4904,1807,1806,0,0
mcnt:4905,1807,1806,0,0
mcnt:4906,1808,1806,0,0
mcnt:4907,1807,1806,0,0
mcnt:4908,1807,1806,0,0
mcnt:4909,1807,1806,0,0
mcnt:4910,1807,1806,0,0
mcnt:4911,1807,1806,0,0
mcnt:4912,1807,1806,0,0
mcnt:4913,1808,1806,0,0
mcnt:4914,1807,1806,0,0
mcnt:4915,1807,1806,0,0
mcnt:4916,1807,1806,0,0
mcnt:4917,1808,1806,0,0
mcnt:4918,1807,1806,0,0
mcnt:4919,1807,1806,0,0
mcnt:4920,1807,1806,0,0
mcnt:4921,1807,1806,0,0
mcnt:4922,1807,1806,0,0
mcnt:4923,1807,1806,0,0
mcnt:4924,1807,1806,0,0
mcnt:4925,1807,1806,0,0
mcnt:4926,1807,1806,0,0
mcnt:4927,1807,1806,0,0
mcnt:4928,1807,1806,0,0
mcnt:4929,1807,1806,0,0
mcnt:4930,1807,1806,0,0
mcnt:4931,1808,1806,0,0
mcnt:4932,1808,1806,0,0
mcnt:4933,1808,1806,0,0
mcnt:4934,1807,1806,0,0
mcnt:4935,1807,1806,0,0
mcnt:4936,1807,1806,0,0
mcnt:4937,1807,1806,0,0
mcnt:4938,1807,1806,0,0
mcnt:4939,1807,1806,0,0
mcnt:4940,1807,1806,0,0
mcnt:4941,1807,1806,0,0
mcnt:4942,1807,1806,0,0
mcnt:4943,1807,1806,0,0
mcnt:4944,1807,1806,0,0
mcnt:4945,1807,1806,0,0
mcnt:4946,1808,1806,0,0
mcnt:4947,1808,1806,0,0
mcnt:4948,1807,1806,0,0
mcnt:4949,1807,1806,0,0
mcnt:4950,1807,1806,0,0
mcnt:4951,1807,1806,0,0
mcnt:4952,1807,1806,0,0
mcnt:4953,1807,1806,0,0
mcnt:4954,1807,1806,0,0
mcnt:4955,1807,1806,0,0
mcnt:4956,1807,1806,0,0
mcnt:4957,1807,1806,0,0
mcnt:4958,1807,1806,0,0
mcnt:4959,1807,1806,0,0
mcnt:4960,1807,1806,0,0
mcnt:4961,1808,1806,0,0
mcnt:4962,1807,1806,0,0
mcnt:4963,1807,1806,0,0
mcnt:4964,1807,1806,0,0
mcnt:4965,1795,1792,0,0
mcnt:4966,1765,1761,0,0
mcnt:4967,1725,1720,0,0
mcnt:4968,1692,1690,0,0
mcnt:4969,1690,1689,0,0
mcnt:4970,1690,1689,0,0
mcnt:4971,1690,1689,0,0
mcnt:4972,1680,1678,0,0
mcnt:4973,1658,1654,0,0
mcnt:4974,1622,1618,0,0
mcnt:4975,1596,1595,0,0
mcnt:4976,1596,1595,0,0
mcnt:4977,1596,1594,0,0
mcnt:4978,1571,1566,0,0
mcnt:4979,1534,1531,0,0
mcnt:4980,1530,1529,0,0
mcnt:4981,1530,1529,0,0
mcnt:4982,1518,1515,0,0
mcnt:4983,1490,1488,0,0
mcnt:4984,1488,1487,0,0
mcnt:4985,1488,1487,0,0
mcnt:4986,1488,1487,0,0
mcnt:4987,1488,1487,0,0
mcnt:4988,1488,1487,0,0
mcnt:4989,1488,1487,0,0
mcnt:4990,1488,1487,0,0
mcnt:4991,1488,1487,0,0
mcnt:4992,1488,1487,0,0
mcnt:4993,1488,1487,0,0
mcnt:4994,1488,1487,0,0
mcnt:4995,1488,1487,0,0
mcnt:4996,1488,1487,0,0
mcnt:4997,1488,1487,0,0
mcnt:4998,1488,1487,0,0
mcnt:4999,1488,1487,0,0
mcnt:5000,1488,1487,0,0
mcnt:5001,1488,1487,0,0
mcnt:5002,1488,1487,0,0
mcnt:5003,1488,1487,0,0
mcnt:5004,1488,1487,0,0
mcnt:5005,1488,1487,0,0
mcnt:5006,1488,1487,0,0
mcnt:5007,1488,1487,0,0
mcnt:5008,1488,1487,0,0
mcnt:5009,1488,1487,0,0
mcnt:5010,1488,1487,0,0
mcnt:5011,1488,1487,0,0
mcnt:5012,1488,1487,0,0
mcnt:5013,1488,1487,0,0
mcnt:5014,1488,1487,0,0
mcnt:5015,1488,1487,0,0
mcnt:5016,1488,1487,0,0
mcnt:5017,1488,1487,0,0
mcnt:5018,1488,1487,0,0
mcnt:5019,1488,1487,0,0
mcnt:5020,1488,1487,0,0
mcnt:5021,1488,1487,0,0
mcnt:5022,1488,1487,0,0
mcnt:5023,1488,1487,0,0
mcnt:5024,1488,1487,0,0
mcnt:5025,1488,1487,0,0
mcnt:5026,1488,1487,0,0
mcnt:5027,1488,1487,0,0
mcnt:5028,1488,1487,0,0
mcnt:5029,1488,1487,0,0
mcnt:5030,1488,1487,0,0
mcnt:5031,1488,1487,0,0
mcnt:5032,1488,1487,0,0
mcnt:5033,1488,1487,0,0
mcnt:5034,1488,1487,0,0
mcnt:5035,1488,1487,0,0
mcnt:5036,1488,1487,0,0
mcnt:5037,1488,1487,0,0
mcnt:5038,1488,1487,0,0
mcnt:5039,1488,1487,0,0
mcnt:5040,1488,1487,0,0
mcnt:5041,1488,1487,0,0
mcnt:5042,1488,1487,0,0
mcnt:5043,1488,1487,0,0
mcnt:5044,1488,1487,0,0
mcnt:5045,1488,1487,0,0
mcnt:5046,1488,1487,0,0
mcnt:5047,1488,1487,0,0
mcnt:5048,1488,1487,0,0
mcnt:5049,1488,1487,0,0
mcnt:5050,1488,1487,0,0
mcnt:5051,1488,1487,0,0
mcnt:5052,1488,1487,0,0
mcnt:5053,1488,1487,0,0
mcnt:5054,1488,1487,0,0
mcnt:5055,1488,1487,0,0
mcnt:5056,1488,1487,0,0
mcnt:5057,1488,1487,0,0
mcnt:5058,1488,1487,0,0
mcnt:5059,1488,1487,0,0
mcnt:5060,1488,1487,0,0
mcnt:5061,1488,1487,0,0
mcnt:5062,1488,1487,0,0
mcnt:5063,1488,1487,0,0
mcnt:5064,1488,1487,0,0
mcnt:5065,1488,1487,0,0
mcnt:5066,1488,1487,0,0
mcnt:5067,1488,1487,0,0
mcnt:5068,1488,1487,0,0
mcnt:5069,1488,1487,0,0
mcnt:5070,1488,1487,0,0
mcnt:5071,1488,1487,0,0
mcnt:5072,1488,1487,0,0
mcnt:5073,1488,1487,0,0
mcnt:5074,1488,1487,0,0
mcnt:5075,1488,1487,0,0
mcnt:5076,1488,1487,0,0
mcnt:5077,1488,1487,0,0
mcnt:5078,1488,1487,0,0
mcnt:5079,1488,1487,0,0
mcnt:5080,1488,1487,0,0
mcnt:5081,1488,1487,0,0
mcnt:5082,1488,1487,0,0
mcnt:5083,1488,1487,0,0
mcnt:5084,1488,1487,0,0
mcnt:5085,1488,1487,0,0
mcnt:5086,1488,1487,0,0
mcnt:5087,1488,1487,0,0
mcnt:5088,1488,1487,0,0
mcnt:5089,1488,1487,0,0
mcnt:5090,1488,1487,0,0
mcnt:5091,1488,1487,0,0
mcnt:5092,1488,1487,0,0
mcnt:5093,1488,1487,0,0
mcnt:5094,1488,1487,0,0
mcnt:5095,1488,1487,0,0
mcnt:5096,1488,1487,0,0
mcnt:5097,1488,1487,0,0
mcnt:5098,1488,1487,0,0
mcnt:5099,1488,1487,0,0
mcnt:5100,1488,1487,0,0
mcnt:5101,1488,1487,0,0
mcnt:5102,1488,1487,0,0
mcnt:5103,1488,1487,0,0
mcnt:5104,1488,1487,0,0
mcnt:5105,1488,1487,0,0
mcnt:5106,1488,1487,0,0
mcnt:5107,1488,1487,0,0
mcnt:5108,1488,1487,0,0
mcnt:5109,1488,1487,0,0
mcnt:5110,1488,1487,0,0
mcnt:5111,1488,1487,0,0
mcnt:5112,1488,1487,0,0
mcnt:5113,1488,1487,0,0
mcnt:5114,1488,1487,0,0
mcnt:5115,1488,1487,0,0
mcnt:5116,1488,1487,0,0
mcnt:5117,1488,1487,0,0
mcnt:5118,1488,1487,0,0
mcnt:5119,1488,1487,0,0
mcnt:5120,1488,1487,0,0
mcnt:5121,1488,1487,0,0
mcnt:5122,1488,1487,0,0
mcnt:5123,1488,1487,0,0
mcnt:5124,1488,1487,0,0
mcnt:5125,1488,1487,0,0
mcnt:5126,1488,1487,0,0
mcnt:5127,1488,1487,0,0
mcnt:5128,1488,1487,0,0
mcnt:5129,1488,1487,0,0
mcnt:5130,1488,1487,0,0
mcnt:5131,1488,1487,0,0
mcnt:5132,1488,1487,0,0
mcnt:5133,1488,1487,0,0
mcnt:5134,1488,1487,0,0
mcnt:5135,1488,1487,0,0
mcnt:5136,1488,1487,0,0
mcnt:5137,1488,1487,0,0
mcnt:5138,1488,1487,0,0
mcnt:5139,1488,1487,0,0
mcnt:5140,1488,1487,0,0
mcnt:5141,1488,1487,0,0
mcnt:5142,1488,1487,0,0
mcnt:5143,1488,1487,0,0
mcnt:5144,1488,1487,0,0
mcnt:5145,1488,1487,0,0
mcnt:5146,1488,1487,0,0
mcnt:5147,1488,1487,0,0
mcnt:5148,1488,1487,0,0
mcnt:5149,1488,1487,0,0
mcnt:5150,1488,1487,0,0
mcnt:5151,1488,1487,0,0
mcnt:5152,1488,1487,0,0
mcnt:5153,1488,1487,0,0
mcnt:5154,1488,1487,0,0
mcnt:5155,1488,1487,0,0
mcnt:5156,1488,1487,0,0
mcnt:5157,1488,1487,0,0
mcnt:5158,1488,1487,0,0
mcnt:5159,1488,1487,0,0
mcnt:5160,1488,1487,0,0
mcnt:5161,1488,1487,0,0
mcnt:5162,1488,1487,0,0
mcnt:5163,1488,1487,0,0
mcnt:5164,1488,1487,0,0
mcnt:5165,1488,1487,0,0
mcnt:5166,1488,1487,0,0
mcnt:5167,1488,1487,0,0
mcnt:5168,1488,1487,0,0
mcnt:5169,1488,1487,0,0
mcnt:5170,1488,1487,0,0
mcnt:5171,1488,1487,0,0
mcnt:5172,1488,1487,0,0
mcnt:5173,1488,1487,0,0
mcnt:5174,1488,1487,0,0
mcnt:5175,1488,1487,0,0
mcnt:5176,1488,1487,0,0
mcnt:5177,1488,1487,0,0
mcnt:5178,1488,1487,0,0
mcnt:5179,1488,1487,0,0
mcnt:5180,1488,1487,0,0
mcnt:5181,1488,1487,0,0
mcnt:5182,1488,1487,0,0
mcnt:5183,1488,1487,0,0
mcnt:5184,1488,1487,0,0
mcnt:5185,1488,1487,0,0
mcnt:5186,1488,1487,0,0
mcnt:5187,1488,1487,0,0
mcnt:5188,1488,1487,0,0
mcnt:5189,1488,1487,0,0
mcnt:5190,1488,1487,0,0
mcnt:5191,1488,1487,0,0
mcnt:5192,1488,1487,0,0
mcnt:5193,1488,1487,0,0
mcnt:5194,1488,1487,0,0
mcnt:5195,1488,1487,0,0
mcnt:5196,1488,1487,0,0
mcnt:5197,1488,1487,0,0
mcnt:5198,1488,1487,0,0
mcnt:5199,1488,1487,0,0
mcnt:5200,1488,1487,0,0
mcnt:5201,1488,1487,0,0
mcnt:5202,1488,1487,0,0
mcnt:5203,1488,1487,0,0
mcnt:5204,1488,1487,0,0
mcnt:5205,1488,1487,0,0
mcnt:5206,1488,1487,0,0
mcnt:5207,1488,1487,0,0
mcnt:5208,1488,1487,0,0
mcnt:5209,1488,1487,0,0
mcnt:5210,1488,1487,0,0
mcnt:5211,1488,1487,0,0
mcnt:5212,1488,1487,0,0
mcnt:5213,1488,1487,0,0
mcnt:5214,1488,1487,0,0
mcnt:5215,1488,1487,0,0
mcnt:5216,1488,1487,0,0
mcnt:5217,1488,1487,0,0
mcnt:5218,1488,1487,0,0
mcnt:5219,1488,1487,0,0
mcnt:5220,1488,1487,0,0
mcnt:5221,1488,1487,0,0
mcnt:5222,1488,1487,0,0
mcnt:5223,1488,1487,0,0
mcnt:5224,1488,1487,0,0
mcnt:5225,1488,1487,0,0
mcnt:5226,1488,1487,0,0
mcnt:5227,1488,1486,0,0
mcnt:5228,1488,1486,0,0
mcnt:5229,1488,1486,0,0
mcnt:5230,1488,1486,0,0
mcnt:5231,1488,1486,0,0
mcnt:5232,1488,1486,0,0
mcnt:5233,1488,1486,0,0
mcnt:5234,1488,1486,0,0
mcnt:5235,1488,1486,0,0
mcnt:5236,1488,1486,0,0
mcnt:5237,1488,1486,0,0
mcnt:5238,1488,1486,0,0
mcnt:5239,1488,1486,0,0
mcnt:5240,1488,1486,0,0
mcnt:5241,1488,1486,0,0
mcnt:5242,1488,1486,0,0
mcnt:5243,1488,1486,0,0
mcnt:5244,1488,1486,0,0
mcnt:5245,1488,1486,0,0
mcnt:5246,1488,1486,0,0
mcnt:5247,1488,1486,0,0
mcnt:5248,1488,1486,0,0
mcnt:5249,1488,1486,0,0
mcnt:5250,1488,1486,0,0
mcnt:5251,1488,1486,0,0
mcnt:5252,1488,1486,0,0
mcnt:5253,1488,1486,0,0
mcnt:5254,1488,1486,0,0
mcnt:5255,1488,1486,0,0
mcnt:5256,1488,1485,0,0
mcnt:5257,1488,1486,0,0
mcnt:5258,1488,1485,0,0
mcnt:5259,1488,1485,0,0
mcnt:5260,1488,1485,0,0
mcnt:5261,1488,1485,0,0
mcnt:5262,1488,1485,0,0
mcnt:5263,1488,1485,0,0
mcnt:5264,1488,1485,0,0
mcnt:5265,1488,1485,0,0
mcnt:5266,1488,1485,0,0
mcnt:5267,1488,1485,0,0
mcnt:5268,1488,1485,0,0
mcnt:5269,1488,1485,0,0
mcnt:5270,1488,1485,0,0
mcnt:5271,1488,1485,0,0
mcnt:5272,1488,1485,0,0
mcnt:5273,1488,1485,0,0
mcnt:5274,1488,1485,0,0
mcnt:5275,1488,1485,0,0
mcnt:5276,1488,1485,0,0
mcnt:5277,1488,1485,0,0
mcnt:5278,1488,1485,0,0
mcnt:5279,1488,1485,0,0
mcnt:5280,1488,1485,0,0
mcnt:5281,1488,1485,0,0
mcnt:5282,1488,1485,0,0
mcnt:5283,1488,1485,0,0
mcnt:5284,1488,1485,0,0
mcnt:5285,1488,1485,0,0
mcnt:5286,1488,1485,0,0
mcnt:5287,1488,1485,0,0
mcnt:5288,1488,1485,0,0
mcnt:5289,1488,1485,0,0
mcnt:5290,1488,1485,0,0
mcnt:5291,1488,1485,0,0
mcnt:5292,1488,1485,0,0
mcnt:5293,1488,1485,0,0
mcnt:5294,1488,1485,0,0
mcnt:5295,1488,1485,0,0
mcnt:5296,1488,1485,0,0
mcnt:5297,1488,1485,0,0
mcnt:5298,1488,1485,0,0
mcnt:5299,1488,1485,0,0
mcnt:5300,1488,1485,0,0
mcnt:5301,1488,1485,0,0
mcnt:5302,1488,1485,0,0
mcnt:5303,1488,1485,0,0
mcnt:5304,1488,1485,0,0
mcnt:5305,1488,1485,0,0
mcnt:5306,1488,1485,0,0
mcnt:5307,1488,1485,0,0
mcnt:5308,1488,1485,0,0
mcnt:5309,1488,1485,0,0
mcnt:5310,1488,1485,0,0
mcnt:5311,1488,1485,0,0
mcnt:5312,1488,1485,0,0
mcnt:5313,1488,1485,0,0
mcnt:5314,1488,1485,0,0
mcnt:5315,1488,1485,0,0
mcnt:5316,1488,1485,0,0
mcnt:5317,1488,1485,0,0
mcnt:5318,1488,1485,0,0
mcnt:5319,1488,1485,0,0
mcnt:5320,1488,1485,0,0
mcnt:5321,1488,1485,0,0
mcnt:5322,1488,1485,0,0
mcnt:5323,1488,1485,0,0
mcnt:5324,1488,1485,0,0
mcnt:5325,1488,1485,0,0
mcnt:5326,1488,1485,0,0
mcnt:5327,1488,1485,0,0
mcnt:5328,1488,1485,0,0
mcnt:5329,1488,1485,0,0
mcnt:5330,1488,1485,0,0
mcnt:5331,1488,1485,0,0
mcnt:5332,1488,1485,0,0
mcnt:5333,1488,1485,0,0
mcnt:5334,1488,1485,0,0
mcnt:5335,1488,1485,0,0
mcnt:5336,1488,1485,0,0
mcnt:5337,1488,1485,0,0
mcnt:5338,1488,1485,0,0
mcnt:5339,1488,1485,0,0
mcnt:5340,1488,1485,0,0
mcnt:5341,1488,1485,0,0
mcnt:5342,1488,1485,0,0
mcnt:5343,1488,1485,0,0
mcnt:5344,1488,1485,0,0
mcnt:5345,1488,1485,0,0
mcnt:5346,1488,1485,0,0
mcnt:5347,1488,1485,0,0
mcnt:5348,1488,1485,0,0
mcnt:5349,1488,1485,0,0
mcnt:5350,1488,1485,0,0
mcnt:5351,1488,1485,0,0
mcnt:5352,1488,1485,0,0
mcnt:5353,1488,1485,0,0
mcnt:5354,1488,1485,0,0
mcnt:5355,1488,1485,0,0
mcnt:5356,1488,1485,0,0
mcnt:5357,1488,1485,0,0
mcnt:5358,1488,1485,0,0
mcnt:5359,1488,1485,0,0
mcnt:5360,1488,1485,0,0
mcnt:5361,1488,1485,0,0
mcnt:5362,1488,1485,0,0
mcnt:5363,1488,1485,0,0
mcnt:5364,1488,1485,0,0
mcnt:5365,1488,1485,0,0
mcnt:5366,1488,1485,0,0
mcnt:5367,1488,1485,0,0
mcnt:5368,1488,1485,0,0
mcnt:5369,1488,1485,0,0
mcnt:5370,1488,1485,0,0
mcnt:5371,1488,1485,0,0
mcnt:5372,1488,1485,0,0
mcnt:5373,1488,1485,0,0
mcnt:5374,1488,1485,0,0
mcnt:5375,1488,1485,0,0
mcnt:5376,1488,1485,0,0
mcnt:5377,1488,1485,0,0
mcnt:5378,1488,1485,0,0
mcnt:5379,1488,1485,0,0
mcnt:5380,1488,1485,0,0
mcnt:5381,1488,1485,0,0
mcnt:5382,1488,1485,0,0
mcnt:5383,1488,1485,0,0
mcnt:5384,1488,1485,0,0
mcnt:5385,1488,1485,0,0
mcnt:5386,1488,1485,0,0
mcnt:5387,1488,1485,0,0
mcnt:5388,1488,1485,0,0
mcnt:5389,1488,1485,0,0
mcnt:5390,1488,1485,0,0
mcnt:5391,1488,1485,0,0
mcnt:5392,1488,1485,0,0
mcnt:5393,1488,1485,0,0
mcnt:5394,1488,1485,0,0
mcnt:5395,1488,1485,0,0
mcnt:5396,1488,1485,0,0
mcnt:5397,1488,1485,0,0
mcnt:5398,1488,1485,0,0
mcnt:5399,1488,1485,0,0
mcnt:5400,1488,1485,0,0
mcnt:5401,1488,1485,0,0
mcnt:5402,1488,1485,0,0
mcnt:5403,1488,1485,0,0
mcnt:5404,1488,1485,0,0
mcnt:5405,1488,1485,0,0
mcnt:5406,1488,1485,0,0
mcnt:5407,1488,1485,0,0
mcnt:5408,1488,1485,0,0
mcnt:5409,1488,1485,0,0
mcnt:5410,1488,1485,0,0
mcnt:5411,1488,1485,0,0
mcnt:5412,1488,1485,0,0
mcnt:5413,1488,1485,0,0
mcnt:5414,1488,1485,0,0
mcnt:5415,1488,1485,0,0
mcnt:5416,1488,1485,0,0
mcnt:5417,1488,1485,0,0
mcnt:5418,1488,1485,0,0
mcnt:5419,1488,1485,0,0
mcnt:5420,1488,1485,0,0
mcnt:5421,1488,1485,0,0
mcnt:5422,1488,1485,0,0
mcnt:5423,1488,1485,0,0
mcnt:5424,1488,1486,0,0
mcnt:5425,1488,1486,0,0
mcnt:5426,1488,1486,0,0
mcnt:5427,1488,1486,0,0
mcnt:5428,1488,1486,0,0
mcnt:5429,1488,1486,0,0
mcnt:5430,1488,1486,0,0
mcnt:5431,1488,1486,0,0
mcnt:5432,1488,1486,0,0
mcnt:5433,1488,1486,0,0
mcnt:5434,1488,1486,0,0
mcnt:5435,1488,1486,0,0
mcnt:5436,1488,1486,0,0
mcnt:5437,1488,1486,0,0
mcnt:5438,1488,1486,0,0
mcnt:5439,1488,1486,0,0
mcnt:5440,1488,1486,0,0
mcnt:5441,1488,1486,0,0
mcnt:5442,1488,1486,0,0
mcnt:5443,1488,1486,0,0
mcnt:5444,1488,1486,0,0
mcnt:5445,1488,1486,0,0
mcnt:5446,1488,1486,0,0
mcnt:5447,1488,1486,0,0
mcnt:5448,1488,1486,0,0
mcnt:5449,1488,1486,0,0
mcnt:5450,1488,1486,0,0
mcnt:5451,1488,1486,0,0
mcnt:5452,1488,1486,0,0
mcnt:5453,1488,1486,0,0
mcnt:5454,1488,1486,0,0
mcnt:5455,1488,1487,0,0
mcnt:5456,1488,1487,0,0
mcnt:5457,1488,1486,0,0
mcnt:5458,1488,1487,0,0
mcnt:5459,1488,1487,0,0
mcnt:5460,1488,1487,0,0
mcnt:5461,1488,1487,0,0
mcnt:5462,1488,1487,0,0
mcnt:5463,1488,1487,0,0
mcnt:5464,1488,1487,0,0
mcnt:5465,1488,1487,0,0
mcnt:5466,1488,1487,0,0
mcnt:5467,1488,1487,0,0
mcnt:5468,1488,1487,0,0
mcnt:5469,1488,1487,0,0
mcnt:5470,1488,1487,0,0
mcnt:5471,1488,1487,0,0
mcnt:5472,1488,1487,0,0
mcnt:5473,1488,1487,0,0
mcnt:5474,1488,1487,0,0
mcnt:5475,1488,1487,0,0
mcnt:5476,1488,1487,0,0
mcnt:5477,1488,1487,0,0
mcnt:5478,1488,1487,0,0
mcnt:5479,1488,1487,0,0
mcnt:5480,1488,1487,0,0
mcnt:5481,1488,1487,0,0
mcnt:5482,1488,1487,0,0
mcnt:5483,1488,1487,0,0
mcnt:5484,1488,1487,0,0
mcnt:5485,1488,1487,0,0
mcnt:5486,1488,1487,0,0
mcnt:5487,1488,1487,0,0
mcnt:5488,1488,1487,0,0
mcnt:5489,1488,1487,0,0
mcnt:5490,1488,1487,0,0
mcnt:5491,1488,1487,0,0
mcnt:5492,1488,1487,0,0
mcnt:5493,1488,1487,0,0
mcnt:5494,1488,1487,0,0
mcnt:5495,1488,1487,0,0
mcnt:5496,1488,1487,0,0
mcnt:5497,1488,1487,0,0
mcnt:5498,1488,1487,0,0
mcnt:5499,1488,1487,0,0
mcnt:5500,1488,1487,0,0
mcnt:5501,1488,1487,0,0
mcnt:5502,1488,1487,0,0
mcnt:5503,1488,1487,0,0
mcnt:5504,1488,1487,0,0
mcnt:5505,1488,1487,0,0
mcnt:5506,1488,1487,0,0
mcnt:5507,1488,1487,0,0
mcnt:5508,1488,1487,0,0
mcnt:5509,1488,1487,0,0
mcnt:5510,1488,1487,0,0
mcnt:5511,1488,1487,0,0
mcnt:5512,1488,1487,0,0
mcnt:5513,1488,1487,0,0
mcnt:5514,1488,1487,0,0
mcnt:5515,1488,1487,0,0
mcnt:5516,1488,1487,0,0
mcnt:5517,1488,1487,0,0
mcnt:5518,1488,1487,0,0
mcnt:5519,1488,1487,0,0
mcnt:5520,1488,1487,0,0
mcnt:5521,1488,1487,0,0
mcnt:5522,1488,1487,0,0
mcnt:5523,1488,1487,0,0
mcnt:5524,1488,1487,0,0
mcnt:5525,1488,1487,0,0
mcnt:5526,1488,1487,0,0
mcnt:5527,1488,1487,0,0
mcnt:5528,1488,1487,0,0
mcnt:5529,1488,1487,0,0
mcnt:5530,1488,1487,0,0
mcnt:5531,1488,1487,0,0
mcnt:5532,1488,1487,0,0
mcnt:5533,1488,1487,0,0
mcnt:5534,1488,1487,0,0
mcnt:5535,1492,1492,0,0
mcnt:5536,1510,1511,0,0
mcnt:5537,1525,1526,0,0
mcnt:5538,1540,1540,0,0
mcnt:5539,1551,1551,0,0
mcnt:5540,1569,1570,0,0
mcnt:5541,1594,1595,0,0
mcnt:5542,1600,1599,0,0
mcnt:5543,1600,1599,0,0
mcnt:5544,1600,1600,0,0
mcnt:5545,1629,1632,0,0
mcnt:5546,1664,1666,0,0
mcnt:5547,1685,1684,0,0
mcnt:5548,1685,1684,0,0
mcnt:5549,1685,1684,0,0
mcnt:5550,1699,1700,0,0
mcnt:5551,1721,1721,0,0
mcnt:5552,1740,1741,0,0
mcnt:5553,1747,1745,0,0
mcnt:5554,1747,1745,0,0
mcnt:5555,1747,1745,0,0
mcnt:5556,1749,1748,0,0
mcnt:5557,1759,1758,0,0
mcnt:5558,1762,1760,0,0
mcnt:5559,1762,1760,0,0
mcnt:5560,1762,1760,0,0
mcnt:5561,1762,1760,0,0
mcnt:5562,1762,1760,0,0
mcnt:5563,1762,1760,0,0
mcnt:5564,1762,1760,0,0
mcnt:5565,1762,1760,0,0
mcnt:5566,1771,1770,0,0
mcnt:5567,1777,1775,0,0
mcnt:5568,1777,1775,0,0
mcnt:5569,1777,1775,0,0
mcnt:5570,1777,1775,0,0
mcnt:5571,1777,1775,0,0
mcnt:5572,1777,1775,0,0
mcnt:5573,1777,1775,0,0
mcnt:5574,1777,1775,0,0
mcnt:5575,1777,1775,0,0
mcnt:5576,1777,1775,0,0
mcnt:5577,1777,1775,0,0
mcnt:5578,1777,1775,0,0
mcnt:5579,1777,1775,0,0
mcnt:5580,1777,1775,0,0
mcnt:5581,1777,1775,0,0
mcnt:5582,1777,1775,0,0
mcnt:5583,1777,1775,0,0
mcnt:5584,1777,1775,0,0
mcnt:5585,1777,1775,0,0
mcnt:5586,1777,1775,0,0
mcnt:5587,1777,1775,0,0
mcnt:5588,1777,1775,0,0
mcnt:5589,1777,1775,0,0
mcnt:5590,1777,1775,0,0
mcnt:5591,1777,1775,0,0
mcnt:5592,1777,1775,0,0
mcnt:5593,1777,1774,0,0
mcnt:5594,1777,1774,0,0
mcnt:5595,1777,1774,0,0
mcnt:5596,1777,1774,0,0
mcnt:5597,1777,1774,0,0
mcnt:5598,1777,1774,0,0
mcnt:5599,1777,1774,0,0
mcnt:5600,1777,1774,0,0
mcnt:5601,1777,1774,0,0
mcnt:5602,1777,1774,0,0
mcnt:5603,1777,1774,0,0
mcnt:5604,1777,1774,0,0
mcnt:5605,1777,1774,0,0
mcnt:5606,1777,1774,0,0
mcnt:5607,1777,1774,0,0
mcnt:5608,1777,1774,0,0
mcnt:5609,1777,1774,0,0
mcnt:5610,1777,1774,0,0
mcnt:5611,1777,1774,0,0
mcnt:5612,1777,1774,0,0
mcnt:5613,1777,1774,0,0
mcnt:5614,1776,1774,0,0
mcnt:5615,1776,1774,0,0
mcnt:5616,1776,1774,0,0
mcnt:5617,1776,1774,0,0
mcnt:5618,1776,1774,0,0
mcnt:5619,1776,1774,0,0
mcnt:5620,1776,1774,0,0
mcnt:5621,1776,1774,0,0
mcnt:5622,1776,1774,0,0
mcnt:5623,1776,1774,0,0
mcnt:5624,1776,1774,0,0
mcnt:5625,1776,1774,0,0
mcnt:5626,1776,1774,0,0
mcnt:5627,1776,1774,0,0
mcnt:5628,1775,1774,0,0
mcnt:5629,1776,1774,0,0
mcnt:5630,1776,1774,0,0
mcnt:5631,1775,1773,0,0
mcnt:5632,1775,1773,0,0
mcnt:5633,1775,1773,0,0
mcnt:5634,1775,1774,0,0
mcnt:5635,1775,1773,0,0
mcnt:5636,1775,1773,0,0
mcnt:5637,1775,1773,0,0
mcnt:5638,1775,1773,0,0
mcnt:5639,1775,1773,0,0
mcnt:5640,1775,1774,0,0
mcnt:5641,1775,1774,0,0
mcnt:5642,1775,1774,0,0
mcnt:5643,1775,1774,0,0
mcnt:5644,1775,1774,0,0
mcnt:5645,1775,1774,0,0
mcnt:5646,1775,1774,0,0
mcnt:5647,1775,1774,0,0
mcnt:5648,1775,1774,0,0
mcnt:5649,1775,1774,0,0
mcnt:5650,1775,1774,0,0
mcnt:5651,1775,1774,0,0
mcnt:5652,1775,1774,0,0
mcnt:5653,1775,1774,0,0
mcnt:5654,1775,1774,0,0
mcnt:5655,1775,1774,0,0
mcnt:5656,1775,1774,0,0
mcnt:5657,1775,1774,0,0
mcnt:5658,1775,1774,0,0
mcnt:5659,1775,1774,0,0
mcnt:5660,1775,1774,0,0
mcnt:5661,1775,1774,0,0
mcnt:5662,1775,1774,0,0
mcnt:5663,1775,1774,0,0
mcnt:5664,1775,1774,0,0
mcnt:5665,1775,1774,0,0
mcnt:5666,1775,1774,0,0
mcnt:5667,1775,1774,0,0
mcnt:5668,1775,1774,0,0
mcnt:5669,1775,1774,0,0
mcnt:5670,1775,1774,0,0
mcnt:5671,1775,1774,0,0
mcnt:5672,1776,1774,0,0
mcnt:5673,1775,1774,0,0
mcnt:5674,1776,1774,0,0
mcnt:5675,1776,1774,0,0
mcnt:5676,1776,1774,0,0
mcnt:5677,1776,1774,0,0
mcnt:5678,1776,1774,0,0
mcnt:5679,1776,1774,0,0
mcnt:5680,1776,1774,0,0
mcnt:5681,1776,1774,0,0
mcnt:5682,1776,1774,0,0
mcnt:5683,1776,1774,0,0
mcnt:5684,1776,1774,0,0
mcnt:5685,1776,1774,0,0
mcnt:5686,1776,1774,0,0
mcnt:5687,1777,1774,0,0
mcnt:5688,1777,1774,0,0
mcnt:5689,1777,1774,0,0
mcnt:5690,1777,1774,0,0
mcnt:5691,1777,1774,0,0
mcnt:5692,1777,1774,0,0
mcnt:5693,1777,1774,0,0
mcnt:5694,1777,1774,0,0
mcnt:5695,1777,1774,0,0
mcnt:5696,1777,1774,0,0
mcnt:5697,1777,1774,0,0
mcnt:5698,1777,1774,0,0
mcnt:5699,1777,1774,0,0
mcnt:5700,1777,1774,0,0
mcnt:5701,1777,1774,0,0
mcnt:5702,1777,1774,0,0
mcnt:5703,1777,1774,0,0
mcnt:5704,1777,1774,0,0
mcnt:5705,1777,1774,0,0
mcnt:5706,1777,1774,0,0
mcnt:5707,1777,1774,0,0
mcnt:5708,1777,1774,0,0
mcnt:5709,1777,1774,0,0
mcnt:5710,1777,1774,0,0
mcnt:5711,1777,1774,0,0
mcnt:5712,1777,1774,0,0
mcnt:5713,1777,1774,0,0
mcnt:5714,1777,1774,0,0
mcnt:5715,1777,1774,0,0
mcnt:5716,1777,1774,0,0
mcnt:5717,1777,1774,0,0
mcnt:5718,1777,1774,0,0
mcnt:5719,1777,1774,0,0
mcnt:5720,1777,1774,0,0
mcnt:5721,1777,1774,0,0
mcnt:5722,1777,1774,0,0
mcnt:5723,1777,1774,0,0
mcnt:5724,1777,1774,0,0
mcnt:5725,1777,1774,0,0
mcnt:5726,1777,1774,0,0
mcnt:5727,1777,1774,0,0
mcnt:5728,1777,1774,0,0
mcnt:5729,1777,1774,0,0
mcnt:5730,1777,1774,0,0
mcnt:5731,1777,1774,0,0
mcnt:5732,1777,1774,0,0
mcnt:5733,1777,1774,0,0
mcnt:5734,1777,1774,0,0
mcnt:5735,1777,1774,0,0
mcnt:5736,1777,1774,0,0
mcnt:5737,1777,1774,0,0
mcnt:5738,1777,1774,0,0
mcnt:5739,1777,1774,0,0
mcnt:5740,1777,1774,0,0
mcnt:5741,1777,1774,0,0
mcnt:5742,1777,1774,0,0
mcnt:5743,1777,1774,0,0
mcnt:5744,1777,1774,0,0
mcnt:5745,1777,1775,0,0
mcnt:5746,1777,1775,0,0
mcnt:5747,1777,1775,0,0
mcnt:5748,1777,1775,0,0
mcnt:5749,1777,1775,0,0
mcnt:5750,1777,1775,0,0
mcnt:5751,1777,1775,0,0
mcnt:5752,1777,1775,0,0
mcnt:5753,1777,1775,0,0
mcnt:5754,1777,1775,0,0
mcnt:5755,1777,1775,0,0
mcnt:5756,1777,1775,0,0
mcnt:5757,1777,1775,0,0
mcnt:5758,1777,1775,0,0
mcnt:5759,1777,1775,0,0
mcnt:5760,1777,1775,0,0
mcnt:5761,1777,1775,0,0
mcnt:5762,1777,1775,0,0
mcnt:5763,1777,1775,0,0
mcnt:5764,1777,1775,0,0
mcnt:5765,1777,1775,0,0
mcnt:5766,1777,1775,0,0
mcnt:5767,1777,1775,0,0
mcnt:5768,1777,1775,0,0
mcnt:5769,1777,1775,0,0
mcnt:5770,1777,1775,0,0
mcnt:5771,1777,1775,0,0
mcnt:5772,1777,1775,0,0
mcnt:5773,1777,1775,0,0
mcnt:5774,1777,1775,0,0
mcnt:5775,1777,1775,0,0
mcnt:5776,1777,1775,0,0
mcnt:5777,1777,1775,0,0
mcnt:5778,1777,1775,0,0
mcnt:5779,1777,1775,0,0
mcnt:5780,1777,1775,0,0
mcnt:5781,1777,1775,0,0
mcnt:5782,1777,1775,0,0
mcnt:5783,1777,1775,0,0
mcnt:5784,1777,1775,0,0
mcnt:5785,1777,1775,0,0
mcnt:5786,1777,1775,0,0
mcnt:5787,1777,1775,0,0
mcnt:5788,1777,1775,0,0
mcnt:5789,1777,1775,0,0
mcnt:5790,1777,1775,0,0
mcnt:5791,1777,1775,0,0
mcnt:5792,1777,1775,0,0
mcnt:5793,1777,1775,0,0
mcnt:5794,1777,1775,0,0
mcnt:5795,1777,1775,0,0
mcnt:5796,1777,1775,0,0
mcnt:5797,1777,1775,0,0
mcnt:5798,1777,1775,0,0
mcnt:5799,1777,1775,0,0
mcnt:5800,1784,1784,0,0
mcnt:5801,1795,1794,0,0
mcnt:5802,1799,1797,0,0
mcnt:5803,1803,1802,0,0
mcnt:5804,1805,1803,0,0
mcnt:5805,1805,1803,0,0
mcnt:5806,1805,1803,0,0
mcnt:5807,1805,1803,0,0
mcnt:5808,1805,1803,0,0
mcnt:5809,1805,1803,0,0
mcnt:5810,1805,1803,0,0
mcnt:5811,1805,1803,0,0
mcnt:5812,1805,1803,0,0
mcnt:5813,1805,1803,0,0
mcnt:5814,1805,1804,0,0
mcnt:5815,1805,1804,0,0
mcnt:5816,1805,1803,0,0
mcnt:5817,1805,1804,0,0
mcnt:5818,1805,1803,0,0
mcnt:5819,1805,1803,0,0
mcnt:5820,1805,1803,0,0
mcnt:5821,1805,1803,0,0
mcnt:5822,1805,1804,0,0
mcnt:5823,1805,1803,0,0
mcnt:5824,1805,1804,0,0
mcnt:5825,1805,1804,0,0
mcnt:5826,1805,1803,0,0
mcnt:5827,1805,1804,0,0
mcnt:5828,1805,1803,0,0
mcnt:5829,1805,1804,0,0
mcnt:5830,1805,1804,0,0
mcnt:5831,1805,1804,0,0
mcnt:5832,1805,1804,0,0
mcnt:5833,1805,1804,0,0
mcnt:5834,1805,1803,0,0
mcnt:5835,1805,1804,0,0
mcnt:5836,1805,1803,0,0
mcnt:5837,1805,1804,0,0
mcnt:5838,1805,1804,0,0
mcnt:5839,1805,1804,0,0
mcnt:5840,1805,1803,0,0
mcnt:5841,1805,1804,0,0
mcnt:5842,1805,1804,0,0
mcnt:5843,1805,1804,0,0
mcnt:5844,1805,1804,0,0
mcnt:5845,1805,1804,0,0
mcnt:5846,1805,1803,0,0
mcnt:5847,1805,1803,0,0
mcnt:5848,1805,1804,0,0
mcnt:5849,1805,1804,0,0
mcnt:5850,1805,1803,0,0
mcnt:5851,1805,1804,0,0
mcnt:5852,1805,1804,0,0
mcnt:5853,1805,1803,0,0
mcnt:5854,1805,1804,0,0
mcnt:5855,1805,1804,0,0
mcnt:5856,1805,1804,0,0
mcnt:5857,1805,1804,0,0
mcnt:5858,1805,1804,0,0
mcnt:5859,1805,1804,0,0
mcnt:5860,1805,1804,0,0
mcnt:5861,1805,1804,0,0
mcnt:5862,1805,1804,0,0
mcnt:5863,1805,1804,0,0
mcnt:5864,1805,1804,0,0
mcnt:5865,1805,1804,0,0
mcnt:5866,1805,1804,0,0
mcnt:5867,1805,1804,0,0
mcnt:5868,1805,1804,0,0
mcnt:5869,1805,1804,0,0
mcnt:5870,1805,1804,0,0
mcnt:5871,1805,1804,0,0
mcnt:5872,1805,1804,0,0
mcnt:5873,1805,1804,0,0
mcnt:5874,1805,1804,0,0
mcnt:5875,1805,1804,0,0
mcnt:5876,1805,1803,0,0
mcnt:5877,1805,1804,0,0
mcnt:5878,1805,1804,0,0
mcnt:5879,1805,1804,0,0
mcnt:5880,1805,1804,0,0
mcnt:5881,1805,1804,0,0
mcnt:5882,1805,1804,0,0
mcnt:5883,1805,1804,0,0
mcnt:5884,1805,1803,0,0
mcnt:5885,1805,1804,0,0
mcnt:5886,1805,1804,0,0
mcnt:5887,1805,1804,0,0
mcnt:5888,1805,1804,0,0
mcnt:5889,1805,1804,0,0
mcnt:5890,1805,1804,0,0
mcnt:5891,1805,1804,0,0
mcnt:5892,1805,1804,0,0
mcnt:5893,1805,1804,0,0
mcnt:5894,1805,1804,0,0
mcnt:5895,1805,1803,0,0
mcnt:5896,1805,1803,0,0
mcnt:5897,1805,1804,0,0
mcnt:5898,1805,1804,0,0
mcnt:5899,1805,1804,0,0
mcnt:5900,1805,1804,0,0
mcnt:5901,1805,1803,0,0
mcnt:5902,1805,1804,0,0
mcnt:5903,1805,1804,0,0
mcnt:5904,1805,1803,0,0
mcnt:5905,1805,1804,0,0
mcnt:5906,1805,1804,0,0
mcnt:5907,1805,1804,0,0
mcnt:5908,1805,1803,0,0
mcnt:5909,1805,1804,0,0
mcnt:5910,1805,1804,0,0
mcnt:5911,1805,1804,0,0
mcnt:5912,1805,1804,0,0
mcnt:5913,1805,1804,0,0
mcnt:5914,1805,1804,0,0
mcnt:5915,1805,1804,0,0
mcnt:5916,1805,1804,0,0
mcnt:5917,1805,1804,0,0
mcnt:5918,1805,1804,0,0
mcnt:5919,1805,1804,0,0
mcnt:5920,1805,1804,0,0
mcnt:5921,1805,1804,0,0
mcnt:5922,1805,1804,0,0
mcnt:5923,1805,1804,0,0
mcnt:5924,1805,1804,0,0
mcnt:5925,1805,1804,0,0
mcnt:5926,1805,1804,0,0
mcnt:5927,1805,1803,0,0
mcnt:5928,1805,1804,0,0
mcnt:5929,1805,1803,0,0
mcnt:5930,1805,1804,0,0
mcnt:5931,1805,1804,0,0
mcnt:5932,1805,1804,0,0
mcnt:5933,1805,1803,0,0
mcnt:5934,1805,1804,0,0
mcnt:5935,1805,1804,0,0
mcnt:5936,1805,1804,0,0
mcnt:5937,1805,1804,0,0
mcnt:5938,1805,1804,0,0
mcnt:5939,1805,1803,0,0
mcnt:5940,1805,1803,0,0
mcnt:5941,1805,1804,0,0
mcnt:5942,1805,1804,0,0
mcnt:5943,1805,1804,0,0
mcnt:5944,1805,1804,0,0
mcnt:5945,1805,1804,0,0
mcnt:5946,1805,1804,0,0
mcnt:5947,1805,1804,0,0
mcnt:5948,1805,1803,0,0
mcnt:5949,1805,1803,0,0
mcnt:5950,1805,1804,0,0
mcnt:5951,1805,1804,0,0
mcnt:5952,1805,1804,0,0
mcnt:5953,1805,1804,0,0
mcnt:5954,1805,1804,0,0
mcnt:5955,1805,1804,0,0
mcnt:5956,1805,1804,0,0
mcnt:5957,1805,1804,0,0
mcnt:5958,1805,1804,0,0
mcnt:5959,1805,1804,0,0
mcnt:5960,1805,1804,0,0
mcnt:5961,1805,1803,0,0
mcnt:5962,1805,1804,0,0
mcnt:5963,1805,1804,0,0
mcnt:5964,1805,1803,0,0
mcnt:5965,1805,1804,0,0
mcnt:5966,1805,1803,0,0
mcnt:5967,1805,1804,0,0
mcnt:5968,1805,1803,0,0
mcnt:5969,1805,1804,0,0
mcnt:5970,1805,1804,0,0
mcnt:5971,1805,1804,0,0
mcnt:5972,1805,1804,0,0
mcnt:5973,1805,1803,0,0
mcnt:5974,1805,1803,0,0
mcnt:5975,1805,1804,0,0
mcnt:5976,1805,1803,0,0
mcnt:5977,1805,1803,0,0
mcnt:5978,1805,1803,0,0
mcnt:5979,1805,1803,0,0
mcnt:5980,1805,1804,0,0
mcnt:5981,1805,1803,0,0
mcnt:5982,1805,1803,0,0
mcnt:5983,1805,1803,0,0
mcnt:5984,1805,1803,0,0
mcnt:5985,1805,1803,0,0
mcnt:5986,1805,1803,0,0
mcnt:5987,1805,1803,0,0
mcnt:5988,1805,1803,0,0
mcnt:5989,1805,1803,0,0
mcnt:5990,1805,1803,0,0
mcnt:5991,1805,1803,0,0
mcnt:5992,1805,1803,0,0
mcnt:5993,1805,1803,0,0
mcnt:5994,1805,1803,0,0
mcnt:5995,1805,1803,0,0
mcnt:5996,1805,1803,0,0
mcnt:5997,1805,1803,0,0
mcnt:5998,1805,1803,0,0
mcnt:5999,1805,1803,0,0
Publishing to [pub_prod]: {"id":"rx01","ch1":"94.00@93.87@41.72@16.04@14.86@7.30@94.07@85.87","ch2":"100.00@99.93@44.41@17.07@15.82@7.84@100.07@91.80","ch3":"-0.33","ch4":"4.03"}
Published.
