パラメータ
ch3: large 20.08 adc 1805,small 4.66 adc 418
ch4: large 20.08 adc 1798,small 4.03 adc 360

以下、adcの値で、ch3,ch4の平均は、mqttへの出力と合っているか？


mcnt:0,0,0,1302,1296
mcnt:1,0,0,1302,1296
mcnt:2,0,0,1302,1296
mcnt:3,0,0,1302,1296
mcnt:4,0,0,1302,1296
mcnt:5,0,0,1302,1296
mcnt:6,0,0,1302,1296
mcnt:7,0,0,1302,1296
mcnt:8,0,0,1302,1296
mcnt:9,0,0,1302,1296
mcnt:10,0,0,1301,1296
mcnt:11,0,0,1302,1296
mcnt:12,0,0,1302,1296
mcnt:13,0,0,1302,1296
mcnt:14,0,0,1302,1296
mcnt:15,0,0,1302,1296
mcnt:16,0,0,1302,1296
mcnt:17,0,0,1302,1296
mcnt:18,0,0,1302,1296
mcnt:19,0,0,1302,1296
mcnt:20,0,0,1302,1296
mcnt:21,0,0,1302,1296
mcnt:22,0,0,1302,1296
mcnt:23,0,0,1302,1296
mcnt:24,0,0,1301,1296
mcnt:25,0,0,1302,1296
mcnt:26,0,0,1301,1296
mcnt:27,0,0,1302,1296
mcnt:28,0,0,1302,1296
mcnt:29,0,0,1302,1296
mcnt:30,0,0,1302,1296
mcnt:31,0,0,1302,1296
mcnt:32,0,0,1302,1296
mcnt:33,0,0,1302,1296
mcnt:34,0,0,1301,1296
mcnt:35,0,0,1302,1296
mcnt:36,0,0,1302,1296
mcnt:37,0,0,1302,1296
mcnt:38,0,0,1302,1296
mcnt:39,0,0,1302,1296
mcnt:40,0,0,1302,1296
mcnt:41,0,0,1289,1283
mcnt:42,0,0,1248,1241
mcnt:43,0,0,1196,1191
mcnt:44,0,0,1195,1190
mcnt:45,0,0,1195,1190
mcnt:46,0,0,1170,1163
mcnt:47,0,0,1116,1109
mcnt:48,0,0,1098,1094
mcnt:49,0,0,1099,1094
mcnt:50,0,0,1090,1084
mcnt:51,0,0,1043,1036
mcnt:52,0,0,1014,1010
mcnt:53,0,0,1014,1010
mcnt:54,0,0,1004,998
mcnt:55,0,0,962,956
mcnt:56,0,0,942,938
mcnt:57,0,0,943,939
mcnt:58,0,0,930,925
mcnt:59,0,0,905,900
mcnt:60,0,0,882,878
mcnt:61,0,0,880,876
mcnt:62,0,0,880,876
mcnt:63,0,0,869,863
mcnt:64,0,0,838,832
mcnt:65,0,0,822,818
mcnt:66,0,0,821,818
mcnt:67,0,0,821,818
mcnt:68,0,0,822,818
mcnt:69,0,0,821,818
mcnt:70,0,0,822,818
mcnt:71,0,0,821,818
mcnt:72,0,0,822,818
mcnt:73,0,0,821,818
mcnt:74,0,0,821,818
mcnt:75,0,0,821,818
mcnt:76,0,0,821,818
mcnt:77,0,0,821,818
mcnt:78,0,0,821,818
mcnt:79,0,0,821,818
mcnt:80,0,0,821,818
mcnt:81,0,0,821,818
mcnt:82,0,0,821,818
mcnt:83,0,0,821,818
mcnt:84,0,0,821,818
mcnt:85,0,0,821,818
mcnt:86,0,0,821,818
mcnt:87,0,0,821,818
mcnt:88,0,0,821,818
mcnt:89,0,0,821,818
mcnt:90,0,0,821,818
mcnt:91,0,0,821,818
mcnt:92,0,0,821,818
mcnt:93,0,0,821,818
mcnt:94,0,0,821,818
mcnt:95,0,0,822,818
mcnt:96,0,0,821,818
mcnt:97,0,0,821,818
mcnt:98,0,0,821,818
mcnt:99,0,0,821,818
mcnt:100,0,0,821,818
mcnt:101,0,0,821,818
mcnt:102,0,0,821,818
mcnt:103,0,0,821,818
mcnt:104,0,0,821,818
mcnt:105,0,0,821,818
mcnt:106,0,0,821,818
mcnt:107,0,0,821,818
mcnt:108,0,0,821,818
mcnt:109,0,0,821,818
mcnt:110,0,0,821,818
mcnt:111,0,0,821,818
mcnt:112,0,0,821,818
mcnt:113,0,0,821,818
mcnt:114,0,0,821,818
mcnt:115,0,0,821,818
mcnt:116,0,0,821,818
mcnt:117,0,0,821,818
mcnt:118,0,0,821,818
mcnt:119,0,0,821,818
mcnt:120,0,0,821,818
mcnt:121,0,0,821,818
mcnt:122,0,0,821,818
mcnt:123,0,0,821,818
mcnt:124,0,0,821,818
mcnt:125,0,0,821,818
mcnt:126,0,0,821,818
mcnt:127,0,0,821,818
mcnt:128,0,0,821,818
mcnt:129,0,0,821,818
mcnt:130,0,0,821,818
mcnt:131,0,0,821,818
mcnt:132,0,0,821,818
mcnt:133,0,0,821,818
mcnt:134,0,0,821,818
mcnt:135,0,0,821,818
mcnt:136,0,0,821,818
mcnt:137,0,0,821,818
mcnt:138,0,0,821,818
mcnt:139,0,0,821,818
mcnt:140,0,0,821,818
mcnt:141,0,0,821,819
mcnt:142,0,0,821,819
mcnt:143,0,0,821,818
mcnt:144,0,0,821,819
mcnt:145,0,0,821,819
mcnt:146,0,0,821,819
mcnt:147,0,0,821,819
mcnt:148,0,0,821,819
mcnt:149,0,0,821,819
mcnt:150,0,0,821,819
mcnt:151,0,0,821,819
mcnt:152,0,0,821,819
mcnt:153,0,0,821,819
mcnt:154,0,0,821,819
mcnt:155,0,0,821,819
mcnt:156,0,0,821,819
mcnt:157,0,0,821,819
mcnt:158,0,0,821,819
mcnt:159,0,0,821,819
mcnt:160,0,0,821,819
mcnt:161,0,0,821,819
mcnt:162,0,0,821,819
mcnt:163,0,0,821,819
mcnt:164,0,0,821,819
mcnt:165,0,0,821,819
mcnt:166,0,0,821,819
mcnt:167,0,0,821,819
mcnt:168,0,0,821,819
mcnt:169,0,0,821,819
mcnt:170,0,0,821,819
mcnt:171,0,0,821,819
mcnt:172,0,0,821,819
mcnt:173,0,0,821,819
mcnt:174,0,0,821,819
mcnt:175,0,0,821,819
mcnt:176,0,0,821,819
mcnt:177,0,0,821,819
mcnt:178,0,0,821,819
mcnt:179,0,0,821,819
mcnt:180,0,0,821,819
mcnt:181,0,0,821,819
mcnt:182,0,0,821,819
mcnt:183,0,0,821,819
mcnt:184,0,0,821,819
mcnt:185,0,0,821,819
mcnt:186,0,0,821,819
mcnt:187,0,0,821,819
mcnt:188,0,0,821,819
mcnt:189,0,0,821,819
mcnt:190,0,0,821,819
mcnt:191,0,0,821,819
mcnt:192,0,0,821,819
mcnt:193,0,0,821,819
mcnt:194,0,0,821,819
mcnt:195,0,0,821,819
mcnt:196,0,0,821,819
mcnt:197,0,0,821,819
mcnt:198,0,0,821,819
mcnt:199,0,0,821,819
mcnt:200,0,0,800,796
mcnt:201,0,0,780,778
mcnt:202,0,0,777,775
mcnt:203,0,0,777,775
mcnt:204,0,0,773,770
mcnt:205,0,0,742,738
mcnt:206,0,0,701,697
mcnt:207,0,0,682,680
mcnt:208,0,0,682,681
mcnt:209,0,0,682,680
mcnt:210,0,0,682,680
mcnt:211,0,0,665,663
mcnt:212,0,0,633,630
mcnt:213,0,0,602,600
mcnt:214,0,0,599,598
mcnt:215,0,0,599,598
mcnt:216,0,0,599,598
mcnt:217,0,0,599,598
mcnt:218,0,0,600,598
mcnt:219,0,0,600,598
mcnt:220,0,0,600,598
mcnt:221,0,0,600,598
mcnt:222,0,0,600,598
mcnt:223,0,0,600,598
mcnt:224,0,0,600,598
mcnt:225,0,0,600,598
mcnt:226,0,0,600,598
mcnt:227,0,0,600,598
mcnt:228,0,0,600,598
mcnt:229,0,0,600,598
mcnt:230,0,0,600,598
mcnt:231,0,0,600,598
mcnt:232,0,0,600,598
mcnt:233,0,0,600,598
mcnt:234,0,0,600,599
mcnt:235,0,0,600,599
mcnt:236,0,0,600,598
mcnt:237,0,0,600,598
mcnt:238,0,0,603,602
mcnt:239,0,0,632,633
mcnt:240,0,0,686,686
mcnt:241,0,0,715,714
mcnt:242,0,0,719,717
mcnt:243,0,0,718,716
mcnt:244,0,0,744,744
mcnt:245,0,0,789,790
mcnt:246,0,0,823,820
mcnt:247,0,0,823,820
mcnt:248,0,0,823,821
mcnt:249,0,0,869,869
mcnt:250,0,0,920,920
mcnt:251,0,0,938,936
mcnt:252,0,0,938,936
mcnt:253,0,0,949,949
mcnt:254,0,0,1011,1012
mcnt:255,0,0,1064,1062
mcnt:256,0,0,1067,1064
mcnt:257,0,0,1067,1064
mcnt:258,0,0,1106,1106
mcnt:259,0,0,1164,1163
mcnt:260,0,0,1181,1178
mcnt:261,0,0,1181,1178
mcnt:262,0,0,1193,1191
mcnt:263,0,0,1241,1240
mcnt:264,0,0,1287,1283
mcnt:265,0,0,1288,1285
mcnt:266,0,0,1289,1286
mcnt:267,0,0,1332,1330
mcnt:268,0,0,1384,1382
mcnt:269,0,0,1391,1387
mcnt:270,0,0,1391,1387
mcnt:271,0,0,1391,1387
mcnt:272,0,0,1391,1387
mcnt:273,0,0,1391,1387
mcnt:274,0,0,1391,1387
mcnt:275,0,0,1391,1387
mcnt:276,0,0,1391,1387
mcnt:277,0,0,1391,1387
mcnt:278,0,0,1391,1387
mcnt:279,0,0,1391,1387
mcnt:280,0,0,1391,1387
mcnt:281,0,0,1391,1387
mcnt:282,0,0,1391,1387
mcnt:283,0,0,1391,1387
mcnt:284,0,0,1391,1387
mcnt:285,0,0,1391,1387
mcnt:286,0,0,1391,1387
mcnt:287,0,0,1391,1387
mcnt:288,0,0,1391,1387
mcnt:289,0,0,1391,1387
mcnt:290,0,0,1391,1387
mcnt:291,0,0,1391,1387
mcnt:292,0,0,1391,1387
mcnt:293,0,0,1391,1387
mcnt:294,0,0,1391,1386
mcnt:295,0,0,1391,1386
mcnt:296,0,0,1391,1386
mcnt:297,0,0,1391,1386
mcnt:298,0,0,1391,1386
mcnt:299,0,0,1391,1387
mcnt:300,0,0,1391,1386
mcnt:301,0,0,1391,1386
mcnt:302,0,0,1391,1386
mcnt:303,0,0,1391,1386
mcnt:304,0,0,1391,1386
mcnt:305,0,0,1391,1386
mcnt:306,0,0,1391,1386
mcnt:307,0,0,1391,1386
mcnt:308,0,0,1391,1386
mcnt:309,0,0,1391,1386
mcnt:310,0,0,1391,1386
mcnt:311,0,0,1391,1386
mcnt:312,0,0,1391,1386
mcnt:313,0,0,1391,1386
mcnt:314,0,0,1391,1386
mcnt:315,0,0,1391,1386
mcnt:316,0,0,1391,1386
mcnt:317,0,0,1391,1386
mcnt:318,0,0,1391,1386
mcnt:319,0,0,1391,1386
mcnt:320,0,0,1391,1386
mcnt:321,0,0,1391,1386
mcnt:322,0,0,1391,1386
mcnt:323,0,0,1391,1386
mcnt:324,0,0,1391,1386
mcnt:325,0,0,1391,1386
mcnt:326,0,0,1391,1386
mcnt:327,0,0,1391,1386
mcnt:328,0,0,1391,1386
mcnt:329,0,0,1391,1386
mcnt:330,0,0,1391,1386
mcnt:331,0,0,1391,1386
mcnt:332,0,0,1391,1386
mcnt:333,0,0,1391,1386
mcnt:334,0,0,1391,1386
mcnt:335,0,0,1391,1386
mcnt:336,0,0,1391,1386
mcnt:337,0,0,1391,1386
mcnt:338,0,0,1391,1386
mcnt:339,0,0,1391,1386
mcnt:340,0,0,1391,1386
mcnt:341,0,0,1391,1386
mcnt:342,0,0,1391,1386
mcnt:343,0,0,1391,1386
mcnt:344,0,0,1391,1386
mcnt:345,0,0,1391,1386
mcnt:346,0,0,1391,1386
mcnt:347,0,0,1391,1386
mcnt:348,0,0,1391,1386
mcnt:349,0,0,1391,1386
mcnt:350,0,0,1391,1386
mcnt:351,0,0,1391,1386
mcnt:352,0,0,1391,1386
mcnt:353,0,0,1391,1386
mcnt:354,0,0,1391,1386
mcnt:355,0,0,1391,1386
mcnt:356,0,0,1391,1386
mcnt:357,0,0,1391,1386
mcnt:358,0,0,1391,1386
mcnt:359,0,0,1391,1386
mcnt:360,0,0,1391,1386
mcnt:361,0,0,1391,1386
mcnt:362,0,0,1391,1386
mcnt:363,0,0,1391,1386
mcnt:364,0,0,1391,1386
mcnt:365,0,0,1391,1386
mcnt:366,0,0,1391,1386
mcnt:367,0,0,1391,1386
mcnt:368,0,0,1391,1386
mcnt:369,0,0,1391,1386
mcnt:370,0,0,1391,1386
mcnt:371,0,0,1391,1386
mcnt:372,0,0,1391,1386
mcnt:373,0,0,1391,1386
mcnt:374,0,0,1391,1386
mcnt:375,0,0,1391,1386
mcnt:376,0,0,1391,1386
mcnt:377,0,0,1391,1386
mcnt:378,0,0,1391,1386
mcnt:379,0,0,1391,1386
mcnt:380,0,0,1391,1386
mcnt:381,0,0,1391,1386
mcnt:382,0,0,1391,1386
mcnt:383,0,0,1391,1386
mcnt:384,0,0,1391,1386
mcnt:385,0,0,1391,1386
mcnt:386,0,0,1391,1386
mcnt:387,0,0,1391,1386
mcnt:388,0,0,1391,1386
mcnt:389,0,0,1391,1386
mcnt:390,0,0,1391,1386
mcnt:391,0,0,1391,1386
mcnt:392,0,0,1391,1386
mcnt:393,0,0,1391,1386
mcnt:394,0,0,1391,1386
mcnt:395,0,0,1391,1386
mcnt:396,0,0,1391,1386
mcnt:397,0,0,1391,1386
mcnt:398,0,0,1391,1386
mcnt:399,0,0,1391,1386
mcnt:400,0,0,1391,1386
mcnt:401,0,0,1391,1386
mcnt:402,0,0,1391,1386
mcnt:403,0,0,1391,1386
mcnt:404,0,0,1391,1386
mcnt:405,0,0,1391,1386
mcnt:406,0,0,1391,1387
mcnt:407,0,0,1391,1387
mcnt:408,0,0,1391,1387
mcnt:409,0,0,1391,1387
mcnt:410,0,0,1391,1387
mcnt:411,0,0,1391,1387
mcnt:412,0,0,1391,1387
mcnt:413,0,0,1391,1387
mcnt:414,0,0,1391,1387
mcnt:415,0,0,1391,1387
mcnt:416,0,0,1391,1387
mcnt:417,0,0,1391,1387
mcnt:418,0,0,1391,1387
mcnt:419,0,0,1391,1387
mcnt:420,0,0,1391,1387
mcnt:421,0,0,1391,1387
mcnt:422,0,0,1391,1387
mcnt:423,0,0,1391,1387
mcnt:424,0,0,1391,1387
mcnt:425,0,0,1391,1387
mcnt:426,0,0,1391,1387
mcnt:427,0,0,1391,1387
mcnt:428,0,0,1391,1387
mcnt:429,0,0,1391,1387
mcnt:430,0,0,1391,1387
mcnt:431,0,0,1391,1387
mcnt:432,0,0,1391,1387
mcnt:433,0,0,1391,1387
mcnt:434,0,0,1391,1387
mcnt:435,0,0,1391,1388
mcnt:436,0,0,1391,1387
mcnt:437,0,0,1391,1387
mcnt:438,0,0,1391,1388
mcnt:439,0,0,1391,1388
mcnt:440,0,0,1391,1388
mcnt:441,0,0,1391,1388
mcnt:442,0,0,1391,1388
mcnt:443,0,0,1391,1388
mcnt:444,0,0,1391,1388
mcnt:445,0,0,1391,1388
mcnt:446,0,0,1391,1388
mcnt:447,0,0,1391,1388
mcnt:448,0,0,1391,1388
mcnt:449,0,0,1391,1388
mcnt:450,0,0,1391,1388
mcnt:451,0,0,1391,1388
mcnt:452,0,0,1391,1388
mcnt:453,0,0,1391,1388
mcnt:454,0,0,1391,1388
mcnt:455,0,0,1391,1388
mcnt:456,0,0,1391,1388
mcnt:457,0,0,1391,1388
mcnt:458,0,0,1391,1388
mcnt:459,0,0,1391,1388
mcnt:460,0,0,1391,1388
mcnt:461,0,0,1391,1388
mcnt:462,0,0,1391,1388
mcnt:463,0,0,1391,1388
mcnt:464,0,0,1391,1388
mcnt:465,0,0,1391,1388
mcnt:466,0,0,1391,1388
mcnt:467,0,0,1391,1388
mcnt:468,0,0,1391,1388
mcnt:469,0,0,1391,1388
mcnt:470,0,0,1391,1388
mcnt:471,0,0,1391,1388
mcnt:472,0,0,1391,1388
mcnt:473,0,0,1391,1388
mcnt:474,0,0,1391,1388
mcnt:475,0,0,1391,1388
mcnt:476,0,0,1391,1388
mcnt:477,0,0,1391,1388
mcnt:478,0,0,1391,1388
mcnt:479,0,0,1391,1388
mcnt:480,0,0,1391,1388
mcnt:481,0,0,1391,1388
mcnt:482,0,0,1391,1388
mcnt:483,0,0,1391,1388
mcnt:484,0,0,1391,1388
mcnt:485,0,0,1391,1388
mcnt:486,0,0,1391,1388
mcnt:487,0,0,1391,1388
mcnt:488,0,0,1391,1388
mcnt:489,0,0,1391,1388
mcnt:490,0,0,1391,1388
mcnt:491,0,0,1391,1388
mcnt:492,0,0,1391,1388
mcnt:493,0,0,1391,1388
mcnt:494,0,0,1391,1388
mcnt:495,0,0,1391,1388
mcnt:496,0,0,1391,1388
mcnt:497,0,0,1391,1388
mcnt:498,0,0,1391,1388
mcnt:499,0,0,1391,1388
mcnt:500,0,0,1391,1388
mcnt:501,0,0,1391,1388
mcnt:502,0,0,1391,1388
mcnt:503,0,0,1391,1388
mcnt:504,0,0,1391,1388
mcnt:505,0,0,1391,1388
mcnt:506,0,0,1391,1388
mcnt:507,0,0,1391,1388
mcnt:508,0,0,1391,1388
mcnt:509,0,0,1391,1388
mcnt:510,0,0,1391,1388
mcnt:511,0,0,1391,1388
mcnt:512,0,0,1391,1388
mcnt:513,0,0,1391,1388
mcnt:514,0,0,1391,1388
mcnt:515,0,0,1391,1388
mcnt:516,0,0,1391,1388
mcnt:517,0,0,1391,1388
mcnt:518,0,0,1391,1388
mcnt:519,0,0,1391,1388
mcnt:520,0,0,1391,1388
mcnt:521,0,0,1391,1388
mcnt:522,0,0,1391,1388
mcnt:523,0,0,1391,1388
mcnt:524,0,0,1391,1388
mcnt:525,0,0,1391,1388
mcnt:526,0,0,1391,1388
mcnt:527,0,0,1391,1388
mcnt:528,0,0,1391,1388
mcnt:529,0,0,1391,1388
mcnt:530,0,0,1391,1388
mcnt:531,0,0,1391,1388
mcnt:532,0,0,1391,1388
mcnt:533,0,0,1391,1388
mcnt:534,0,0,1391,1388
mcnt:535,0,0,1391,1388
mcnt:536,0,0,1391,1388
mcnt:537,0,0,1391,1388
mcnt:538,0,0,1391,1388
mcnt:539,0,0,1391,1388
mcnt:540,0,0,1391,1388
mcnt:541,0,0,1391,1388
mcnt:542,0,0,1391,1388
mcnt:543,0,0,1391,1388
mcnt:544,0,0,1391,1388
mcnt:545,0,0,1391,1388
mcnt:546,0,0,1391,1388
mcnt:547,0,0,1391,1388
mcnt:548,0,0,1391,1388
mcnt:549,0,0,1391,1388
mcnt:550,0,0,1391,1388
mcnt:551,0,0,1391,1388
mcnt:552,0,0,1391,1388
mcnt:553,0,0,1391,1388
mcnt:554,0,0,1391,1388
mcnt:555,0,0,1391,1388
mcnt:556,0,0,1391,1388
mcnt:557,0,0,1391,1388
mcnt:558,0,0,1391,1388
mcnt:559,0,0,1391,1387
mcnt:560,0,0,1391,1388
mcnt:561,0,0,1391,1387
mcnt:562,0,0,1391,1387
mcnt:563,0,0,1391,1387
mcnt:564,0,0,1391,1387
mcnt:565,0,0,1392,1387
mcnt:566,0,0,1391,1387
mcnt:567,0,0,1392,1387
mcnt:568,0,0,1391,1387
mcnt:569,0,0,1392,1387
mcnt:570,0,0,1391,1387
mcnt:571,0,0,1391,1387
mcnt:572,0,0,1392,1387
mcnt:573,0,0,1392,1387
mcnt:574,0,0,1391,1387
mcnt:575,0,0,1392,1387
mcnt:576,0,0,1392,1387
mcnt:577,0,0,1391,1387
mcnt:578,0,0,1392,1387
mcnt:579,0,0,1391,1387
mcnt:580,0,0,1392,1387
mcnt:581,0,0,1392,1387
mcnt:582,0,0,1392,1387
mcnt:583,0,0,1391,1387
mcnt:584,0,0,1391,1387
mcnt:585,0,0,1391,1387
mcnt:586,0,0,1391,1387
mcnt:587,0,0,1392,1387
mcnt:588,0,0,1391,1387
mcnt:589,0,0,1391,1387
mcnt:590,0,0,1391,1387
mcnt:591,0,0,1392,1387
mcnt:592,0,0,1391,1387
mcnt:593,0,0,1392,1387
mcnt:594,0,0,1391,1387
mcnt:595,0,0,1391,1387
mcnt:596,0,0,1391,1387
mcnt:597,0,0,1391,1387
mcnt:598,0,0,1392,1387
mcnt:599,0,0,1392,1387
mcnt:600,0,0,1391,1387
mcnt:601,0,0,1391,1387
mcnt:602,0,0,1391,1386
mcnt:603,0,0,1392,1386
mcnt:604,0,0,1391,1386
mcnt:605,0,0,1391,1386
mcnt:606,0,0,1392,1386
mcnt:607,0,0,1392,1386
mcnt:608,0,0,1392,1386
mcnt:609,0,0,1391,1386
mcnt:610,0,0,1392,1386
mcnt:611,0,0,1392,1386
mcnt:612,0,0,1392,1386
mcnt:613,0,0,1391,1386
mcnt:614,0,0,1392,1386
mcnt:615,0,0,1391,1386
mcnt:616,0,0,1391,1386
mcnt:617,0,0,1391,1386
mcnt:618,0,0,1391,1386
mcnt:619,0,0,1392,1386
mcnt:620,0,0,1391,1386
mcnt:621,0,0,1392,1386
mcnt:622,0,0,1391,1386
mcnt:623,0,0,1391,1386
mcnt:624,0,0,1391,1386
mcnt:625,0,0,1392,1386
mcnt:626,0,0,1392,1386
mcnt:627,0,0,1391,1386
mcnt:628,0,0,1392,1386
mcnt:629,0,0,1392,1386
mcnt:630,0,0,1392,1386
mcnt:631,0,0,1391,1386
mcnt:632,0,0,1392,1386
mcnt:633,0,0,1391,1386
mcnt:634,0,0,1392,1386
mcnt:635,0,0,1391,1386
mcnt:636,0,0,1391,1386
mcnt:637,0,0,1391,1386
mcnt:638,0,0,1391,1386
mcnt:639,0,0,1391,1386
mcnt:640,0,0,1392,1386
mcnt:641,0,0,1392,1386
mcnt:642,0,0,1391,1386
mcnt:643,0,0,1391,1386
mcnt:644,0,0,1391,1386
mcnt:645,0,0,1392,1386
mcnt:646,0,0,1392,1386
mcnt:647,0,0,1392,1386
mcnt:648,0,0,1391,1386
mcnt:649,0,0,1392,1386
mcnt:650,0,0,1391,1386
mcnt:651,0,0,1391,1386
mcnt:652,0,0,1391,1386
mcnt:653,0,0,1391,1386
mcnt:654,0,0,1391,1386
mcnt:655,0,0,1391,1386
mcnt:656,0,0,1392,1386
mcnt:657,0,0,1392,1386
mcnt:658,0,0,1392,1386
mcnt:659,0,0,1392,1386
mcnt:660,0,0,1391,1386
mcnt:661,0,0,1391,1386
mcnt:662,0,0,1391,1386
mcnt:663,0,0,1392,1386
mcnt:664,0,0,1392,1386
mcnt:665,0,0,1391,1386
mcnt:666,0,0,1392,1386
mcnt:667,0,0,1392,1386
mcnt:668,0,0,1391,1386
mcnt:669,0,0,1392,1386
mcnt:670,0,0,1391,1386
mcnt:671,0,0,1391,1386
mcnt:672,0,0,1392,1386
mcnt:673,0,0,1391,1386
mcnt:674,0,0,1391,1386
mcnt:675,0,0,1391,1386
mcnt:676,0,0,1392,1386
mcnt:677,0,0,1392,1386
mcnt:678,0,0,1391,1386
mcnt:679,0,0,1391,1386
mcnt:680,0,0,1391,1386
mcnt:681,0,0,1391,1386
mcnt:682,0,0,1392,1386
mcnt:683,0,0,1391,1386
mcnt:684,0,0,1391,1386
mcnt:685,0,0,1392,1386
mcnt:686,0,0,1392,1386
mcnt:687,0,0,1392,1386
mcnt:688,0,0,1392,1386
mcnt:689,0,0,1391,1386
mcnt:690,0,0,1391,1386
mcnt:691,0,0,1391,1386
mcnt:692,0,0,1392,1386
mcnt:693,0,0,1391,1386
mcnt:694,0,0,1392,1386
mcnt:695,0,0,1391,1386
mcnt:696,0,0,1392,1386
mcnt:697,0,0,1391,1386
mcnt:698,0,0,1391,1386
mcnt:699,0,0,1391,1386
mcnt:700,0,0,1392,1386
mcnt:701,0,0,1392,1386
mcnt:702,0,0,1391,1386
mcnt:703,0,0,1391,1386
mcnt:704,0,0,1391,1386
mcnt:705,0,0,1392,1386
mcnt:706,0,0,1392,1386
mcnt:707,0,0,1392,1386
mcnt:708,0,0,1392,1386
mcnt:709,0,0,1392,1386
mcnt:710,0,0,1392,1386
mcnt:711,0,0,1391,1386
mcnt:712,0,0,1392,1386
mcnt:713,0,0,1391,1386
mcnt:714,0,0,1392,1386
mcnt:715,0,0,1391,1386
mcnt:716,0,0,1392,1386
mcnt:717,0,0,1392,1386
mcnt:718,0,0,1391,1386
mcnt:719,0,0,1392,1386
mcnt:720,0,0,1392,1386
mcnt:721,0,0,1392,1386
mcnt:722,0,0,1392,1386
mcnt:723,0,0,1391,1386
mcnt:724,0,0,1392,1386
mcnt:725,0,0,1392,1386
mcnt:726,0,0,1392,1386
mcnt:727,0,0,1392,1386
mcnt:728,0,0,1392,1386
mcnt:729,0,0,1392,1386
mcnt:730,0,0,1391,1386
mcnt:731,0,0,1392,1386
mcnt:732,0,0,1391,1386
mcnt:733,0,0,1392,1386
mcnt:734,0,0,1391,1386
mcnt:735,0,0,1392,1386
mcnt:736,0,0,1392,1386
mcnt:737,0,0,1392,1386
mcnt:738,0,0,1392,1386
mcnt:739,0,0,1392,1386
mcnt:740,0,0,1392,1386
mcnt:741,0,0,1392,1386
mcnt:742,0,0,1392,1386
mcnt:743,0,0,1391,1386
mcnt:744,0,0,1392,1386
mcnt:745,0,0,1391,1386
mcnt:746,0,0,1392,1386
mcnt:747,0,0,1392,1386
mcnt:748,0,0,1392,1386
mcnt:749,0,0,1392,1386
mcnt:750,0,0,1391,1386
mcnt:751,0,0,1392,1386
mcnt:752,0,0,1392,1386
mcnt:753,0,0,1392,1386
mcnt:754,0,0,1391,1386
mcnt:755,0,0,1392,1386
mcnt:756,0,0,1392,1386
mcnt:757,0,0,1392,1386
mcnt:758,0,0,1392,1386
mcnt:759,0,0,1392,1386
mcnt:760,0,0,1392,1386
mcnt:761,0,0,1392,1386
mcnt:762,0,0,1392,1386
mcnt:763,0,0,1392,1386
mcnt:764,0,0,1391,1386
mcnt:765,0,0,1392,1386
mcnt:766,0,0,1392,1386
mcnt:767,0,0,1392,1386
mcnt:768,0,0,1392,1386
mcnt:769,0,0,1392,1386
mcnt:770,0,0,1392,1386
mcnt:771,0,0,1392,1386
mcnt:772,0,0,1392,1386
mcnt:773,0,0,1386,1379
mcnt:774,0,0,1355,1348
mcnt:775,0,0,1336,1331
mcnt:776,0,0,1331,1326
mcnt:777,0,0,1331,1326
mcnt:778,0,0,1330,1325
mcnt:779,0,0,1330,1325
mcnt:780,0,0,1330,1325
mcnt:781,0,0,1312,1306
mcnt:782,0,0,1282,1276
mcnt:783,0,0,1268,1262
mcnt:784,0,0,1263,1258
mcnt:785,0,0,1261,1255
mcnt:786,0,0,1260,1255
mcnt:787,0,0,1260,1255
mcnt:788,0,0,1260,1255
mcnt:789,0,0,1272,1268
mcnt:790,0,0,1328,1326
mcnt:791,0,0,1386,1382
mcnt:792,0,0,1391,1386
mcnt:793,0,0,1391,1385
mcnt:794,0,0,1417,1414
mcnt:795,0,0,1456,1451
mcnt:796,0,0,1467,1461
mcnt:797,0,0,1467,1461
mcnt:798,0,0,1477,1473
mcnt:799,0,0,1542,1539
mcnt:800,0,0,1592,1586
mcnt:801,0,0,1593,1587
mcnt:802,0,0,1599,1595
mcnt:803,0,0,1652,1648
mcnt:804,0,0,1717,1712
mcnt:805,0,0,1730,1724
mcnt:806,0,0,1730,1724
mcnt:807,0,0,1743,1737
mcnt:808,0,0,1788,1785
mcnt:809,0,0,1804,1798
mcnt:810,0,0,1804,1798
mcnt:811,0,0,1804,1798
mcnt:812,0,0,1804,1798
mcnt:813,0,0,1804,1798
mcnt:814,0,0,1804,1798
mcnt:815,0,0,1805,1798
mcnt:816,0,0,1805,1798
mcnt:817,0,0,1805,1798
mcnt:818,0,0,1804,1798
mcnt:819,0,0,1804,1798
mcnt:820,0,0,1804,1798
mcnt:821,0,0,1804,1798
mcnt:822,0,0,1804,1798
mcnt:823,0,0,1804,1798
mcnt:824,0,0,1805,1798
mcnt:825,0,0,1804,1798
mcnt:826,0,0,1804,1798
mcnt:827,0,0,1804,1798
mcnt:828,0,0,1805,1798
mcnt:829,0,0,1804,1798
mcnt:830,0,0,1805,1798
mcnt:831,0,0,1804,1798
mcnt:832,0,0,1804,1798
mcnt:833,0,0,1805,1798
mcnt:834,0,0,1805,1798
mcnt:835,0,0,1805,1798
mcnt:836,0,0,1805,1798
mcnt:837,0,0,1804,1798
mcnt:838,0,0,1805,1798
mcnt:839,0,0,1804,1798
mcnt:840,0,0,1805,1798
mcnt:841,0,0,1805,1798
mcnt:842,0,0,1805,1798
mcnt:843,0,0,1805,1798
mcnt:844,0,0,1805,1798
mcnt:845,0,0,1805,1798
mcnt:846,0,0,1805,1798
mcnt:847,0,0,1804,1798
mcnt:848,0,0,1805,1798
mcnt:849,0,0,1805,1798
mcnt:850,0,0,1805,1798
mcnt:851,0,0,1805,1798
mcnt:852,0,0,1805,1798
mcnt:853,0,0,1805,1798
mcnt:854,0,0,1805,1798
mcnt:855,0,0,1805,1798
mcnt:856,0,0,1805,1798
mcnt:857,0,0,1805,1798
mcnt:858,0,0,1805,1798
mcnt:859,0,0,1805,1798
mcnt:860,0,0,1805,1798
mcnt:861,0,0,1805,1798
mcnt:862,0,0,1805,1798
mcnt:863,0,0,1805,1798
mcnt:864,0,0,1805,1798
mcnt:865,0,0,1805,1798
mcnt:866,0,0,1805,1798
mcnt:867,0,0,1805,1798
mcnt:868,0,0,1805,1798
mcnt:869,0,0,1805,1798
mcnt:870,0,0,1805,1798
mcnt:871,0,0,1805,1798
mcnt:872,0,0,1805,1798
mcnt:873,0,0,1805,1798
mcnt:874,0,0,1805,1798
mcnt:875,0,0,1805,1798
mcnt:876,0,0,1805,1798
mcnt:877,0,0,1805,1798
mcnt:878,0,0,1805,1798
mcnt:879,0,0,1805,1798
mcnt:880,0,0,1805,1798
mcnt:881,0,0,1805,1798
mcnt:882,0,0,1805,1798
mcnt:883,0,0,1805,1798
mcnt:884,0,0,1805,1798
mcnt:885,0,0,1805,1798
mcnt:886,0,0,1805,1798
mcnt:887,0,0,1805,1798
mcnt:888,0,0,1805,1798
mcnt:889,0,0,1805,1798
mcnt:890,0,0,1805,1798
mcnt:891,0,0,1805,1798
mcnt:892,0,0,1805,1798
mcnt:893,0,0,1805,1798
mcnt:894,0,0,1805,1798
mcnt:895,0,0,1804,1798
mcnt:896,0,0,1805,1798
mcnt:897,0,0,1805,1798
mcnt:898,0,0,1805,1798
mcnt:899,0,0,1805,1798
mcnt:900,0,0,1805,1798
mcnt:901,0,0,1805,1798
mcnt:902,0,0,1805,1798
mcnt:903,0,0,1805,1798
mcnt:904,0,0,1805,1798
mcnt:905,0,0,1805,1798
mcnt:906,0,0,1805,1798
mcnt:907,0,0,1805,1798
mcnt:908,0,0,1805,1798
mcnt:909,0,0,1805,1798
mcnt:910,0,0,1805,1798
mcnt:911,0,0,1805,1798
mcnt:912,0,0,1805,1798
mcnt:913,0,0,1805,1798
mcnt:914,0,0,1805,1798
mcnt:915,0,0,1805,1798
mcnt:916,0,0,1805,1798
mcnt:917,0,0,1805,1798
mcnt:918,0,0,1805,1798
mcnt:919,0,0,1805,1798
mcnt:920,0,0,1805,1798
mcnt:921,0,0,1805,1798
mcnt:922,0,0,1805,1798
mcnt:923,0,0,1805,1798
mcnt:924,0,0,1805,1798
mcnt:925,0,0,1805,1798
mcnt:926,0,0,1805,1798
mcnt:927,0,0,1805,1798
mcnt:928,0,0,1805,1798
mcnt:929,0,0,1805,1798
mcnt:930,0,0,1805,1798
mcnt:931,0,0,1805,1798
mcnt:932,0,0,1805,1798
mcnt:933,0,0,1805,1798
mcnt:934,0,0,1805,1798
mcnt:935,0,0,1805,1798
mcnt:936,0,0,1805,1798
mcnt:937,0,0,1805,1798
mcnt:938,0,0,1805,1798
mcnt:939,0,0,1805,1798
mcnt:940,0,0,1805,1798
mcnt:941,0,0,1805,1798
mcnt:942,0,0,1805,1798
mcnt:943,0,0,1805,1798
mcnt:944,0,0,1805,1798
mcnt:945,0,0,1805,1798
mcnt:946,0,0,1805,1798
mcnt:947,0,0,1805,1798
mcnt:948,0,0,1805,1798
mcnt:949,0,0,1805,1798
mcnt:950,0,0,1805,1798
mcnt:951,0,0,1805,1798
mcnt:952,0,0,1805,1798
mcnt:953,0,0,1805,1798
mcnt:954,0,0,1805,1798
mcnt:955,0,0,1805,1798
mcnt:956,0,0,1805,1798
mcnt:957,0,0,1805,1798
mcnt:958,0,0,1805,1798
mcnt:959,0,0,1805,1798
mcnt:960,0,0,1805,1798
mcnt:961,0,0,1805,1798
mcnt:962,0,0,1805,1798
mcnt:963,0,0,1805,1798
mcnt:964,0,0,1805,1798
mcnt:965,0,0,1805,1798
mcnt:966,0,0,1805,1798
mcnt:967,0,0,1805,1798
mcnt:968,0,0,1805,1798
mcnt:969,0,0,1805,1798
mcnt:970,0,0,1805,1798
mcnt:971,0,0,1805,1798
mcnt:972,0,0,1805,1798
mcnt:973,0,0,1805,1798
mcnt:974,0,0,1805,1798
mcnt:975,0,0,1805,1798
mcnt:976,0,0,1805,1798
mcnt:977,0,0,1805,1798
mcnt:978,0,0,1805,1798
mcnt:979,0,0,1805,1798
mcnt:980,0,0,1805,1798
mcnt:981,0,0,1805,1798
mcnt:982,0,0,1805,1798
mcnt:983,0,0,1805,1798
mcnt:984,0,0,1805,1798
mcnt:985,0,0,1805,1798
mcnt:986,0,0,1805,1799
mcnt:987,0,0,1805,1799
mcnt:988,0,0,1805,1799
mcnt:989,0,0,1805,1798
mcnt:990,0,0,1805,1799
mcnt:991,0,0,1805,1798
mcnt:992,0,0,1805,1798
mcnt:993,0,0,1805,1798
mcnt:994,0,0,1805,1798
mcnt:995,0,0,1805,1798
mcnt:996,0,0,1805,1798
mcnt:997,0,0,1805,1798
mcnt:998,0,0,1805,1798
mcnt:999,0,0,1805,1798
mcnt:1000,0,0,1805,1798
mcnt:1001,0,0,1805,1798
mcnt:1002,0,0,1805,1798
mcnt:1003,0,0,1805,1798
mcnt:1004,0,0,1805,1798
mcnt:1005,0,0,1805,1798
mcnt:1006,0,0,1805,1798
mcnt:1007,0,0,1805,1798
mcnt:1008,0,0,1805,1798
mcnt:1009,0,0,1805,1798
mcnt:1010,0,0,1805,1799
mcnt:1011,0,0,1805,1799
mcnt:1012,0,0,1805,1799
mcnt:1013,0,0,1805,1798
mcnt:1014,0,0,1805,1799
mcnt:1015,0,0,1805,1799
mcnt:1016,0,0,1805,1798
mcnt:1017,0,0,1805,1799
mcnt:1018,0,0,1805,1799
mcnt:1019,0,0,1805,1799
mcnt:1020,0,0,1805,1798
mcnt:1021,0,0,1805,1799
mcnt:1022,0,0,1805,1799
mcnt:1023,0,0,1805,1798
mcnt:1024,0,0,1805,1798
mcnt:1025,0,0,1805,1798
mcnt:1026,0,0,1805,1799
mcnt:1027,0,0,1805,1799
mcnt:1028,0,0,1805,1799
mcnt:1029,0,0,1805,1799
mcnt:1030,0,0,1805,1799
mcnt:1031,0,0,1805,1799
mcnt:1032,0,0,1805,1799
mcnt:1033,0,0,1805,1799
mcnt:1034,0,0,1805,1799
mcnt:1035,0,0,1805,1799
mcnt:1036,0,0,1805,1799
mcnt:1037,0,0,1805,1799
mcnt:1038,0,0,1805,1799
mcnt:1039,0,0,1805,1798
mcnt:1040,0,0,1805,1798
mcnt:1041,0,0,1805,1799
mcnt:1042,0,0,1805,1799
mcnt:1043,0,0,1805,1799
mcnt:1044,0,0,1805,1799
mcnt:1045,0,0,1805,1799
mcnt:1046,0,0,1805,1798
mcnt:1047,0,0,1805,1798
mcnt:1048,0,0,1787,1779
mcnt:1049,0,0,1748,1739
mcnt:1050,0,0,1693,1684
mcnt:1051,0,0,1677,1671
mcnt:1052,0,0,1677,1671
mcnt:1053,0,0,1661,1652
mcnt:1054,0,0,1610,1601
mcnt:1055,0,0,1598,1592
mcnt:1056,0,0,1598,1591
mcnt:1057,0,0,1561,1553
mcnt:1058,0,0,1527,1521
mcnt:1059,0,0,1527,1522
mcnt:1060,0,0,1527,1521
mcnt:1061,0,0,1527,1522
mcnt:1062,0,0,1527,1522
mcnt:1063,0,0,1527,1522
mcnt:1064,0,0,1527,1522
mcnt:1065,0,0,1527,1522
mcnt:1066,0,0,1527,1522
mcnt:1067,0,0,1527,1522
mcnt:1068,0,0,1527,1522
mcnt:1069,0,0,1527,1521
mcnt:1070,0,0,1527,1521
mcnt:1071,0,0,1527,1522
mcnt:1072,0,0,1527,1522
mcnt:1073,0,0,1527,1521
mcnt:1074,0,0,1527,1522
mcnt:1075,0,0,1527,1522
mcnt:1076,0,0,1527,1522
mcnt:1077,0,0,1527,1522
mcnt:1078,0,0,1527,1522
mcnt:1079,0,0,1527,1522
mcnt:1080,0,0,1527,1522
mcnt:1081,0,0,1527,1522
mcnt:1082,0,0,1527,1522
mcnt:1083,0,0,1527,1522
mcnt:1084,0,0,1527,1522
mcnt:1085,0,0,1527,1522
mcnt:1086,0,0,1527,1522
mcnt:1087,0,0,1527,1522
mcnt:1088,0,0,1527,1522
mcnt:1089,0,0,1527,1522
mcnt:1090,0,0,1527,1522
mcnt:1091,0,0,1527,1522
mcnt:1092,0,0,1527,1522
mcnt:1093,0,0,1527,1522
mcnt:1094,0,0,1527,1522
mcnt:1095,0,0,1527,1522
mcnt:1096,0,0,1527,1522
mcnt:1097,0,0,1527,1522
mcnt:1098,0,0,1527,1522
mcnt:1099,0,0,1527,1522
mcnt:1100,0,0,1527,1522
mcnt:1101,0,0,1527,1522
mcnt:1102,0,0,1527,1522
mcnt:1103,0,0,1527,1522
mcnt:1104,0,0,1527,1522
mcnt:1105,0,0,1527,1522
mcnt:1106,0,0,1527,1522
mcnt:1107,0,0,1527,1522
mcnt:1108,0,0,1527,1522
mcnt:1109,0,0,1527,1522
mcnt:1110,0,0,1527,1522
mcnt:1111,0,0,1527,1522
mcnt:1112,0,0,1527,1522
mcnt:1113,0,0,1527,1523
mcnt:1114,0,0,1527,1523
mcnt:1115,0,0,1527,1523
mcnt:1116,0,0,1527,1522
mcnt:1117,0,0,1527,1523
mcnt:1118,0,0,1527,1523
mcnt:1119,0,0,1527,1523
mcnt:1120,0,0,1527,1523
mcnt:1121,0,0,1527,1523
mcnt:1122,0,0,1527,1523
mcnt:1123,0,0,1527,1523
mcnt:1124,0,0,1527,1523
mcnt:1125,0,0,1527,1523
mcnt:1126,0,0,1527,1523
mcnt:1127,0,0,1527,1523
mcnt:1128,0,0,1527,1523
mcnt:1129,0,0,1527,1523
mcnt:1130,0,0,1527,1523
mcnt:1131,0,0,1527,1523
mcnt:1132,0,0,1527,1523
mcnt:1133,0,0,1527,1523
mcnt:1134,0,0,1527,1523
mcnt:1135,0,0,1527,1523
mcnt:1136,0,0,1527,1523
mcnt:1137,0,0,1527,1523
mcnt:1138,0,0,1527,1523
mcnt:1139,0,0,1527,1523
mcnt:1140,0,0,1527,1523
mcnt:1141,0,0,1527,1523
mcnt:1142,0,0,1527,1523
mcnt:1143,0,0,1527,1523
mcnt:1144,0,0,1527,1523
mcnt:1145,0,0,1527,1523
mcnt:1146,0,0,1527,1523
mcnt:1147,0,0,1527,1523
mcnt:1148,0,0,1527,1523
mcnt:1149,0,0,1527,1523
mcnt:1150,0,0,1527,1523
mcnt:1151,0,0,1527,1523
mcnt:1152,0,0,1527,1523
mcnt:1153,0,0,1527,1523
mcnt:1154,0,0,1527,1523
mcnt:1155,0,0,1527,1523
mcnt:1156,0,0,1527,1523
mcnt:1157,0,0,1527,1523
mcnt:1158,0,0,1527,1523
mcnt:1159,0,0,1527,1523
mcnt:1160,0,0,1527,1523
mcnt:1161,0,0,1527,1523
mcnt:1162,0,0,1527,1523
mcnt:1163,0,0,1527,1523
mcnt:1164,0,0,1527,1523
mcnt:1165,0,0,1527,1523
mcnt:1166,0,0,1527,1523
mcnt:1167,0,0,1527,1523
mcnt:1168,0,0,1527,1523
mcnt:1169,0,0,1527,1523
mcnt:1170,0,0,1527,1523
mcnt:1171,0,0,1527,1523
mcnt:1172,0,0,1527,1523
mcnt:1173,0,0,1527,1523
mcnt:1174,0,0,1527,1523
mcnt:1175,0,0,1527,1523
mcnt:1176,0,0,1527,1523
mcnt:1177,0,0,1527,1523
mcnt:1178,0,0,1527,1523
mcnt:1179,0,0,1527,1523
mcnt:1180,0,0,1527,1523
mcnt:1181,0,0,1527,1523
mcnt:1182,0,0,1527,1523
mcnt:1183,0,0,1527,1523
mcnt:1184,0,0,1527,1523
mcnt:1185,0,0,1527,1523
mcnt:1186,0,0,1527,1523
mcnt:1187,0,0,1527,1523
mcnt:1188,0,0,1527,1523
mcnt:1189,0,0,1527,1523
mcnt:1190,0,0,1527,1523
mcnt:1191,0,0,1527,1523
mcnt:1192,0,0,1527,1523
mcnt:1193,0,0,1527,1523
mcnt:1194,0,0,1527,1523
mcnt:1195,0,0,1527,1523
mcnt:1196,0,0,1527,1523
mcnt:1197,0,0,1527,1523
mcnt:1198,0,0,1527,1523
mcnt:1199,0,0,1527,1523
mcnt:1200,0,0,1527,1523
mcnt:1201,0,0,1527,1523
mcnt:1202,0,0,1527,1523
mcnt:1203,0,0,1527,1523
mcnt:1204,0,0,1527,1523
mcnt:1205,0,0,1527,1523
mcnt:1206,0,0,1527,1523
mcnt:1207,0,0,1527,1523
mcnt:1208,0,0,1527,1523
mcnt:1209,0,0,1527,1523
mcnt:1210,0,0,1527,1523
mcnt:1211,0,0,1527,1523
mcnt:1212,0,0,1527,1523
mcnt:1213,0,0,1527,1523
mcnt:1214,0,0,1527,1523
mcnt:1215,0,0,1527,1523
mcnt:1216,0,0,1527,1523
mcnt:1217,0,0,1527,1523
mcnt:1218,0,0,1527,1523
mcnt:1219,0,0,1527,1523
mcnt:1220,0,0,1527,1523
mcnt:1221,0,0,1527,1523
mcnt:1222,0,0,1527,1523
mcnt:1223,0,0,1527,1523
mcnt:1224,0,0,1527,1523
mcnt:1225,0,0,1527,1523
mcnt:1226,0,0,1527,1523
mcnt:1227,0,0,1527,1523
mcnt:1228,0,0,1527,1523
mcnt:1229,0,0,1527,1523
mcnt:1230,0,0,1527,1523
mcnt:1231,0,0,1527,1523
mcnt:1232,0,0,1527,1523
mcnt:1233,0,0,1527,1523
mcnt:1234,0,0,1527,1523
mcnt:1235,0,0,1527,1523
mcnt:1236,0,0,1527,1523
mcnt:1237,0,0,1527,1523
mcnt:1238,0,0,1527,1523
mcnt:1239,0,0,1527,1523
mcnt:1240,0,0,1527,1523
mcnt:1241,0,0,1527,1523
mcnt:1242,0,0,1527,1523
mcnt:1243,0,0,1527,1523
mcnt:1244,0,0,1527,1523
mcnt:1245,0,0,1527,1523
mcnt:1246,0,0,1527,1523
mcnt:1247,0,0,1527,1523
mcnt:1248,0,0,1527,1523
mcnt:1249,0,0,1527,1522
mcnt:1250,0,0,1527,1522
mcnt:1251,0,0,1527,1522
mcnt:1252,0,0,1527,1522
mcnt:1253,0,0,1527,1522
mcnt:1254,0,0,1527,1522
mcnt:1255,0,0,1527,1522
mcnt:1256,0,0,1527,1522
mcnt:1257,0,0,1527,1522
mcnt:1258,0,0,1527,1522
mcnt:1259,0,0,1527,1522
mcnt:1260,0,0,1527,1522
mcnt:1261,0,0,1527,1522
mcnt:1262,0,0,1527,1522
mcnt:1263,0,0,1527,1522
mcnt:1264,0,0,1527,1522
mcnt:1265,0,0,1527,1522
mcnt:1266,0,0,1527,1522
mcnt:1267,0,0,1527,1522
mcnt:1268,0,0,1527,1522
mcnt:1269,0,0,1527,1522
mcnt:1270,0,0,1527,1522
mcnt:1271,0,0,1527,1522
mcnt:1272,0,0,1527,1522
mcnt:1273,0,0,1527,1522
mcnt:1274,0,0,1527,1522
mcnt:1275,0,0,1527,1522
mcnt:1276,0,0,1527,1522
mcnt:1277,0,0,1527,1522
mcnt:1278,0,0,1527,1522
mcnt:1279,0,0,1527,1522
mcnt:1280,0,0,1527,1522
mcnt:1281,0,0,1527,1521
mcnt:1282,0,0,1527,1522
mcnt:1283,0,0,1527,1522
mcnt:1284,0,0,1527,1521
mcnt:1285,0,0,1527,1521
mcnt:1286,0,0,1527,1521
mcnt:1287,0,0,1527,1521
mcnt:1288,0,0,1527,1521
mcnt:1289,0,0,1527,1521
mcnt:1290,0,0,1527,1521
mcnt:1291,0,0,1527,1521
mcnt:1292,0,0,1527,1521
mcnt:1293,0,0,1527,1521
mcnt:1294,0,0,1527,1521
mcnt:1295,0,0,1527,1521
mcnt:1296,0,0,1527,1521
mcnt:1297,0,0,1527,1521
mcnt:1298,0,0,1527,1521
mcnt:1299,0,0,1527,1521
mcnt:1300,0,0,1527,1521
mcnt:1301,0,0,1527,1521
mcnt:1302,0,0,1527,1521
mcnt:1303,0,0,1527,1521
mcnt:1304,0,0,1527,1521
mcnt:1305,0,0,1527,1521
mcnt:1306,0,0,1527,1521
mcnt:1307,0,0,1527,1521
mcnt:1308,0,0,1527,1521
mcnt:1309,0,0,1527,1521
mcnt:1310,0,0,1527,1521
mcnt:1311,0,0,1527,1521
mcnt:1312,0,0,1527,1521
mcnt:1313,0,0,1527,1521
mcnt:1314,0,0,1527,1521
mcnt:1315,0,0,1527,1521
mcnt:1316,0,0,1527,1521
mcnt:1317,0,0,1527,1521
mcnt:1318,0,0,1527,1521
mcnt:1319,0,0,1527,1521
mcnt:1320,0,0,1527,1521
mcnt:1321,0,0,1527,1521
mcnt:1322,0,0,1527,1521
mcnt:1323,0,0,1527,1521
mcnt:1324,0,0,1527,1521
mcnt:1325,0,0,1527,1521
mcnt:1326,0,0,1527,1521
mcnt:1327,0,0,1527,1521
mcnt:1328,0,0,1527,1521
mcnt:1329,0,0,1527,1521
mcnt:1330,0,0,1527,1521
mcnt:1331,0,0,1527,1521
mcnt:1332,0,0,1527,1521
mcnt:1333,0,0,1527,1521
mcnt:1334,0,0,1527,1521
mcnt:1335,0,0,1527,1521
mcnt:1336,0,0,1527,1521
mcnt:1337,0,0,1527,1521
mcnt:1338,0,0,1527,1521
mcnt:1339,0,0,1527,1521
mcnt:1340,0,0,1527,1521
mcnt:1341,0,0,1527,1521
mcnt:1342,0,0,1527,1521
mcnt:1343,0,0,1527,1521
mcnt:1344,0,0,1527,1521
mcnt:1345,0,0,1527,1521
mcnt:1346,0,0,1527,1521
mcnt:1347,0,0,1527,1521
mcnt:1348,0,0,1527,1521
mcnt:1349,0,0,1527,1521
mcnt:1350,0,0,1527,1521
mcnt:1351,0,0,1527,1521
mcnt:1352,0,0,1527,1521
mcnt:1353,0,0,1527,1521
mcnt:1354,0,0,1527,1521
mcnt:1355,0,0,1527,1521
mcnt:1356,0,0,1527,1521
mcnt:1357,0,0,1527,1521
mcnt:1358,0,0,1527,1521
mcnt:1359,0,0,1527,1521
mcnt:1360,0,0,1527,1521
mcnt:1361,0,0,1527,1521
mcnt:1362,0,0,1527,1521
mcnt:1363,0,0,1527,1521
mcnt:1364,0,0,1527,1521
mcnt:1365,0,0,1527,1521
mcnt:1366,0,0,1527,1521
mcnt:1367,0,0,1527,1521
mcnt:1368,0,0,1527,1521
mcnt:1369,0,0,1527,1521
mcnt:1370,0,0,1527,1521
mcnt:1371,0,0,1527,1521
mcnt:1372,0,0,1527,1521
mcnt:1373,0,0,1527,1521
mcnt:1374,0,0,1527,1521
mcnt:1375,0,0,1527,1521
mcnt:1376,0,0,1527,1521
mcnt:1377,0,0,1527,1521
mcnt:1378,0,0,1527,1521
mcnt:1379,0,0,1527,1521
mcnt:1380,0,0,1527,1521
mcnt:1381,0,0,1527,1521
mcnt:1382,0,0,1527,1521
mcnt:1383,0,0,1527,1521
mcnt:1384,0,0,1527,1521
mcnt:1385,0,0,1527,1521
mcnt:1386,0,0,1527,1521
mcnt:1387,0,0,1527,1521
mcnt:1388,0,0,1527,1521
mcnt:1389,0,0,1527,1521
mcnt:1390,0,0,1527,1521
mcnt:1391,0,0,1527,1521
mcnt:1392,0,0,1527,1521
mcnt:1393,0,0,1527,1521
mcnt:1394,0,0,1527,1521
mcnt:1395,0,0,1527,1521
mcnt:1396,0,0,1527,1521
mcnt:1397,0,0,1527,1521
mcnt:1398,0,0,1527,1521
mcnt:1399,0,0,1527,1521
mcnt:1400,0,0,1527,1521
mcnt:1401,0,0,1527,1521
mcnt:1402,0,0,1527,1521
mcnt:1403,0,0,1527,1521
mcnt:1404,0,0,1527,1521
mcnt:1405,0,0,1527,1521
mcnt:1406,0,0,1527,1521
mcnt:1407,0,0,1527,1521
mcnt:1408,0,0,1527,1521
mcnt:1409,0,0,1527,1521
mcnt:1410,0,0,1527,1521
mcnt:1411,0,0,1527,1521
mcnt:1412,0,0,1527,1521
mcnt:1413,0,0,1527,1521
mcnt:1414,0,0,1527,1521
mcnt:1415,0,0,1527,1521
mcnt:1416,0,0,1527,1521
mcnt:1417,0,0,1527,1521
mcnt:1418,0,0,1527,1521
mcnt:1419,0,0,1527,1521
mcnt:1420,0,0,1527,1521
mcnt:1421,0,0,1527,1521
mcnt:1422,0,0,1527,1521
mcnt:1423,0,0,1527,1521
mcnt:1424,0,0,1527,1521
mcnt:1425,0,0,1527,1521
mcnt:1426,0,0,1527,1521
mcnt:1427,0,0,1527,1521
mcnt:1428,0,0,1527,1521
mcnt:1429,0,0,1527,1521
mcnt:1430,0,0,1527,1522
mcnt:1431,0,0,1527,1522
mcnt:1432,0,0,1527,1522
mcnt:1433,0,0,1527,1522
mcnt:1434,0,0,1527,1522
mcnt:1435,0,0,1527,1522
mcnt:1436,0,0,1527,1522
mcnt:1437,0,0,1527,1522
mcnt:1438,0,0,1527,1522
mcnt:1439,0,0,1527,1522
mcnt:1440,0,0,1527,1522
mcnt:1441,0,0,1527,1522
mcnt:1442,0,0,1527,1522
mcnt:1443,0,0,1527,1522
mcnt:1444,0,0,1527,1522
mcnt:1445,0,0,1527,1522
mcnt:1446,0,0,1527,1522
mcnt:1447,0,0,1527,1522
mcnt:1448,0,0,1527,1522
mcnt:1449,0,0,1527,1522
mcnt:1450,0,0,1527,1522
mcnt:1451,0,0,1527,1522
mcnt:1452,0,0,1527,1522
mcnt:1453,0,0,1527,1522
mcnt:1454,0,0,1527,1522
mcnt:1455,0,0,1527,1522
mcnt:1456,0,0,1527,1522
mcnt:1457,0,0,1527,1522
mcnt:1458,0,0,1527,1522
mcnt:1459,0,0,1527,1522
mcnt:1460,0,0,1527,1522
mcnt:1461,0,0,1527,1522
mcnt:1462,0,0,1527,1522
mcnt:1463,0,0,1527,1522
mcnt:1464,0,0,1527,1522
mcnt:1465,0,0,1527,1522
mcnt:1466,0,0,1527,1522
mcnt:1467,0,0,1527,1522
mcnt:1468,0,0,1527,1523
mcnt:1469,0,0,1527,1523
mcnt:1470,0,0,1527,1523
mcnt:1471,0,0,1527,1523
mcnt:1472,0,0,1527,1523
mcnt:1473,0,0,1527,1523
mcnt:1474,0,0,1527,1523
mcnt:1475,0,0,1527,1523
mcnt:1476,0,0,1527,1523
mcnt:1477,0,0,1527,1523
mcnt:1478,0,0,1527,1523
mcnt:1479,0,0,1527,1523
mcnt:1480,0,0,1527,1523
mcnt:1481,0,0,1527,1523
mcnt:1482,0,0,1527,1523
mcnt:1483,0,0,1527,1523
mcnt:1484,0,0,1527,1523
mcnt:1485,0,0,1527,1523
mcnt:1486,0,0,1527,1523
mcnt:1487,0,0,1527,1523
mcnt:1488,0,0,1527,1523
mcnt:1489,0,0,1527,1523
mcnt:1490,0,0,1527,1523
mcnt:1491,0,0,1527,1523
mcnt:1492,0,0,1527,1523
mcnt:1493,0,0,1527,1523
mcnt:1494,0,0,1527,1523
mcnt:1495,0,0,1527,1523
mcnt:1496,0,0,1527,1523
mcnt:1497,0,0,1527,1523
mcnt:1498,0,0,1527,1523
mcnt:1499,0,0,1527,1523
mcnt:1500,0,0,1527,1523
mcnt:1501,0,0,1527,1523
mcnt:1502,0,0,1527,1523
mcnt:1503,0,0,1527,1523
mcnt:1504,0,0,1527,1523
mcnt:1505,0,0,1527,1523
mcnt:1506,0,0,1527,1523
mcnt:1507,0,0,1527,1523
mcnt:1508,0,0,1527,1523
mcnt:1509,0,0,1527,1523
mcnt:1510,0,0,1527,1523
mcnt:1511,0,0,1527,1523
mcnt:1512,0,0,1527,1523
mcnt:1513,0,0,1527,1523
mcnt:1514,0,0,1527,1523
mcnt:1515,0,0,1527,1523
mcnt:1516,0,0,1527,1523
mcnt:1517,0,0,1527,1523
mcnt:1518,0,0,1527,1523
mcnt:1519,0,0,1527,1523
mcnt:1520,0,0,1527,1523
mcnt:1521,0,0,1527,1523
mcnt:1522,0,0,1527,1523
mcnt:1523,0,0,1527,1523
mcnt:1524,0,0,1527,1523
mcnt:1525,0,0,1527,1523
mcnt:1526,0,0,1527,1523
mcnt:1527,0,0,1529,1525
mcnt:1528,0,0,1512,1507
mcnt:1529,0,0,1468,1462
mcnt:1530,0,0,1426,1421
mcnt:1531,0,0,1417,1413
mcnt:1532,0,0,1417,1413
mcnt:1533,0,0,1405,1400
mcnt:1534,0,0,1368,1362
mcnt:1535,0,0,1324,1320
mcnt:1536,0,0,1323,1320
mcnt:1537,0,0,1323,1320
mcnt:1538,0,0,1318,1314
mcnt:1539,0,0,1295,1290
mcnt:1540,0,0,1260,1256
mcnt:1541,0,0,1233,1231
mcnt:1542,0,0,1233,1230
mcnt:1543,0,0,1233,1230
mcnt:1544,0,0,1215,1211
mcnt:1545,0,0,1175,1171
mcnt:1546,0,0,1158,1156
mcnt:1547,0,0,1158,1156
mcnt:1548,0,0,1159,1156
mcnt:1549,0,0,1128,1123
mcnt:1550,0,0,1090,1087
mcnt:1551,0,0,1090,1087
mcnt:1552,0,0,1086,1082
mcnt:1553,0,0,1045,1040
mcnt:1554,0,0,1018,1015
mcnt:1555,0,0,1018,1015
mcnt:1556,0,0,992,987
mcnt:1557,0,0,967,965
mcnt:1558,0,0,967,965
mcnt:1559,0,0,967,965
mcnt:1560,0,0,967,965
mcnt:1561,0,0,967,965
mcnt:1562,0,0,967,965
mcnt:1563,0,0,967,965
mcnt:1564,0,0,967,965
mcnt:1565,0,0,967,965
mcnt:1566,0,0,967,965
mcnt:1567,0,0,967,965
mcnt:1568,0,0,967,965
mcnt:1569,0,0,967,965
mcnt:1570,0,0,967,965
mcnt:1571,0,0,967,965
mcnt:1572,0,0,967,965
mcnt:1573,0,0,967,965
mcnt:1574,0,0,967,965
mcnt:1575,0,0,967,965
mcnt:1576,0,0,967,965
mcnt:1577,0,0,967,965
mcnt:1578,0,0,967,965
mcnt:1579,0,0,967,965
mcnt:1580,0,0,967,965
mcnt:1581,0,0,967,965
mcnt:1582,0,0,967,965
mcnt:1583,0,0,967,965
mcnt:1584,0,0,967,965
mcnt:1585,0,0,967,965
mcnt:1586,0,0,967,965
mcnt:1587,0,0,967,965
mcnt:1588,0,0,967,965
mcnt:1589,0,0,967,965
mcnt:1590,0,0,967,965
mcnt:1591,0,0,967,965
mcnt:1592,0,0,967,965
mcnt:1593,0,0,967,965
mcnt:1594,0,0,967,965
mcnt:1595,0,0,967,965
mcnt:1596,0,0,967,965
mcnt:1597,0,0,967,965
mcnt:1598,0,0,967,965
mcnt:1599,0,0,967,965
mcnt:1600,0,0,967,965
mcnt:1601,0,0,967,965
mcnt:1602,0,0,967,965
mcnt:1603,0,0,967,965
mcnt:1604,0,0,967,965
mcnt:1605,0,0,967,965
mcnt:1606,0,0,967,964
mcnt:1607,0,0,967,964
mcnt:1608,0,0,967,964
mcnt:1609,0,0,967,964
mcnt:1610,0,0,967,964
mcnt:1611,0,0,967,964
mcnt:1612,0,0,967,964
mcnt:1613,0,0,967,964
mcnt:1614,0,0,967,964
mcnt:1615,0,0,967,964
mcnt:1616,0,0,967,964
mcnt:1617,0,0,967,964
mcnt:1618,0,0,967,964
mcnt:1619,0,0,967,964
mcnt:1620,0,0,967,964
mcnt:1621,0,0,967,964
mcnt:1622,0,0,967,964
mcnt:1623,0,0,967,964
mcnt:1624,0,0,967,964
mcnt:1625,0,0,967,964
mcnt:1626,0,0,967,964
mcnt:1627,0,0,967,964
mcnt:1628,0,0,967,964
mcnt:1629,0,0,967,964
mcnt:1630,0,0,967,964
mcnt:1631,0,0,967,964
mcnt:1632,0,0,967,964
mcnt:1633,0,0,967,964
mcnt:1634,0,0,967,964
mcnt:1635,0,0,967,964
mcnt:1636,0,0,967,964
mcnt:1637,0,0,967,964
mcnt:1638,0,0,967,964
mcnt:1639,0,0,967,964
mcnt:1640,0,0,967,963
mcnt:1641,0,0,967,963
mcnt:1642,0,0,967,963
mcnt:1643,0,0,967,963
mcnt:1644,0,0,967,963
mcnt:1645,0,0,967,963
mcnt:1646,0,0,967,963
mcnt:1647,0,0,967,963
mcnt:1648,0,0,967,963
mcnt:1649,0,0,967,963
mcnt:1650,0,0,967,963
mcnt:1651,0,0,967,963
mcnt:1652,0,0,967,963
mcnt:1653,0,0,967,963
mcnt:1654,0,0,967,963
mcnt:1655,0,0,967,963
mcnt:1656,0,0,967,963
mcnt:1657,0,0,967,963
mcnt:1658,0,0,967,963
mcnt:1659,0,0,967,963
mcnt:1660,0,0,967,963
mcnt:1661,0,0,967,963
mcnt:1662,0,0,967,963
mcnt:1663,0,0,967,963
mcnt:1664,0,0,967,963
mcnt:1665,0,0,967,963
mcnt:1666,0,0,967,963
mcnt:1667,0,0,967,963
mcnt:1668,0,0,967,963
mcnt:1669,0,0,967,963
mcnt:1670,0,0,967,963
mcnt:1671,0,0,967,963
mcnt:1672,0,0,967,963
mcnt:1673,0,0,967,963
mcnt:1674,0,0,967,963
mcnt:1675,0,0,967,963
mcnt:1676,0,0,967,963
mcnt:1677,0,0,967,963
mcnt:1678,0,0,967,963
mcnt:1679,0,0,967,963
mcnt:1680,0,0,967,963
mcnt:1681,0,0,967,963
mcnt:1682,0,0,967,963
mcnt:1683,0,0,967,963
mcnt:1684,0,0,967,963
mcnt:1685,0,0,967,963
mcnt:1686,0,0,967,963
mcnt:1687,0,0,967,963
mcnt:1688,0,0,967,963
mcnt:1689,0,0,967,963
mcnt:1690,0,0,967,963
mcnt:1691,0,0,967,963
mcnt:1692,0,0,967,963
mcnt:1693,0,0,967,963
mcnt:1694,0,0,967,963
mcnt:1695,0,0,967,963
mcnt:1696,0,0,967,963
mcnt:1697,0,0,967,963
mcnt:1698,0,0,967,963
mcnt:1699,0,0,967,963
mcnt:1700,0,0,967,963
mcnt:1701,0,0,967,963
mcnt:1702,0,0,967,963
mcnt:1703,0,0,967,963
mcnt:1704,0,0,967,963
mcnt:1705,0,0,967,963
mcnt:1706,0,0,967,963
mcnt:1707,0,0,967,963
mcnt:1708,0,0,967,963
mcnt:1709,0,0,967,963
mcnt:1710,0,0,967,963
mcnt:1711,0,0,967,963
mcnt:1712,0,0,967,963
mcnt:1713,0,0,967,963
mcnt:1714,0,0,967,963
mcnt:1715,0,0,967,963
mcnt:1716,0,0,967,963
mcnt:1717,0,0,967,963
mcnt:1718,0,0,967,963
mcnt:1719,0,0,967,963
mcnt:1720,0,0,967,963
mcnt:1721,0,0,967,963
mcnt:1722,0,0,967,963
mcnt:1723,0,0,967,963
mcnt:1724,0,0,967,963
mcnt:1725,0,0,967,963
mcnt:1726,0,0,967,963
mcnt:1727,0,0,967,963
mcnt:1728,0,0,967,963
mcnt:1729,0,0,967,963
mcnt:1730,0,0,967,963
mcnt:1731,0,0,967,963
mcnt:1732,0,0,967,963
mcnt:1733,0,0,967,963
mcnt:1734,0,0,967,963
mcnt:1735,0,0,967,963
mcnt:1736,0,0,967,963
mcnt:1737,0,0,967,963
mcnt:1738,0,0,967,963
mcnt:1739,0,0,967,963
mcnt:1740,0,0,967,963
mcnt:1741,0,0,967,963
mcnt:1742,0,0,967,963
mcnt:1743,0,0,967,964
mcnt:1744,0,0,967,964
mcnt:1745,0,0,967,964
mcnt:1746,0,0,967,964
mcnt:1747,0,0,967,964
mcnt:1748,0,0,967,964
mcnt:1749,0,0,967,964
mcnt:1750,0,0,967,964
mcnt:1751,0,0,967,964
mcnt:1752,0,0,967,964
mcnt:1753,0,0,967,964
mcnt:1754,0,0,967,964
mcnt:1755,0,0,967,964
mcnt:1756,0,0,967,964
mcnt:1757,0,0,967,964
mcnt:1758,0,0,967,964
mcnt:1759,0,0,967,964
mcnt:1760,0,0,967,964
mcnt:1761,0,0,967,964
mcnt:1762,0,0,967,964
mcnt:1763,0,0,967,964
mcnt:1764,0,0,967,964
mcnt:1765,0,0,967,964
mcnt:1766,0,0,967,964
mcnt:1767,0,0,967,964
mcnt:1768,0,0,967,964
mcnt:1769,0,0,967,964
mcnt:1770,0,0,967,964
mcnt:1771,0,0,967,964
mcnt:1772,0,0,967,964
mcnt:1773,0,0,967,964
mcnt:1774,0,0,967,964
mcnt:1775,0,0,967,964
mcnt:1776,0,0,967,964
mcnt:1777,0,0,967,964
mcnt:1778,0,0,967,964
mcnt:1779,0,0,967,964
mcnt:1780,0,0,967,964
mcnt:1781,0,0,967,964
mcnt:1782,0,0,967,964
mcnt:1783,0,0,967,964
mcnt:1784,0,0,967,964
mcnt:1785,0,0,967,964
mcnt:1786,0,0,967,964
mcnt:1787,0,0,967,964
mcnt:1788,0,0,967,964
mcnt:1789,0,0,967,964
mcnt:1790,0,0,967,964
mcnt:1791,0,0,967,965
mcnt:1792,0,0,967,964
mcnt:1793,0,0,967,964
mcnt:1794,0,0,967,964
mcnt:1795,0,0,967,964
mcnt:1796,0,0,967,964
mcnt:1797,0,0,967,965
mcnt:1798,0,0,967,965
mcnt:1799,0,0,967,965
mcnt:1800,0,0,967,964
mcnt:1801,0,0,967,964
mcnt:1802,0,0,967,964
mcnt:1803,0,0,967,964
mcnt:1804,0,0,967,964
mcnt:1805,0,0,967,964
mcnt:1806,0,0,967,965
mcnt:1807,0,0,967,964
mcnt:1808,0,0,967,965
mcnt:1809,0,0,967,964
mcnt:1810,0,0,967,964
mcnt:1811,0,0,967,964
mcnt:1812,0,0,967,964
mcnt:1813,0,0,967,965
mcnt:1814,0,0,967,964
mcnt:1815,0,0,967,964
mcnt:1816,0,0,967,964
mcnt:1817,0,0,967,964
mcnt:1818,0,0,967,964
mcnt:1819,0,0,967,964
mcnt:1820,0,0,967,964
mcnt:1821,0,0,967,964
mcnt:1822,0,0,967,964
mcnt:1823,0,0,967,964
mcnt:1824,0,0,967,964
mcnt:1825,0,0,967,964
mcnt:1826,0,0,967,964
mcnt:1827,0,0,967,964
mcnt:1828,0,0,967,964
mcnt:1829,0,0,967,964
mcnt:1830,0,0,967,964
mcnt:1831,0,0,967,964
mcnt:1832,0,0,967,964
mcnt:1833,0,0,967,964
mcnt:1834,0,0,967,964
mcnt:1835,0,0,967,964
mcnt:1836,0,0,967,964
mcnt:1837,0,0,967,964
mcnt:1838,0,0,967,964
mcnt:1839,0,0,967,964
mcnt:1840,0,0,967,964
mcnt:1841,0,0,967,964
mcnt:1842,0,0,967,964
mcnt:1843,0,0,967,964
mcnt:1844,0,0,967,964
mcnt:1845,0,0,967,964
mcnt:1846,0,0,967,964
mcnt:1847,0,0,967,964
mcnt:1848,0,0,967,964
mcnt:1849,0,0,967,964
mcnt:1850,0,0,967,964
mcnt:1851,0,0,967,964
mcnt:1852,0,0,967,964
mcnt:1853,0,0,967,964
mcnt:1854,0,0,967,964
mcnt:1855,0,0,967,964
mcnt:1856,0,0,967,964
mcnt:1857,0,0,967,964
mcnt:1858,0,0,967,964
mcnt:1859,0,0,967,964
mcnt:1860,0,0,967,964
mcnt:1861,0,0,967,964
mcnt:1862,0,0,967,964
mcnt:1863,0,0,967,964
mcnt:1864,0,0,967,964
mcnt:1865,0,0,967,964
mcnt:1866,0,0,967,964
mcnt:1867,0,0,967,964
mcnt:1868,0,0,967,964
mcnt:1869,0,0,967,964
mcnt:1870,0,0,967,964
mcnt:1871,0,0,967,964
mcnt:1872,0,0,967,964
mcnt:1873,0,0,967,964
mcnt:1874,0,0,967,964
mcnt:1875,0,0,967,964
mcnt:1876,0,0,967,964
mcnt:1877,0,0,967,964
mcnt:1878,0,0,967,964
mcnt:1879,0,0,967,964
mcnt:1880,0,0,967,964
mcnt:1881,0,0,967,964
mcnt:1882,0,0,967,964
mcnt:1883,0,0,967,964
mcnt:1884,0,0,967,964
mcnt:1885,0,0,967,964
mcnt:1886,0,0,967,964
mcnt:1887,0,0,967,964
mcnt:1888,0,0,967,964
mcnt:1889,0,0,967,963
mcnt:1890,0,0,967,963
mcnt:1891,0,0,967,963
mcnt:1892,0,0,967,963
mcnt:1893,0,0,967,964
mcnt:1894,0,0,967,963
mcnt:1895,0,0,967,963
mcnt:1896,0,0,967,963
mcnt:1897,0,0,967,963
mcnt:1898,0,0,967,963
mcnt:1899,0,0,967,963
mcnt:1900,0,0,967,963
mcnt:1901,0,0,967,963
mcnt:1902,0,0,967,963
mcnt:1903,0,0,967,963
mcnt:1904,0,0,967,963
mcnt:1905,0,0,967,963
mcnt:1906,0,0,967,963
mcnt:1907,0,0,967,963
mcnt:1908,0,0,967,963
mcnt:1909,0,0,967,963
mcnt:1910,0,0,967,963
mcnt:1911,0,0,967,963
mcnt:1912,0,0,967,963
mcnt:1913,0,0,967,963
mcnt:1914,0,0,967,963
mcnt:1915,0,0,967,963
mcnt:1916,0,0,967,963
mcnt:1917,0,0,967,963
mcnt:1918,0,0,967,963
mcnt:1919,0,0,967,963
mcnt:1920,0,0,967,963
mcnt:1921,0,0,967,963
mcnt:1922,0,0,967,963
mcnt:1923,0,0,967,963
mcnt:1924,0,0,967,963
mcnt:1925,0,0,967,963
mcnt:1926,0,0,967,963
mcnt:1927,0,0,967,963
mcnt:1928,0,0,967,963
mcnt:1929,0,0,967,963
mcnt:1930,0,0,967,963
mcnt:1931,0,0,967,963
mcnt:1932,0,0,967,963
mcnt:1933,0,0,967,963
mcnt:1934,0,0,967,963
mcnt:1935,0,0,967,963
mcnt:1936,0,0,967,963
mcnt:1937,0,0,967,963
mcnt:1938,0,0,967,963
mcnt:1939,0,0,967,963
mcnt:1940,0,0,967,963
mcnt:1941,0,0,967,963
mcnt:1942,0,0,967,963
mcnt:1943,0,0,967,963
mcnt:1944,0,0,967,963
mcnt:1945,0,0,967,963
mcnt:1946,0,0,967,963
mcnt:1947,0,0,967,963
mcnt:1948,0,0,967,963
mcnt:1949,0,0,967,963
mcnt:1950,0,0,967,963
mcnt:1951,0,0,967,963
mcnt:1952,0,0,967,963
mcnt:1953,0,0,967,963
mcnt:1954,0,0,967,963
mcnt:1955,0,0,967,963
mcnt:1956,0,0,967,963
mcnt:1957,0,0,967,963
mcnt:1958,0,0,967,963
mcnt:1959,0,0,967,963
mcnt:1960,0,0,967,963
mcnt:1961,0,0,967,963
mcnt:1962,0,0,967,963
mcnt:1963,0,0,967,963
mcnt:1964,0,0,967,963
mcnt:1965,0,0,967,963
mcnt:1966,0,0,967,963
mcnt:1967,0,0,967,963
mcnt:1968,0,0,967,963
mcnt:1969,0,0,967,963
mcnt:1970,0,0,967,963
mcnt:1971,0,0,967,963
mcnt:1972,0,0,967,963
mcnt:1973,0,0,967,963
mcnt:1974,0,0,967,963
mcnt:1975,0,0,967,963
mcnt:1976,0,0,967,963
mcnt:1977,0,0,967,963
mcnt:1978,0,0,967,963
mcnt:1979,0,0,967,963
mcnt:1980,0,0,967,963
mcnt:1981,0,0,967,963
mcnt:1982,0,0,967,963
mcnt:1983,0,0,967,963
mcnt:1984,0,0,967,963
mcnt:1985,0,0,967,963
mcnt:1986,0,0,967,963
mcnt:1987,0,0,967,963
mcnt:1988,0,0,967,963
mcnt:1989,0,0,967,963
mcnt:1990,0,0,967,963
mcnt:1991,0,0,967,963
mcnt:1992,0,0,967,963
mcnt:1993,0,0,967,963
mcnt:1994,0,0,967,963
mcnt:1995,0,0,967,963
mcnt:1996,0,0,967,963
mcnt:1997,0,0,967,963
mcnt:1998,0,0,967,963
mcnt:1999,0,0,967,963
mcnt:2000,0,0,967,963
mcnt:2001,0,0,967,963
mcnt:2002,0,0,967,963
mcnt:2003,0,0,967,963
mcnt:2004,0,0,967,963
mcnt:2005,0,0,967,963
mcnt:2006,0,0,967,963
mcnt:2007,0,0,967,963
mcnt:2008,0,0,967,963
mcnt:2009,0,0,967,963
mcnt:2010,0,0,967,963
mcnt:2011,0,0,967,963
mcnt:2012,0,0,967,963
mcnt:2013,0,0,967,963
mcnt:2014,0,0,967,963
mcnt:2015,0,0,967,963
mcnt:2016,0,0,967,963
mcnt:2017,0,0,967,963
mcnt:2018,0,0,967,963
mcnt:2019,0,0,967,963
mcnt:2020,0,0,967,963
mcnt:2021,0,0,967,963
mcnt:2022,0,0,967,963
mcnt:2023,0,0,967,963
mcnt:2024,0,0,967,963
mcnt:2025,0,0,967,963
mcnt:2026,0,0,967,963
mcnt:2027,0,0,967,963
mcnt:2028,0,0,967,963
mcnt:2029,0,0,967,963
mcnt:2030,0,0,967,963
mcnt:2031,0,0,967,963
mcnt:2032,0,0,967,963
mcnt:2033,0,0,967,963
mcnt:2034,0,0,967,963
mcnt:2035,0,0,967,963
mcnt:2036,0,0,967,963
mcnt:2037,0,0,967,963
mcnt:2038,0,0,967,963
mcnt:2039,0,0,967,963
mcnt:2040,0,0,967,963
mcnt:2041,0,0,967,963
mcnt:2042,0,0,967,963
mcnt:2043,0,0,967,963
mcnt:2044,0,0,967,963
mcnt:2045,0,0,967,963
mcnt:2046,0,0,967,963
mcnt:2047,0,0,967,963
mcnt:2048,0,0,967,963
mcnt:2049,0,0,967,963
mcnt:2050,0,0,967,963
mcnt:2051,0,0,967,963
mcnt:2052,0,0,967,963
mcnt:2053,0,0,967,963
mcnt:2054,0,0,967,963
mcnt:2055,0,0,967,963
mcnt:2056,0,0,967,963
mcnt:2057,0,0,967,963
mcnt:2058,0,0,967,963
mcnt:2059,0,0,967,963
mcnt:2060,0,0,967,963
mcnt:2061,0,0,967,963
mcnt:2062,0,0,967,963
mcnt:2063,0,0,967,963
mcnt:2064,0,0,967,963
mcnt:2065,0,0,967,963
mcnt:2066,0,0,967,963
mcnt:2067,0,0,967,963
mcnt:2068,0,0,967,963
mcnt:2069,0,0,967,963
mcnt:2070,0,0,967,963
mcnt:2071,0,0,967,963
mcnt:2072,0,0,967,963
mcnt:2073,0,0,967,963
mcnt:2074,0,0,967,963
mcnt:2075,0,0,967,963
mcnt:2076,0,0,967,963
mcnt:2077,0,0,967,963
mcnt:2078,0,0,967,963
mcnt:2079,0,0,967,963
mcnt:2080,0,0,967,963
mcnt:2081,0,0,967,963
mcnt:2082,0,0,967,963
mcnt:2083,0,0,967,963
mcnt:2084,0,0,967,963
mcnt:2085,0,0,967,963
mcnt:2086,0,0,967,963
mcnt:2087,0,0,967,963
mcnt:2088,0,0,967,963
mcnt:2089,0,0,967,963
mcnt:2090,0,0,967,963
mcnt:2091,0,0,967,963
mcnt:2092,0,0,967,963
mcnt:2093,0,0,967,963
mcnt:2094,0,0,967,963
mcnt:2095,0,0,967,963
mcnt:2096,0,0,967,963
mcnt:2097,0,0,967,963
mcnt:2098,0,0,967,963
mcnt:2099,0,0,967,963
mcnt:2100,0,0,967,963
mcnt:2101,0,0,967,963
mcnt:2102,0,0,967,963
mcnt:2103,0,0,967,963
mcnt:2104,0,0,967,963
mcnt:2105,0,0,967,963
mcnt:2106,0,0,967,963
mcnt:2107,0,0,967,963
mcnt:2108,0,0,967,963
mcnt:2109,0,0,967,963
mcnt:2110,0,0,967,963
mcnt:2111,0,0,967,963
mcnt:2112,0,0,967,963
mcnt:2113,0,0,967,963
mcnt:2114,0,0,967,963
mcnt:2115,0,0,967,963
mcnt:2116,0,0,967,963
mcnt:2117,0,0,967,963
mcnt:2118,0,0,967,963
mcnt:2119,0,0,967,963
mcnt:2120,0,0,967,963
mcnt:2121,0,0,967,963
mcnt:2122,0,0,967,963
mcnt:2123,0,0,967,963
mcnt:2124,0,0,967,963
mcnt:2125,0,0,967,963
mcnt:2126,0,0,967,963
mcnt:2127,0,0,967,963
mcnt:2128,0,0,967,963
mcnt:2129,0,0,967,963
mcnt:2130,0,0,967,963
mcnt:2131,0,0,967,963
mcnt:2132,0,0,967,963
mcnt:2133,0,0,967,964
mcnt:2134,0,0,967,963
mcnt:2135,0,0,967,963
mcnt:2136,0,0,967,964
mcnt:2137,0,0,967,963
mcnt:2138,0,0,967,963
mcnt:2139,0,0,967,963
mcnt:2140,0,0,967,963
mcnt:2141,0,0,967,963
mcnt:2142,0,0,967,964
mcnt:2143,0,0,967,964
mcnt:2144,0,0,967,964
mcnt:2145,0,0,967,964
mcnt:2146,0,0,967,964
mcnt:2147,0,0,967,964
mcnt:2148,0,0,967,964
mcnt:2149,0,0,967,964
mcnt:2150,0,0,967,964
mcnt:2151,0,0,967,964
mcnt:2152,0,0,967,964
mcnt:2153,0,0,967,964
mcnt:2154,0,0,967,964
mcnt:2155,0,0,967,964
mcnt:2156,0,0,967,964
mcnt:2157,0,0,967,964
mcnt:2158,0,0,967,964
mcnt:2159,0,0,967,964
mcnt:2160,0,0,967,964
mcnt:2161,0,0,967,964
mcnt:2162,0,0,967,964
mcnt:2163,0,0,967,964
mcnt:2164,0,0,967,964
mcnt:2165,0,0,967,964
mcnt:2166,0,0,967,964
mcnt:2167,0,0,967,964
mcnt:2168,0,0,967,964
mcnt:2169,0,0,967,964
mcnt:2170,0,0,967,964
mcnt:2171,0,0,967,964
mcnt:2172,0,0,967,964
mcnt:2173,0,0,967,964
mcnt:2174,0,0,967,964
mcnt:2175,0,0,967,964
mcnt:2176,0,0,967,964
mcnt:2177,0,0,967,964
mcnt:2178,0,0,967,964
mcnt:2179,0,0,967,964
mcnt:2180,0,0,967,964
mcnt:2181,0,0,967,964
mcnt:2182,0,0,967,964
mcnt:2183,0,0,967,964
mcnt:2184,0,0,967,964
mcnt:2185,0,0,967,964
mcnt:2186,0,0,967,964
mcnt:2187,0,0,967,964
mcnt:2188,0,0,967,964
mcnt:2189,0,0,967,964
mcnt:2190,0,0,967,964
mcnt:2191,0,0,967,964
mcnt:2192,0,0,967,964
mcnt:2193,0,0,967,964
mcnt:2194,0,0,967,964
mcnt:2195,0,0,967,964
mcnt:2196,0,0,967,964
mcnt:2197,0,0,967,964
mcnt:2198,0,0,967,964
mcnt:2199,0,0,967,964
mcnt:2200,0,0,967,964
mcnt:2201,0,0,967,964
mcnt:2202,0,0,967,964
mcnt:2203,0,0,967,964
mcnt:2204,0,0,967,964
mcnt:2205,0,0,967,964
mcnt:2206,0,0,967,964
mcnt:2207,0,0,967,964
mcnt:2208,0,0,967,964
mcnt:2209,0,0,967,964
mcnt:2210,0,0,967,964
mcnt:2211,0,0,967,964
mcnt:2212,0,0,967,964
mcnt:2213,0,0,967,964
mcnt:2214,0,0,967,964
mcnt:2215,0,0,967,964
mcnt:2216,0,0,967,964
mcnt:2217,0,0,967,964
mcnt:2218,0,0,967,964
mcnt:2219,0,0,967,964
mcnt:2220,0,0,967,964
mcnt:2221,0,0,967,964
mcnt:2222,0,0,967,964
mcnt:2223,0,0,967,964
mcnt:2224,0,0,967,964
mcnt:2225,0,0,967,964
mcnt:2226,0,0,967,964
mcnt:2227,0,0,967,964
mcnt:2228,0,0,967,964
mcnt:2229,0,0,967,964
mcnt:2230,0,0,967,964
mcnt:2231,0,0,967,964
mcnt:2232,0,0,967,964
mcnt:2233,0,0,967,964
mcnt:2234,0,0,967,964
mcnt:2235,0,0,967,964
mcnt:2236,0,0,967,964
mcnt:2237,0,0,967,964
mcnt:2238,0,0,967,964
mcnt:2239,0,0,967,964
mcnt:2240,0,0,967,964
mcnt:2241,0,0,967,964
mcnt:2242,0,0,967,964
mcnt:2243,0,0,967,964
mcnt:2244,0,0,967,964
mcnt:2245,0,0,967,964
mcnt:2246,0,0,967,964
mcnt:2247,0,0,967,964
mcnt:2248,0,0,967,964
mcnt:2249,0,0,967,964
mcnt:2250,0,0,967,964
mcnt:2251,0,0,967,964
mcnt:2252,0,0,967,964
mcnt:2253,0,0,967,964
mcnt:2254,0,0,967,964
mcnt:2255,0,0,967,964
mcnt:2256,0,0,967,964
mcnt:2257,0,0,967,964
mcnt:2258,0,0,967,964
mcnt:2259,0,0,967,964
mcnt:2260,0,0,967,964
mcnt:2261,0,0,967,964
mcnt:2262,0,0,967,964
mcnt:2263,0,0,967,964
mcnt:2264,0,0,967,964
mcnt:2265,0,0,967,964
mcnt:2266,0,0,967,964
mcnt:2267,0,0,967,964
mcnt:2268,0,0,967,964
mcnt:2269,0,0,967,964
mcnt:2270,0,0,967,964
mcnt:2271,0,0,967,964
mcnt:2272,0,0,967,964
mcnt:2273,0,0,967,964
mcnt:2274,0,0,967,964
mcnt:2275,0,0,967,964
mcnt:2276,0,0,967,964
mcnt:2277,0,0,967,964
mcnt:2278,0,0,967,964
mcnt:2279,0,0,967,964
mcnt:2280,0,0,967,964
mcnt:2281,0,0,967,964
mcnt:2282,0,0,967,964
mcnt:2283,0,0,967,964
mcnt:2284,0,0,967,964
mcnt:2285,0,0,967,964
mcnt:2286,0,0,967,964
mcnt:2287,0,0,967,964
mcnt:2288,0,0,967,964
mcnt:2289,0,0,967,964
mcnt:2290,0,0,967,964
mcnt:2291,0,0,967,964
mcnt:2292,0,0,967,964
mcnt:2293,0,0,967,964
mcnt:2294,0,0,967,964
mcnt:2295,0,0,967,964
mcnt:2296,0,0,967,964
mcnt:2297,0,0,967,964
mcnt:2298,0,0,967,964
mcnt:2299,0,0,967,964
mcnt:2300,0,0,967,964
mcnt:2301,0,0,967,964
mcnt:2302,0,0,967,964
mcnt:2303,0,0,967,964
mcnt:2304,0,0,967,964
mcnt:2305,0,0,967,964
mcnt:2306,0,0,967,964
mcnt:2307,0,0,967,964
mcnt:2308,0,0,967,964
mcnt:2309,0,0,967,964
mcnt:2310,0,0,967,964
mcnt:2311,0,0,967,964
mcnt:2312,0,0,967,964
mcnt:2313,0,0,967,964
mcnt:2314,0,0,967,964
mcnt:2315,0,0,967,964
mcnt:2316,0,0,967,964
mcnt:2317,0,0,967,964
mcnt:2318,0,0,967,964
mcnt:2319,0,0,967,964
mcnt:2320,0,0,967,964
mcnt:2321,0,0,967,964
mcnt:2322,0,0,967,964
mcnt:2323,0,0,967,964
mcnt:2324,0,0,967,964
mcnt:2325,0,0,967,964
mcnt:2326,0,0,967,964
mcnt:2327,0,0,967,964
mcnt:2328,0,0,967,964
mcnt:2329,0,0,967,964
mcnt:2330,0,0,967,964
mcnt:2331,0,0,967,964
mcnt:2332,0,0,967,964
mcnt:2333,0,0,967,964
mcnt:2334,0,0,967,964
mcnt:2335,0,0,967,964
mcnt:2336,0,0,967,964
mcnt:2337,0,0,967,964
mcnt:2338,0,0,967,964
mcnt:2339,0,0,967,964
mcnt:2340,0,0,967,964
mcnt:2341,0,0,967,964
mcnt:2342,0,0,967,964
mcnt:2343,0,0,967,964
mcnt:2344,0,0,967,964
mcnt:2345,0,0,967,964
mcnt:2346,0,0,967,964
mcnt:2347,0,0,967,964
mcnt:2348,0,0,967,964
mcnt:2349,0,0,967,964
mcnt:2350,0,0,967,964
mcnt:2351,0,0,967,964
mcnt:2352,0,0,967,964
mcnt:2353,0,0,967,964
mcnt:2354,0,0,967,964
mcnt:2355,0,0,967,964
mcnt:2356,0,0,967,964
mcnt:2357,0,0,967,964
mcnt:2358,0,0,967,964
mcnt:2359,0,0,967,964
mcnt:2360,0,0,967,964
mcnt:2361,0,0,967,964
mcnt:2362,0,0,967,964
mcnt:2363,0,0,967,964
mcnt:2364,0,0,967,964
mcnt:2365,0,0,967,964
mcnt:2366,0,0,967,964
mcnt:2367,0,0,967,964
mcnt:2368,0,0,967,964
mcnt:2369,0,0,967,964
mcnt:2370,0,0,967,964
mcnt:2371,0,0,967,964
mcnt:2372,0,0,967,964
mcnt:2373,0,0,967,964
mcnt:2374,0,0,967,964
mcnt:2375,0,0,967,964
mcnt:2376,0,0,967,964
mcnt:2377,0,0,967,964
mcnt:2378,0,0,967,964
mcnt:2379,0,0,967,964
mcnt:2380,0,0,967,964
mcnt:2381,0,0,967,964
mcnt:2382,0,0,967,964
mcnt:2383,0,0,967,964
mcnt:2384,0,0,967,964
mcnt:2385,0,0,967,964
mcnt:2386,0,0,967,964
mcnt:2387,0,0,967,964
mcnt:2388,0,0,967,964
mcnt:2389,0,0,967,964
mcnt:2390,0,0,967,964
mcnt:2391,0,0,967,964
mcnt:2392,0,0,967,964
mcnt:2393,0,0,967,964
mcnt:2394,0,0,967,964
mcnt:2395,0,0,967,964
mcnt:2396,0,0,967,964
mcnt:2397,0,0,967,964
mcnt:2398,0,0,967,964
mcnt:2399,0,0,967,964
mcnt:2400,0,0,967,964
mcnt:2401,0,0,967,964
mcnt:2402,0,0,967,964
mcnt:2403,0,0,967,964
mcnt:2404,0,0,967,964
mcnt:2405,0,0,967,964
mcnt:2406,0,0,967,964
mcnt:2407,0,0,967,964
mcnt:2408,0,0,967,964
mcnt:2409,0,0,967,964
mcnt:2410,0,0,967,964
mcnt:2411,0,0,967,964
mcnt:2412,0,0,967,964
mcnt:2413,0,0,967,964
mcnt:2414,0,0,967,964
mcnt:2415,0,0,967,964
mcnt:2416,0,0,967,964
mcnt:2417,0,0,967,964
mcnt:2418,0,0,967,964
mcnt:2419,0,0,967,964
mcnt:2420,0,0,967,964
mcnt:2421,0,0,967,964
mcnt:2422,0,0,967,964
mcnt:2423,0,0,967,964
mcnt:2424,0,0,967,964
mcnt:2425,0,0,967,964
mcnt:2426,0,0,967,964
mcnt:2427,0,0,967,964
mcnt:2428,0,0,967,964
mcnt:2429,0,0,967,964
mcnt:2430,0,0,967,964
mcnt:2431,0,0,967,964
mcnt:2432,0,0,967,964
mcnt:2433,0,0,967,964
mcnt:2434,0,0,967,964
mcnt:2435,0,0,967,964
mcnt:2436,0,0,967,964
mcnt:2437,0,0,967,964
mcnt:2438,0,0,967,964
mcnt:2439,0,0,967,964
mcnt:2440,0,0,967,964
mcnt:2441,0,0,967,964
mcnt:2442,0,0,967,964
mcnt:2443,0,0,967,964
mcnt:2444,0,0,967,964
mcnt:2445,0,0,967,964
mcnt:2446,0,0,967,964
mcnt:2447,0,0,967,964
mcnt:2448,0,0,967,964
mcnt:2449,0,0,967,964
mcnt:2450,0,0,967,964
mcnt:2451,0,0,967,964
mcnt:2452,0,0,967,964
mcnt:2453,0,0,967,964
mcnt:2454,0,0,967,964
mcnt:2455,0,0,967,964
mcnt:2456,0,0,967,964
mcnt:2457,0,0,967,964
mcnt:2458,0,0,967,964
mcnt:2459,0,0,967,964
mcnt:2460,0,0,967,964
mcnt:2461,0,0,967,964
mcnt:2462,0,0,967,964
mcnt:2463,0,0,967,964
mcnt:2464,0,0,967,964
mcnt:2465,0,0,967,964
mcnt:2466,0,0,967,964
mcnt:2467,0,0,967,964
mcnt:2468,0,0,967,964
mcnt:2469,0,0,967,964
mcnt:2470,0,0,967,964
mcnt:2471,0,0,967,964
mcnt:2472,0,0,967,964
mcnt:2473,0,0,967,964
mcnt:2474,0,0,967,964
mcnt:2475,0,0,967,964
mcnt:2476,0,0,967,964
mcnt:2477,0,0,967,964
mcnt:2478,0,0,967,964
mcnt:2479,0,0,967,964
mcnt:2480,0,0,967,964
mcnt:2481,0,0,967,964
mcnt:2482,0,0,967,964
mcnt:2483,0,0,967,964
mcnt:2484,0,0,967,964
mcnt:2485,0,0,967,964
mcnt:2486,0,0,967,964
mcnt:2487,0,0,967,964
mcnt:2488,0,0,967,964
mcnt:2489,0,0,967,964
mcnt:2490,0,0,967,964
mcnt:2491,0,0,967,964
mcnt:2492,0,0,967,964
mcnt:2493,0,0,967,964
mcnt:2494,0,0,967,964
mcnt:2495,0,0,967,964
mcnt:2496,0,0,967,964
mcnt:2497,0,0,967,964
mcnt:2498,0,0,967,964
mcnt:2499,0,0,967,964
mcnt:2500,0,0,967,964
mcnt:2501,0,0,967,964
mcnt:2502,0,0,967,964
mcnt:2503,0,0,967,964
mcnt:2504,0,0,967,964
mcnt:2505,0,0,967,964
mcnt:2506,0,0,967,964
mcnt:2507,0,0,967,964
mcnt:2508,0,0,967,964
mcnt:2509,0,0,967,964
mcnt:2510,0,0,967,964
mcnt:2511,0,0,967,964
mcnt:2512,0,0,967,964
mcnt:2513,0,0,967,964
mcnt:2514,0,0,967,964
mcnt:2515,0,0,967,964
mcnt:2516,0,0,967,964
mcnt:2517,0,0,967,964
mcnt:2518,0,0,967,964
mcnt:2519,0,0,967,964
mcnt:2520,0,0,967,964
mcnt:2521,0,0,967,964
mcnt:2522,0,0,967,964
mcnt:2523,0,0,967,964
mcnt:2524,0,0,967,964
mcnt:2525,0,0,967,964
mcnt:2526,0,0,967,964
mcnt:2527,0,0,967,964
mcnt:2528,0,0,967,964
mcnt:2529,0,0,967,964
mcnt:2530,0,0,967,964
mcnt:2531,0,0,967,964
mcnt:2532,0,0,967,964
mcnt:2533,0,0,967,964
mcnt:2534,0,0,967,964
mcnt:2535,0,0,967,964
mcnt:2536,0,0,967,964
mcnt:2537,0,0,967,964
mcnt:2538,0,0,967,964
mcnt:2539,0,0,967,964
mcnt:2540,0,0,967,965
mcnt:2541,0,0,967,964
mcnt:2542,0,0,967,964
mcnt:2543,0,0,967,964
mcnt:2544,0,0,967,964
mcnt:2545,0,0,967,964
mcnt:2546,0,0,967,964
mcnt:2547,0,0,967,964
mcnt:2548,0,0,967,964
mcnt:2549,0,0,967,964
mcnt:2550,0,0,967,964
mcnt:2551,0,0,967,964
mcnt:2552,0,0,967,964
mcnt:2553,0,0,967,964
mcnt:2554,0,0,967,964
mcnt:2555,0,0,967,964
mcnt:2556,0,0,967,964
mcnt:2557,0,0,967,964
mcnt:2558,0,0,967,964
mcnt:2559,0,0,967,964
mcnt:2560,0,0,967,964
mcnt:2561,0,0,967,964
mcnt:2562,0,0,967,964
mcnt:2563,0,0,967,964
mcnt:2564,0,0,967,964
mcnt:2565,0,0,967,964
mcnt:2566,0,0,967,964
mcnt:2567,0,0,967,964
mcnt:2568,0,0,967,964
mcnt:2569,0,0,967,964
mcnt:2570,0,0,967,964
mcnt:2571,0,0,967,964
mcnt:2572,0,0,967,964
mcnt:2573,0,0,967,964
mcnt:2574,0,0,967,964
mcnt:2575,0,0,967,964
mcnt:2576,0,0,967,964
mcnt:2577,0,0,967,964
mcnt:2578,0,0,967,964
mcnt:2579,0,0,967,964
mcnt:2580,0,0,967,964
mcnt:2581,0,0,967,964
mcnt:2582,0,0,967,964
mcnt:2583,0,0,967,964
mcnt:2584,0,0,967,964
mcnt:2585,0,0,967,964
mcnt:2586,0,0,967,964
mcnt:2587,0,0,967,964
mcnt:2588,0,0,967,964
mcnt:2589,0,0,967,964
mcnt:2590,0,0,967,964
mcnt:2591,0,0,967,964
mcnt:2592,0,0,967,964
mcnt:2593,0,0,967,964
mcnt:2594,0,0,967,964
mcnt:2595,0,0,967,964
mcnt:2596,0,0,967,964
mcnt:2597,0,0,967,964
mcnt:2598,0,0,967,964
mcnt:2599,0,0,967,964
mcnt:2600,0,0,967,964
mcnt:2601,0,0,967,964
mcnt:2602,0,0,967,964
mcnt:2603,0,0,967,964
mcnt:2604,0,0,967,964
mcnt:2605,0,0,967,964
mcnt:2606,0,0,967,964
mcnt:2607,0,0,967,964
mcnt:2608,0,0,967,964
mcnt:2609,0,0,967,964
mcnt:2610,0,0,967,964
mcnt:2611,0,0,967,964
mcnt:2612,0,0,967,964
mcnt:2613,0,0,967,964
mcnt:2614,0,0,967,964
mcnt:2615,0,0,967,964
mcnt:2616,0,0,967,964
mcnt:2617,0,0,967,964
mcnt:2618,0,0,967,964
mcnt:2619,0,0,967,964
mcnt:2620,0,0,967,964
mcnt:2621,0,0,967,964
mcnt:2622,0,0,967,964
mcnt:2623,0,0,967,964
mcnt:2624,0,0,967,964
mcnt:2625,0,0,967,964
mcnt:2626,0,0,967,964
mcnt:2627,0,0,967,964
mcnt:2628,0,0,967,964
mcnt:2629,0,0,967,964
mcnt:2630,0,0,967,964
mcnt:2631,0,0,967,964
mcnt:2632,0,0,967,964
mcnt:2633,0,0,967,964
mcnt:2634,0,0,967,964
mcnt:2635,0,0,967,964
mcnt:2636,0,0,967,964
mcnt:2637,0,0,967,964
mcnt:2638,0,0,967,964
mcnt:2639,0,0,967,964
mcnt:2640,0,0,967,964
mcnt:2641,0,0,967,964
mcnt:2642,0,0,967,964
mcnt:2643,0,0,967,964
mcnt:2644,0,0,967,964
mcnt:2645,0,0,967,964
mcnt:2646,0,0,967,964
mcnt:2647,0,0,967,964
mcnt:2648,0,0,967,964
mcnt:2649,0,0,967,964
mcnt:2650,0,0,967,964
mcnt:2651,0,0,967,964
mcnt:2652,0,0,967,964
mcnt:2653,0,0,967,964
mcnt:2654,0,0,967,964
mcnt:2655,0,0,967,964
mcnt:2656,0,0,967,964
mcnt:2657,0,0,967,964
mcnt:2658,0,0,967,964
mcnt:2659,0,0,967,964
mcnt:2660,0,0,967,963
mcnt:2661,0,0,967,964
mcnt:2662,0,0,967,963
mcnt:2663,0,0,967,964
mcnt:2664,0,0,967,963
mcnt:2665,0,0,967,963
mcnt:2666,0,0,967,963
mcnt:2667,0,0,967,963
mcnt:2668,0,0,967,963
mcnt:2669,0,0,967,963
mcnt:2670,0,0,967,963
mcnt:2671,0,0,967,963
mcnt:2672,0,0,967,963
mcnt:2673,0,0,967,963
mcnt:2674,0,0,967,963
mcnt:2675,0,0,967,963
mcnt:2676,0,0,967,963
mcnt:2677,0,0,967,963
mcnt:2678,0,0,967,963
mcnt:2679,0,0,967,963
mcnt:2680,0,0,967,963
mcnt:2681,0,0,967,963
mcnt:2682,0,0,967,963
mcnt:2683,0,0,967,963
mcnt:2684,0,0,967,963
mcnt:2685,0,0,967,963
mcnt:2686,0,0,967,963
mcnt:2687,0,0,967,963
mcnt:2688,0,0,967,963
mcnt:2689,0,0,967,963
mcnt:2690,0,0,967,963
mcnt:2691,0,0,967,963
mcnt:2692,0,0,967,963
mcnt:2693,0,0,967,963
mcnt:2694,0,0,967,963
mcnt:2695,0,0,967,963
mcnt:2696,0,0,967,963
mcnt:2697,0,0,967,963
mcnt:2698,0,0,967,963
mcnt:2699,0,0,967,963
mcnt:2700,0,0,967,963
mcnt:2701,0,0,967,963
mcnt:2702,0,0,967,963
mcnt:2703,0,0,967,963
mcnt:2704,0,0,967,963
mcnt:2705,0,0,967,963
mcnt:2706,0,0,967,963
mcnt:2707,0,0,967,963
mcnt:2708,0,0,967,963
mcnt:2709,0,0,967,963
mcnt:2710,0,0,967,963
mcnt:2711,0,0,967,963
mcnt:2712,0,0,967,963
mcnt:2713,0,0,967,963
mcnt:2714,0,0,967,963
mcnt:2715,0,0,967,963
mcnt:2716,0,0,967,963
mcnt:2717,0,0,967,963
mcnt:2718,0,0,967,963
mcnt:2719,0,0,967,963
mcnt:2720,0,0,967,963
mcnt:2721,0,0,967,963
mcnt:2722,0,0,967,963
mcnt:2723,0,0,967,963
mcnt:2724,0,0,967,963
mcnt:2725,0,0,967,963
mcnt:2726,0,0,967,963
mcnt:2727,0,0,967,963
mcnt:2728,0,0,967,963
mcnt:2729,0,0,967,963
mcnt:2730,0,0,967,963
mcnt:2731,0,0,967,963
mcnt:2732,0,0,967,963
mcnt:2733,0,0,967,963
mcnt:2734,0,0,967,963
mcnt:2735,0,0,967,963
mcnt:2736,0,0,967,963
mcnt:2737,0,0,967,963
mcnt:2738,0,0,967,963
mcnt:2739,0,0,967,963
mcnt:2740,0,0,967,963
mcnt:2741,0,0,967,963
mcnt:2742,0,0,967,963
mcnt:2743,0,0,967,963
mcnt:2744,0,0,967,963
mcnt:2745,0,0,967,963
mcnt:2746,0,0,967,963
mcnt:2747,0,0,967,963
mcnt:2748,0,0,967,963
mcnt:2749,0,0,967,963
mcnt:2750,0,0,967,963
mcnt:2751,0,0,967,963
mcnt:2752,0,0,967,963
mcnt:2753,0,0,967,963
mcnt:2754,0,0,967,963
mcnt:2755,0,0,967,963
mcnt:2756,0,0,967,963
mcnt:2757,0,0,967,963
mcnt:2758,0,0,967,963
mcnt:2759,0,0,967,963
mcnt:2760,0,0,967,963
mcnt:2761,0,0,967,963
mcnt:2762,0,0,967,963
mcnt:2763,0,0,967,963
mcnt:2764,0,0,967,963
mcnt:2765,0,0,967,963
mcnt:2766,0,0,967,963
mcnt:2767,0,0,967,963
mcnt:2768,0,0,967,963
mcnt:2769,0,0,967,963
mcnt:2770,0,0,967,963
mcnt:2771,0,0,967,963
mcnt:2772,0,0,967,963
mcnt:2773,0,0,967,963
mcnt:2774,0,0,967,963
mcnt:2775,0,0,967,963
mcnt:2776,0,0,967,963
mcnt:2777,0,0,967,963
mcnt:2778,0,0,967,963
mcnt:2779,0,0,967,963
mcnt:2780,0,0,967,963
mcnt:2781,0,0,967,963
mcnt:2782,0,0,967,963
mcnt:2783,0,0,967,963
mcnt:2784,0,0,967,963
mcnt:2785,0,0,967,963
mcnt:2786,0,0,967,963
mcnt:2787,0,0,967,963
mcnt:2788,0,0,967,963
mcnt:2789,0,0,967,963
mcnt:2790,0,0,967,963
mcnt:2791,0,0,967,963
mcnt:2792,0,0,967,963
mcnt:2793,0,0,967,963
mcnt:2794,0,0,967,963
mcnt:2795,0,0,967,963
mcnt:2796,0,0,967,963
mcnt:2797,0,0,967,963
mcnt:2798,0,0,967,963
mcnt:2799,0,0,967,963
mcnt:2800,0,0,967,963
mcnt:2801,0,0,967,963
mcnt:2802,0,0,967,963
mcnt:2803,0,0,967,963
mcnt:2804,0,0,967,963
mcnt:2805,0,0,967,964
mcnt:2806,0,0,967,964
mcnt:2807,0,0,967,964
mcnt:2808,0,0,967,964
mcnt:2809,0,0,967,964
mcnt:2810,0,0,967,964
mcnt:2811,0,0,967,964
mcnt:2812,0,0,967,964
mcnt:2813,0,0,967,964
mcnt:2814,0,0,967,964
mcnt:2815,0,0,967,964
mcnt:2816,0,0,967,964
mcnt:2817,0,0,967,964
mcnt:2818,0,0,967,964
mcnt:2819,0,0,967,964
mcnt:2820,0,0,967,964
mcnt:2821,0,0,967,964
mcnt:2822,0,0,967,964
mcnt:2823,0,0,967,964
mcnt:2824,0,0,967,964
mcnt:2825,0,0,967,964
mcnt:2826,0,0,967,964
mcnt:2827,0,0,967,964
mcnt:2828,0,0,967,964
mcnt:2829,0,0,967,964
mcnt:2830,0,0,967,964
mcnt:2831,0,0,967,964
mcnt:2832,0,0,967,964
mcnt:2833,0,0,967,964
mcnt:2834,0,0,967,964
mcnt:2835,0,0,967,964
mcnt:2836,0,0,967,964
mcnt:2837,0,0,967,964
mcnt:2838,0,0,967,964
mcnt:2839,0,0,967,964
mcnt:2840,0,0,967,964
mcnt:2841,0,0,967,964
mcnt:2842,0,0,967,964
mcnt:2843,0,0,967,964
mcnt:2844,0,0,967,964
mcnt:2845,0,0,967,964
mcnt:2846,0,0,967,964
mcnt:2847,0,0,967,964
mcnt:2848,0,0,967,964
mcnt:2849,0,0,967,964
mcnt:2850,0,0,967,964
mcnt:2851,0,0,967,964
mcnt:2852,0,0,967,964
mcnt:2853,0,0,967,964
mcnt:2854,0,0,967,964
mcnt:2855,0,0,967,964
mcnt:2856,0,0,967,964
mcnt:2857,0,0,967,964
mcnt:2858,0,0,967,964
mcnt:2859,0,0,967,964
mcnt:2860,0,0,967,964
mcnt:2861,0,0,967,964
mcnt:2862,0,0,967,964
mcnt:2863,0,0,967,964
mcnt:2864,0,0,967,964
mcnt:2865,0,0,967,964
mcnt:2866,0,0,967,965
mcnt:2867,0,0,967,964
mcnt:2868,0,0,967,964
mcnt:2869,0,0,967,964
mcnt:2870,0,0,967,965
mcnt:2871,0,0,967,965
mcnt:2872,0,0,967,964
mcnt:2873,0,0,967,964
mcnt:2874,0,0,967,965
mcnt:2875,0,0,967,964
mcnt:2876,0,0,967,964
mcnt:2877,0,0,967,965
mcnt:2878,0,0,967,965
mcnt:2879,0,0,967,965
mcnt:2880,0,0,967,964
mcnt:2881,0,0,967,964
mcnt:2882,0,0,967,965
mcnt:2883,0,0,967,964
mcnt:2884,0,0,967,965
mcnt:2885,0,0,967,964
mcnt:2886,0,0,967,964
mcnt:2887,0,0,967,964
mcnt:2888,0,0,967,965
mcnt:2889,0,0,967,964
mcnt:2890,0,0,967,965
mcnt:2891,0,0,967,964
mcnt:2892,0,0,967,964
mcnt:2893,0,0,967,965
mcnt:2894,0,0,967,965
mcnt:2895,0,0,967,964
mcnt:2896,0,0,967,964
mcnt:2897,0,0,967,964
mcnt:2898,0,0,967,964
mcnt:2899,0,0,967,964
mcnt:2900,0,0,967,964
mcnt:2901,0,0,967,964
mcnt:2902,0,0,967,964
mcnt:2903,0,0,967,964
mcnt:2904,0,0,967,964
mcnt:2905,0,0,967,964
mcnt:2906,0,0,967,964
mcnt:2907,0,0,967,964
mcnt:2908,0,0,967,964
mcnt:2909,0,0,967,964
mcnt:2910,0,0,967,964
mcnt:2911,0,0,967,964
mcnt:2912,0,0,967,964
mcnt:2913,0,0,967,964
mcnt:2914,0,0,967,964
mcnt:2915,0,0,967,964
mcnt:2916,0,0,967,964
mcnt:2917,0,0,967,965
mcnt:2918,0,0,967,965
mcnt:2919,0,0,967,964
mcnt:2920,0,0,967,964
mcnt:2921,0,0,967,964
mcnt:2922,0,0,967,964
mcnt:2923,0,0,967,964
mcnt:2924,0,0,967,964
mcnt:2925,0,0,967,964
mcnt:2926,0,0,967,964
mcnt:2927,0,0,967,964
mcnt:2928,0,0,967,964
mcnt:2929,0,0,967,964
mcnt:2930,0,0,967,964
mcnt:2931,0,0,967,964
mcnt:2932,0,0,967,964
mcnt:2933,0,0,967,964
mcnt:2934,0,0,967,964
mcnt:2935,0,0,967,964
mcnt:2936,0,0,967,964
mcnt:2937,0,0,967,964
mcnt:2938,0,0,967,964
mcnt:2939,0,0,967,964
mcnt:2940,0,0,967,964
mcnt:2941,0,0,967,964
mcnt:2942,0,0,967,964
mcnt:2943,0,0,967,964
mcnt:2944,0,0,967,964
mcnt:2945,0,0,967,964
mcnt:2946,0,0,967,964
mcnt:2947,0,0,967,964
mcnt:2948,0,0,967,964
mcnt:2949,0,0,967,964
mcnt:2950,0,0,967,964
mcnt:2951,0,0,967,964
mcnt:2952,0,0,967,964
mcnt:2953,0,0,967,964
mcnt:2954,0,0,967,964
mcnt:2955,0,0,967,963
mcnt:2956,0,0,967,963
mcnt:2957,0,0,967,964
mcnt:2958,0,0,967,963
mcnt:2959,0,0,967,963
mcnt:2960,0,0,967,963
mcnt:2961,0,0,967,963
mcnt:2962,0,0,967,963
mcnt:2963,0,0,967,963
mcnt:2964,0,0,967,963
mcnt:2965,0,0,967,963
mcnt:2966,0,0,967,963
mcnt:2967,0,0,967,963
mcnt:2968,0,0,967,963
mcnt:2969,0,0,967,963
mcnt:2970,0,0,967,963
mcnt:2971,0,0,967,963
mcnt:2972,0,0,967,963
mcnt:2973,0,0,967,963
mcnt:2974,0,0,967,963
mcnt:2975,0,0,967,963
mcnt:2976,0,0,967,963
mcnt:2977,0,0,967,963
mcnt:2978,0,0,967,963
mcnt:2979,0,0,967,963
mcnt:2980,0,0,967,963
mcnt:2981,0,0,967,963
mcnt:2982,0,0,967,963
mcnt:2983,0,0,967,963
mcnt:2984,0,0,967,963
mcnt:2985,0,0,967,963
mcnt:2986,0,0,967,963
mcnt:2987,0,0,967,963
mcnt:2988,0,0,967,963
mcnt:2989,0,0,967,963
mcnt:2990,0,0,967,963
mcnt:2991,0,0,967,963
mcnt:2992,0,0,967,963
mcnt:2993,0,0,967,963
mcnt:2994,0,0,967,963
mcnt:2995,0,0,967,963
mcnt:2996,0,0,967,963
mcnt:2997,0,0,967,963
mcnt:2998,0,0,967,963
mcnt:2999,0,0,967,963
mcnt:3000,0,0,967,963
mcnt:3001,0,0,967,963
mcnt:3002,0,0,967,963
mcnt:3003,0,0,967,963
mcnt:3004,0,0,967,963
mcnt:3005,0,0,967,963
mcnt:3006,0,0,967,963
mcnt:3007,0,0,967,963
mcnt:3008,0,0,967,963
mcnt:3009,0,0,967,963
mcnt:3010,0,0,967,963
mcnt:3011,0,0,967,963
mcnt:3012,0,0,967,963
mcnt:3013,0,0,967,963
mcnt:3014,0,0,967,963
mcnt:3015,0,0,967,963
mcnt:3016,0,0,967,963
mcnt:3017,0,0,967,963
mcnt:3018,0,0,967,963
mcnt:3019,0,0,967,963
mcnt:3020,0,0,967,963
mcnt:3021,0,0,967,963
mcnt:3022,0,0,967,963
mcnt:3023,0,0,967,963
mcnt:3024,0,0,967,963
mcnt:3025,0,0,967,963
mcnt:3026,0,0,967,963
mcnt:3027,0,0,967,963
mcnt:3028,0,0,967,963
mcnt:3029,0,0,967,963
mcnt:3030,0,0,967,963
mcnt:3031,0,0,967,963
mcnt:3032,0,0,967,963
mcnt:3033,0,0,967,963
mcnt:3034,0,0,967,963
mcnt:3035,0,0,967,963
mcnt:3036,0,0,967,963
mcnt:3037,0,0,967,963
mcnt:3038,0,0,967,963
mcnt:3039,0,0,967,963
mcnt:3040,0,0,967,963
mcnt:3041,0,0,967,963
mcnt:3042,0,0,967,963
mcnt:3043,0,0,967,963
mcnt:3044,0,0,967,963
mcnt:3045,0,0,967,963
mcnt:3046,0,0,967,963
mcnt:3047,0,0,967,963
mcnt:3048,0,0,967,963
mcnt:3049,0,0,967,963
mcnt:3050,0,0,967,963
mcnt:3051,0,0,967,964
mcnt:3052,0,0,967,964
mcnt:3053,0,0,967,964
mcnt:3054,0,0,967,964
mcnt:3055,0,0,967,964
mcnt:3056,0,0,967,964
mcnt:3057,0,0,967,964
mcnt:3058,0,0,967,964
mcnt:3059,0,0,967,964
mcnt:3060,0,0,967,964
mcnt:3061,0,0,967,964
mcnt:3062,0,0,967,964
mcnt:3063,0,0,967,964
mcnt:3064,0,0,967,964
mcnt:3065,0,0,967,964
mcnt:3066,0,0,967,964
mcnt:3067,0,0,967,964
mcnt:3068,0,0,967,964
mcnt:3069,0,0,967,964
mcnt:3070,0,0,967,964
mcnt:3071,0,0,967,964
mcnt:3072,0,0,967,964
mcnt:3073,0,0,967,964
mcnt:3074,0,0,967,964
mcnt:3075,0,0,967,964
mcnt:3076,0,0,967,964
mcnt:3077,0,0,967,964
mcnt:3078,0,0,967,964
mcnt:3079,0,0,967,964
mcnt:3080,0,0,967,964
mcnt:3081,0,0,967,964
mcnt:3082,0,0,967,964
mcnt:3083,0,0,967,964
mcnt:3084,0,0,967,964
mcnt:3085,0,0,967,964
mcnt:3086,0,0,967,964
mcnt:3087,0,0,967,964
mcnt:3088,0,0,967,964
mcnt:3089,0,0,967,964
mcnt:3090,0,0,967,964
mcnt:3091,0,0,967,964
mcnt:3092,0,0,967,964
mcnt:3093,0,0,967,964
mcnt:3094,0,0,967,964
mcnt:3095,0,0,967,964
mcnt:3096,0,0,967,964
mcnt:3097,0,0,967,964
mcnt:3098,0,0,967,964
mcnt:3099,0,0,967,964
mcnt:3100,0,0,967,964
mcnt:3101,0,0,967,964
mcnt:3102,0,0,967,964
mcnt:3103,0,0,967,964
mcnt:3104,0,0,967,964
mcnt:3105,0,0,967,964
mcnt:3106,0,0,967,964
mcnt:3107,0,0,967,965
mcnt:3108,0,0,967,964
mcnt:3109,0,0,967,965
mcnt:3110,0,0,967,964
mcnt:3111,0,0,967,964
mcnt:3112,0,0,967,964
mcnt:3113,0,0,967,964
mcnt:3114,0,0,967,964
mcnt:3115,0,0,967,965
mcnt:3116,0,0,967,964
mcnt:3117,0,0,967,965
mcnt:3118,0,0,967,965
mcnt:3119,0,0,967,965
mcnt:3120,0,0,967,964
mcnt:3121,0,0,967,964
mcnt:3122,0,0,967,964
mcnt:3123,0,0,967,964
mcnt:3124,0,0,967,964
mcnt:3125,0,0,967,965
mcnt:3126,0,0,967,964
mcnt:3127,0,0,967,964
mcnt:3128,0,0,967,964
mcnt:3129,0,0,967,964
mcnt:3130,0,0,967,965
mcnt:3131,0,0,967,964
mcnt:3132,0,0,967,964
mcnt:3133,0,0,967,964
mcnt:3134,0,0,967,964
mcnt:3135,0,0,967,964
mcnt:3136,0,0,967,964
mcnt:3137,0,0,967,964
mcnt:3138,0,0,967,964
mcnt:3139,0,0,967,964
mcnt:3140,0,0,967,964
mcnt:3141,0,0,967,964
mcnt:3142,0,0,967,964
mcnt:3143,0,0,967,964
mcnt:3144,0,0,967,964
mcnt:3145,0,0,967,964
mcnt:3146,0,0,967,964
mcnt:3147,0,0,967,964
mcnt:3148,0,0,967,964
mcnt:3149,0,0,967,964
mcnt:3150,0,0,967,964
mcnt:3151,0,0,967,964
mcnt:3152,0,0,967,964
mcnt:3153,0,0,967,964
mcnt:3154,0,0,967,964
mcnt:3155,0,0,967,964
mcnt:3156,0,0,967,964
mcnt:3157,0,0,967,964
mcnt:3158,0,0,967,964
mcnt:3159,0,0,967,964
mcnt:3160,0,0,967,964
mcnt:3161,0,0,967,964
mcnt:3162,0,0,967,964
mcnt:3163,0,0,967,964
mcnt:3164,0,0,967,964
mcnt:3165,0,0,967,964
mcnt:3166,0,0,967,964
mcnt:3167,0,0,967,964
mcnt:3168,0,0,967,964
mcnt:3169,0,0,967,964
mcnt:3170,0,0,967,964
mcnt:3171,0,0,967,964
mcnt:3172,0,0,967,964
mcnt:3173,0,0,967,964
mcnt:3174,0,0,967,964
mcnt:3175,0,0,967,964
mcnt:3176,0,0,967,964
mcnt:3177,0,0,967,964
mcnt:3178,0,0,967,964
mcnt:3179,0,0,967,964
mcnt:3180,0,0,967,964
mcnt:3181,0,0,967,964
mcnt:3182,0,0,967,964
mcnt:3183,0,0,967,964
mcnt:3184,0,0,967,964
mcnt:3185,0,0,967,964
mcnt:3186,0,0,967,964
mcnt:3187,0,0,967,964
mcnt:3188,0,0,967,964
mcnt:3189,0,0,967,964
mcnt:3190,0,0,967,964
mcnt:3191,0,0,967,964
mcnt:3192,0,0,967,964
mcnt:3193,0,0,967,964
mcnt:3194,0,0,967,964
mcnt:3195,0,0,967,964
mcnt:3196,0,0,967,964
mcnt:3197,0,0,967,964
mcnt:3198,0,0,967,964
mcnt:3199,0,0,967,964
mcnt:3200,0,0,967,964
mcnt:3201,0,0,967,964
mcnt:3202,0,0,967,964
mcnt:3203,0,0,967,964
mcnt:3204,0,0,967,963
mcnt:3205,0,0,967,964
mcnt:3206,0,0,967,964
mcnt:3207,0,0,967,964
mcnt:3208,0,0,967,964
mcnt:3209,0,0,967,963
mcnt:3210,0,0,967,963
mcnt:3211,0,0,967,963
mcnt:3212,0,0,967,963
mcnt:3213,0,0,967,963
mcnt:3214,0,0,967,963
mcnt:3215,0,0,967,963
mcnt:3216,0,0,967,963
mcnt:3217,0,0,967,963
mcnt:3218,0,0,967,963
mcnt:3219,0,0,967,963
mcnt:3220,0,0,967,963
mcnt:3221,0,0,967,963
mcnt:3222,0,0,967,963
mcnt:3223,0,0,967,963
mcnt:3224,0,0,967,963
mcnt:3225,0,0,967,963
mcnt:3226,0,0,967,963
mcnt:3227,0,0,967,963
mcnt:3228,0,0,967,963
mcnt:3229,0,0,967,963
mcnt:3230,0,0,967,963
mcnt:3231,0,0,967,963
mcnt:3232,0,0,967,963
mcnt:3233,0,0,967,963
mcnt:3234,0,0,967,963
mcnt:3235,0,0,967,963
mcnt:3236,0,0,967,963
mcnt:3237,0,0,967,963
mcnt:3238,0,0,967,963
mcnt:3239,0,0,967,963
mcnt:3240,0,0,967,963
mcnt:3241,0,0,967,963
mcnt:3242,0,0,967,963
mcnt:3243,0,0,967,963
mcnt:3244,0,0,967,963
mcnt:3245,0,0,967,963
mcnt:3246,0,0,967,963
mcnt:3247,0,0,967,963
mcnt:3248,0,0,967,963
mcnt:3249,0,0,967,963
mcnt:3250,0,0,967,963
mcnt:3251,0,0,967,963
mcnt:3252,0,0,967,963
mcnt:3253,0,0,967,963
mcnt:3254,0,0,967,963
mcnt:3255,0,0,967,963
mcnt:3256,0,0,967,963
mcnt:3257,0,0,967,963
mcnt:3258,0,0,967,963
mcnt:3259,0,0,967,963
mcnt:3260,0,0,967,963
mcnt:3261,0,0,967,963
mcnt:3262,0,0,967,963
mcnt:3263,0,0,967,963
mcnt:3264,0,0,967,963
mcnt:3265,0,0,967,963
mcnt:3266,0,0,967,963
mcnt:3267,0,0,967,963
mcnt:3268,0,0,967,963
mcnt:3269,0,0,967,963
mcnt:3270,0,0,967,963
mcnt:3271,0,0,967,963
mcnt:3272,0,0,967,963
mcnt:3273,0,0,967,963
mcnt:3274,0,0,967,963
mcnt:3275,0,0,967,963
mcnt:3276,0,0,967,963
mcnt:3277,0,0,967,963
mcnt:3278,0,0,967,963
mcnt:3279,0,0,967,963
mcnt:3280,0,0,967,963
mcnt:3281,0,0,967,963
mcnt:3282,0,0,967,963
mcnt:3283,0,0,967,963
mcnt:3284,0,0,967,963
mcnt:3285,0,0,967,963
mcnt:3286,0,0,967,963
mcnt:3287,0,0,967,963
mcnt:3288,0,0,967,963
mcnt:3289,0,0,967,963
mcnt:3290,0,0,967,963
mcnt:3291,0,0,967,963
mcnt:3292,0,0,967,963
mcnt:3293,0,0,967,963
mcnt:3294,0,0,967,963
mcnt:3295,0,0,967,963
mcnt:3296,0,0,967,963
mcnt:3297,0,0,967,963
mcnt:3298,0,0,967,963
mcnt:3299,0,0,967,963
mcnt:3300,0,0,967,963
mcnt:3301,0,0,967,963
mcnt:3302,0,0,967,963
mcnt:3303,0,0,967,963
mcnt:3304,0,0,967,963
mcnt:3305,0,0,967,963
mcnt:3306,0,0,967,963
mcnt:3307,0,0,967,963
mcnt:3308,0,0,967,963
mcnt:3309,0,0,967,963
mcnt:3310,0,0,967,963
mcnt:3311,0,0,967,963
mcnt:3312,0,0,967,963
mcnt:3313,0,0,967,963
mcnt:3314,0,0,967,963
mcnt:3315,0,0,967,963
mcnt:3316,0,0,967,963
mcnt:3317,0,0,967,963
mcnt:3318,0,0,967,963
mcnt:3319,0,0,967,963
mcnt:3320,0,0,967,963
mcnt:3321,0,0,967,963
mcnt:3322,0,0,967,963
mcnt:3323,0,0,967,963
mcnt:3324,0,0,967,963
mcnt:3325,0,0,967,963
mcnt:3326,0,0,967,963
mcnt:3327,0,0,967,963
mcnt:3328,0,0,967,963
mcnt:3329,0,0,967,963
mcnt:3330,0,0,967,963
mcnt:3331,0,0,967,963
mcnt:3332,0,0,967,963
mcnt:3333,0,0,967,963
mcnt:3334,0,0,967,963
mcnt:3335,0,0,967,963
mcnt:3336,0,0,967,963
mcnt:3337,0,0,967,963
mcnt:3338,0,0,967,964
mcnt:3339,0,0,967,964
mcnt:3340,0,0,967,963
mcnt:3341,0,0,967,964
mcnt:3342,0,0,967,963
mcnt:3343,0,0,967,964
mcnt:3344,0,0,967,964
mcnt:3345,0,0,967,964
mcnt:3346,0,0,967,964
mcnt:3347,0,0,967,964
mcnt:3348,0,0,967,964
mcnt:3349,0,0,967,964
mcnt:3350,0,0,967,964
mcnt:3351,0,0,967,964
mcnt:3352,0,0,967,964
mcnt:3353,0,0,967,964
mcnt:3354,0,0,967,964
mcnt:3355,0,0,967,964
mcnt:3356,0,0,967,964
mcnt:3357,0,0,967,964
mcnt:3358,0,0,967,964
mcnt:3359,0,0,967,964
mcnt:3360,0,0,967,964
mcnt:3361,0,0,967,964
mcnt:3362,0,0,967,964
mcnt:3363,0,0,967,964
mcnt:3364,0,0,967,964
mcnt:3365,0,0,967,964
mcnt:3366,0,0,967,964
mcnt:3367,0,0,967,964
mcnt:3368,0,0,967,964
mcnt:3369,0,0,967,964
mcnt:3370,0,0,967,964
mcnt:3371,0,0,967,964
mcnt:3372,0,0,967,964
mcnt:3373,0,0,967,964
mcnt:3374,0,0,967,964
mcnt:3375,0,0,967,964
mcnt:3376,0,0,967,964
mcnt:3377,0,0,967,964
mcnt:3378,0,0,967,964
mcnt:3379,0,0,967,964
mcnt:3380,0,0,967,964
mcnt:3381,0,0,967,964
mcnt:3382,0,0,967,964
mcnt:3383,0,0,967,964
mcnt:3384,0,0,967,964
mcnt:3385,0,0,967,964
mcnt:3386,0,0,967,964
mcnt:3387,0,0,967,964
mcnt:3388,0,0,967,964
mcnt:3389,0,0,967,964
mcnt:3390,0,0,967,964
mcnt:3391,0,0,967,964
mcnt:3392,0,0,967,964
mcnt:3393,0,0,967,964
mcnt:3394,0,0,967,964
mcnt:3395,0,0,967,964
mcnt:3396,0,0,967,964
mcnt:3397,0,0,967,964
mcnt:3398,0,0,967,964
mcnt:3399,0,0,967,964
mcnt:3400,0,0,968,965
mcnt:3401,0,0,957,954
mcnt:3402,0,0,935,931
mcnt:3403,0,0,912,909
mcnt:3404,0,0,888,884
mcnt:3405,0,0,869,866
mcnt:3406,0,0,861,859
mcnt:3407,0,0,860,858
mcnt:3408,0,0,861,859
mcnt:3409,0,0,861,859
mcnt:3410,0,0,859,856
mcnt:3411,0,0,852,849
mcnt:3412,0,0,839,836
mcnt:3413,0,0,829,826
mcnt:3414,0,0,823,820
mcnt:3415,0,0,817,815
mcnt:3416,0,0,808,806
mcnt:3417,0,0,799,797
mcnt:3418,0,0,799,797
mcnt:3419,0,0,799,797
mcnt:3420,0,0,794,792
mcnt:3421,0,0,785,782
mcnt:3422,0,0,776,774
mcnt:3423,0,0,776,774
mcnt:3424,0,0,771,769
mcnt:3425,0,0,752,749
mcnt:3426,0,0,745,743
mcnt:3427,0,0,746,744
mcnt:3428,0,0,746,744
mcnt:3429,0,0,733,730
mcnt:3430,0,0,707,705
mcnt:3431,0,0,704,703
mcnt:3432,0,0,704,703
mcnt:3433,0,0,704,703
mcnt:3434,0,0,704,703
mcnt:3435,0,0,705,703
mcnt:3436,0,0,705,703
mcnt:3437,0,0,705,703
mcnt:3438,0,0,705,703
mcnt:3439,0,0,705,703
mcnt:3440,0,0,705,703
mcnt:3441,0,0,705,703
mcnt:3442,0,0,705,703
mcnt:3443,0,0,705,703
mcnt:3444,0,0,705,703
mcnt:3445,0,0,705,703
mcnt:3446,0,0,705,703
mcnt:3447,0,0,705,703
mcnt:3448,0,0,705,703
mcnt:3449,0,0,705,703
mcnt:3450,0,0,705,703
mcnt:3451,0,0,705,703
mcnt:3452,0,0,705,703
mcnt:3453,0,0,705,703
mcnt:3454,0,0,705,703
mcnt:3455,0,0,705,703
mcnt:3456,0,0,705,703
mcnt:3457,0,0,705,703
mcnt:3458,0,0,705,703
mcnt:3459,0,0,705,703
mcnt:3460,0,0,705,703
mcnt:3461,0,0,705,703
mcnt:3462,0,0,705,703
mcnt:3463,0,0,705,703
mcnt:3464,0,0,705,703
mcnt:3465,0,0,705,703
mcnt:3466,0,0,705,703
mcnt:3467,0,0,705,703
mcnt:3468,0,0,705,703
mcnt:3469,0,0,705,703
mcnt:3470,0,0,705,703
mcnt:3471,0,0,705,703
mcnt:3472,0,0,705,703
mcnt:3473,0,0,705,703
mcnt:3474,0,0,705,703
mcnt:3475,0,0,705,703
mcnt:3476,0,0,705,703
mcnt:3477,0,0,705,703
mcnt:3478,0,0,705,703
mcnt:3479,0,0,705,703
mcnt:3480,0,0,705,703
mcnt:3481,0,0,705,703
mcnt:3482,0,0,705,703
mcnt:3483,0,0,705,703
mcnt:3484,0,0,705,703
mcnt:3485,0,0,705,703
mcnt:3486,0,0,705,703
mcnt:3487,0,0,705,703
mcnt:3488,0,0,705,703
mcnt:3489,0,0,705,703
mcnt:3490,0,0,705,703
mcnt:3491,0,0,705,703
mcnt:3492,0,0,705,703
mcnt:3493,0,0,705,703
mcnt:3494,0,0,705,703
mcnt:3495,0,0,705,703
mcnt:3496,0,0,705,703
mcnt:3497,0,0,705,703
mcnt:3498,0,0,705,703
mcnt:3499,0,0,705,703
mcnt:3500,0,0,705,703
mcnt:3501,0,0,705,703
mcnt:3502,0,0,705,703
mcnt:3503,0,0,705,703
mcnt:3504,0,0,705,703
mcnt:3505,0,0,705,703
mcnt:3506,0,0,705,703
mcnt:3507,0,0,705,703
mcnt:3508,0,0,705,703
mcnt:3509,0,0,705,703
mcnt:3510,0,0,705,703
mcnt:3511,0,0,705,703
mcnt:3512,0,0,705,703
mcnt:3513,0,0,705,703
mcnt:3514,0,0,705,703
mcnt:3515,0,0,705,703
mcnt:3516,0,0,705,703
mcnt:3517,0,0,705,703
mcnt:3518,0,0,705,703
mcnt:3519,0,0,705,703
mcnt:3520,0,0,705,703
mcnt:3521,0,0,705,703
mcnt:3522,0,0,705,703
mcnt:3523,0,0,705,703
mcnt:3524,0,0,705,703
mcnt:3525,0,0,705,703
mcnt:3526,0,0,705,703
mcnt:3527,0,0,705,703
mcnt:3528,0,0,705,703
mcnt:3529,0,0,705,703
mcnt:3530,0,0,705,703
mcnt:3531,0,0,705,703
mcnt:3532,0,0,705,703
mcnt:3533,0,0,705,703
mcnt:3534,0,0,705,703
mcnt:3535,0,0,705,703
mcnt:3536,0,0,705,703
mcnt:3537,0,0,705,703
mcnt:3538,0,0,705,703
mcnt:3539,0,0,705,703
mcnt:3540,0,0,705,703
mcnt:3541,0,0,705,703
mcnt:3542,0,0,705,703
mcnt:3543,0,0,705,703
mcnt:3544,0,0,705,703
mcnt:3545,0,0,705,703
mcnt:3546,0,0,705,703
mcnt:3547,0,0,705,703
mcnt:3548,0,0,705,703
mcnt:3549,0,0,705,703
mcnt:3550,0,0,705,703
mcnt:3551,0,0,705,703
mcnt:3552,0,0,705,703
mcnt:3553,0,0,705,703
mcnt:3554,0,0,705,703
mcnt:3555,0,0,705,703
mcnt:3556,0,0,705,703
mcnt:3557,0,0,705,703
mcnt:3558,0,0,705,703
mcnt:3559,0,0,705,703
mcnt:3560,0,0,705,703
mcnt:3561,0,0,705,703
mcnt:3562,0,0,705,703
mcnt:3563,0,0,705,703
mcnt:3564,0,0,705,703
mcnt:3565,0,0,705,703
mcnt:3566,0,0,705,703
mcnt:3567,0,0,705,703
mcnt:3568,0,0,705,703
mcnt:3569,0,0,705,703
mcnt:3570,0,0,705,703
mcnt:3571,0,0,705,703
mcnt:3572,0,0,705,703
mcnt:3573,0,0,705,703
mcnt:3574,0,0,705,703
mcnt:3575,0,0,705,703
mcnt:3576,0,0,705,703
mcnt:3577,0,0,705,703
mcnt:3578,0,0,705,703
mcnt:3579,0,0,705,703
mcnt:3580,0,0,705,703
mcnt:3581,0,0,705,703
mcnt:3582,0,0,705,703
mcnt:3583,0,0,705,703
mcnt:3584,0,0,705,703
mcnt:3585,0,0,705,703
mcnt:3586,0,0,705,703
mcnt:3587,0,0,705,703
mcnt:3588,0,0,705,703
mcnt:3589,0,0,705,703
mcnt:3590,0,0,705,703
mcnt:3591,0,0,705,703
mcnt:3592,0,0,705,703
mcnt:3593,0,0,705,703
mcnt:3594,0,0,705,703
mcnt:3595,0,0,705,703
mcnt:3596,0,0,705,703
mcnt:3597,0,0,705,703
mcnt:3598,0,0,705,703
mcnt:3599,0,0,705,703
mcnt:3600,0,0,705,703
mcnt:3601,0,0,705,703
mcnt:3602,0,0,705,703
mcnt:3603,0,0,705,703
mcnt:3604,0,0,705,703
mcnt:3605,0,0,705,703
mcnt:3606,0,0,705,703
mcnt:3607,0,0,705,703
mcnt:3608,0,0,705,703
mcnt:3609,0,0,705,703
mcnt:3610,0,0,705,703
mcnt:3611,0,0,705,703
mcnt:3612,0,0,705,703
mcnt:3613,0,0,705,703
mcnt:3614,0,0,705,703
mcnt:3615,0,0,705,703
mcnt:3616,0,0,705,703
mcnt:3617,0,0,705,703
mcnt:3618,0,0,705,703
mcnt:3619,0,0,705,703
mcnt:3620,0,0,705,703
mcnt:3621,0,0,705,703
mcnt:3622,0,0,705,703
mcnt:3623,0,0,705,703
mcnt:3624,0,0,705,703
mcnt:3625,0,0,705,703
mcnt:3626,0,0,705,703
mcnt:3627,0,0,705,703
mcnt:3628,0,0,705,703
mcnt:3629,0,0,705,703
mcnt:3630,0,0,705,702
mcnt:3631,0,0,705,703
mcnt:3632,0,0,705,703
mcnt:3633,0,0,705,703
mcnt:3634,0,0,705,702
mcnt:3635,0,0,705,702
mcnt:3636,0,0,705,703
mcnt:3637,0,0,705,703
mcnt:3638,0,0,705,702
mcnt:3639,0,0,705,703
mcnt:3640,0,0,705,703
mcnt:3641,0,0,705,702
mcnt:3642,0,0,705,702
mcnt:3643,0,0,705,702
mcnt:3644,0,0,705,702
mcnt:3645,0,0,705,703
mcnt:3646,0,0,705,702
mcnt:3647,0,0,705,702
mcnt:3648,0,0,705,702
mcnt:3649,0,0,705,702
mcnt:3650,0,0,705,702
mcnt:3651,0,0,705,702
mcnt:3652,0,0,705,702
mcnt:3653,0,0,705,702
mcnt:3654,0,0,705,702
mcnt:3655,0,0,705,702
mcnt:3656,0,0,705,702
mcnt:3657,0,0,705,702
mcnt:3658,0,0,705,702
mcnt:3659,0,0,705,702
mcnt:3660,0,0,705,702
mcnt:3661,0,0,705,702
mcnt:3662,0,0,705,702
mcnt:3663,0,0,705,702
mcnt:3664,0,0,705,702
mcnt:3665,0,0,705,702
mcnt:3666,0,0,705,702
mcnt:3667,0,0,705,702
mcnt:3668,0,0,705,702
mcnt:3669,0,0,705,702
mcnt:3670,0,0,705,702
mcnt:3671,0,0,705,702
mcnt:3672,0,0,705,702
mcnt:3673,0,0,705,702
mcnt:3674,0,0,705,702
mcnt:3675,0,0,705,702
mcnt:3676,0,0,705,702
mcnt:3677,0,0,705,702
mcnt:3678,0,0,705,702
mcnt:3679,0,0,705,702
mcnt:3680,0,0,705,702
mcnt:3681,0,0,705,702
mcnt:3682,0,0,705,702
mcnt:3683,0,0,705,702
mcnt:3684,0,0,705,702
mcnt:3685,0,0,705,702
mcnt:3686,0,0,705,702
mcnt:3687,0,0,705,702
mcnt:3688,0,0,705,702
mcnt:3689,0,0,705,702
mcnt:3690,0,0,705,702
mcnt:3691,0,0,705,702
mcnt:3692,0,0,705,702
mcnt:3693,0,0,705,702
mcnt:3694,0,0,705,702
mcnt:3695,0,0,705,702
mcnt:3696,0,0,705,702
mcnt:3697,0,0,705,702
mcnt:3698,0,0,705,702
mcnt:3699,0,0,705,702
mcnt:3700,0,0,705,702
mcnt:3701,0,0,705,702
mcnt:3702,0,0,705,702
mcnt:3703,0,0,705,702
mcnt:3704,0,0,705,702
mcnt:3705,0,0,705,702
mcnt:3706,0,0,705,702
mcnt:3707,0,0,705,702
mcnt:3708,0,0,705,702
mcnt:3709,0,0,705,702
mcnt:3710,0,0,705,702
mcnt:3711,0,0,705,702
mcnt:3712,0,0,705,702
mcnt:3713,0,0,705,702
mcnt:3714,0,0,705,702
mcnt:3715,0,0,705,702
mcnt:3716,0,0,705,702
mcnt:3717,0,0,705,702
mcnt:3718,0,0,705,702
mcnt:3719,0,0,705,702
mcnt:3720,0,0,705,702
mcnt:3721,0,0,705,702
mcnt:3722,0,0,705,702
mcnt:3723,0,0,705,702
mcnt:3724,0,0,705,702
mcnt:3725,0,0,705,702
mcnt:3726,0,0,705,702
mcnt:3727,0,0,705,702
mcnt:3728,0,0,705,702
mcnt:3729,0,0,705,702
mcnt:3730,0,0,705,702
mcnt:3731,0,0,705,702
mcnt:3732,0,0,705,702
mcnt:3733,0,0,705,702
mcnt:3734,0,0,705,702
mcnt:3735,0,0,705,702
mcnt:3736,0,0,705,702
mcnt:3737,0,0,705,702
mcnt:3738,0,0,705,702
mcnt:3739,0,0,705,702
mcnt:3740,0,0,705,702
mcnt:3741,0,0,705,702
mcnt:3742,0,0,705,702
mcnt:3743,0,0,705,702
mcnt:3744,0,0,705,702
mcnt:3745,0,0,705,702
mcnt:3746,0,0,705,702
mcnt:3747,0,0,705,702
mcnt:3748,0,0,705,702
mcnt:3749,0,0,705,702
mcnt:3750,0,0,705,702
mcnt:3751,0,0,705,702
mcnt:3752,0,0,705,702
mcnt:3753,0,0,705,702
mcnt:3754,0,0,705,702
mcnt:3755,0,0,705,702
mcnt:3756,0,0,705,702
mcnt:3757,0,0,705,702
mcnt:3758,0,0,705,702
mcnt:3759,0,0,705,702
mcnt:3760,0,0,705,702
mcnt:3761,0,0,705,702
mcnt:3762,0,0,705,702
mcnt:3763,0,0,705,702
mcnt:3764,0,0,705,702
mcnt:3765,0,0,705,702
mcnt:3766,0,0,705,702
mcnt:3767,0,0,705,702
mcnt:3768,0,0,705,702
mcnt:3769,0,0,705,702
mcnt:3770,0,0,705,702
mcnt:3771,0,0,705,702
mcnt:3772,0,0,705,702
mcnt:3773,0,0,705,702
mcnt:3774,0,0,705,702
mcnt:3775,0,0,705,702
mcnt:3776,0,0,705,702
mcnt:3777,0,0,705,702
mcnt:3778,0,0,705,702
mcnt:3779,0,0,705,702
mcnt:3780,0,0,705,702
mcnt:3781,0,0,705,702
mcnt:3782,0,0,705,702
mcnt:3783,0,0,705,702
mcnt:3784,0,0,705,702
mcnt:3785,0,0,705,702
mcnt:3786,0,0,705,702
mcnt:3787,0,0,705,702
mcnt:3788,0,0,705,702
mcnt:3789,0,0,705,702
mcnt:3790,0,0,705,702
mcnt:3791,0,0,705,702
mcnt:3792,0,0,705,702
mcnt:3793,0,0,705,702
mcnt:3794,0,0,705,702
mcnt:3795,0,0,705,702
mcnt:3796,0,0,705,702
mcnt:3797,0,0,705,702
mcnt:3798,0,0,705,702
mcnt:3799,0,0,705,702
mcnt:3800,0,0,705,702
mcnt:3801,0,0,705,702
mcnt:3802,0,0,705,702
mcnt:3803,0,0,705,703
mcnt:3804,0,0,705,702
mcnt:3805,0,0,705,703
mcnt:3806,0,0,705,703
mcnt:3807,0,0,705,702
mcnt:3808,0,0,705,702
mcnt:3809,0,0,705,703
mcnt:3810,0,0,705,702
mcnt:3811,0,0,705,703
mcnt:3812,0,0,705,703
mcnt:3813,0,0,705,703
mcnt:3814,0,0,705,703
mcnt:3815,0,0,705,703
mcnt:3816,0,0,705,703
mcnt:3817,0,0,705,703
mcnt:3818,0,0,705,703
mcnt:3819,0,0,705,703
mcnt:3820,0,0,705,703
mcnt:3821,0,0,705,703
mcnt:3822,0,0,705,703
mcnt:3823,0,0,705,703
mcnt:3824,0,0,705,703
mcnt:3825,0,0,705,703
mcnt:3826,0,0,705,703
mcnt:3827,0,0,705,703
mcnt:3828,0,0,705,703
mcnt:3829,0,0,705,703
mcnt:3830,0,0,705,703
mcnt:3831,0,0,705,703
mcnt:3832,0,0,705,703
mcnt:3833,0,0,705,703
mcnt:3834,0,0,705,703
mcnt:3835,0,0,705,703
mcnt:3836,0,0,705,703
mcnt:3837,0,0,705,703
mcnt:3838,0,0,705,703
mcnt:3839,0,0,705,703
mcnt:3840,0,0,705,703
mcnt:3841,0,0,705,703
mcnt:3842,0,0,705,703
mcnt:3843,0,0,705,703
mcnt:3844,0,0,705,703
mcnt:3845,0,0,705,703
mcnt:3846,0,0,705,703
mcnt:3847,0,0,705,703
mcnt:3848,0,0,705,703
mcnt:3849,0,0,705,703
mcnt:3850,0,0,705,703
mcnt:3851,0,0,705,703
mcnt:3852,0,0,705,703
mcnt:3853,0,0,705,703
mcnt:3854,0,0,705,703
mcnt:3855,0,0,705,703
mcnt:3856,0,0,705,703
mcnt:3857,0,0,705,703
mcnt:3858,0,0,705,703
mcnt:3859,0,0,705,703
mcnt:3860,0,0,705,703
mcnt:3861,0,0,705,703
mcnt:3862,0,0,705,703
mcnt:3863,0,0,705,703
mcnt:3864,0,0,705,703
mcnt:3865,0,0,705,703
mcnt:3866,0,0,705,703
mcnt:3867,0,0,705,703
mcnt:3868,0,0,705,703
mcnt:3869,0,0,705,703
mcnt:3870,0,0,705,703
mcnt:3871,0,0,705,703
mcnt:3872,0,0,705,703
mcnt:3873,0,0,705,703
mcnt:3874,0,0,705,703
mcnt:3875,0,0,705,703
mcnt:3876,0,0,705,703
mcnt:3877,0,0,705,703
mcnt:3878,0,0,705,703
mcnt:3879,0,0,705,703
mcnt:3880,0,0,705,703
mcnt:3881,0,0,705,703
mcnt:3882,0,0,705,703
mcnt:3883,0,0,705,703
mcnt:3884,0,0,705,703
mcnt:3885,0,0,705,703
mcnt:3886,0,0,705,703
mcnt:3887,0,0,705,703
mcnt:3888,0,0,705,703
mcnt:3889,0,0,705,703
mcnt:3890,0,0,705,703
mcnt:3891,0,0,705,703
mcnt:3892,0,0,705,703
mcnt:3893,0,0,705,703
mcnt:3894,0,0,705,703
mcnt:3895,0,0,705,703
mcnt:3896,0,0,705,703
mcnt:3897,0,0,705,703
mcnt:3898,0,0,705,703
mcnt:3899,0,0,705,703
mcnt:3900,0,0,705,703
mcnt:3901,0,0,705,703
mcnt:3902,0,0,705,703
mcnt:3903,0,0,705,703
mcnt:3904,0,0,705,703
mcnt:3905,0,0,705,703
mcnt:3906,0,0,705,703
mcnt:3907,0,0,705,703
mcnt:3908,0,0,705,703
mcnt:3909,0,0,705,703
mcnt:3910,0,0,705,703
mcnt:3911,0,0,705,703
mcnt:3912,0,0,705,703
mcnt:3913,0,0,705,703
mcnt:3914,0,0,705,703
mcnt:3915,0,0,705,703
mcnt:3916,0,0,705,703
mcnt:3917,0,0,705,703
mcnt:3918,0,0,705,703
mcnt:3919,0,0,705,703
mcnt:3920,0,0,705,703
mcnt:3921,0,0,705,703
mcnt:3922,0,0,705,703
mcnt:3923,0,0,705,703
mcnt:3924,0,0,705,703
mcnt:3925,0,0,705,703
mcnt:3926,0,0,705,703
mcnt:3927,0,0,705,703
mcnt:3928,0,0,705,703
mcnt:3929,0,0,705,703
mcnt:3930,0,0,705,703
mcnt:3931,0,0,705,703
mcnt:3932,0,0,705,703
mcnt:3933,0,0,705,703
mcnt:3934,0,0,705,703
mcnt:3935,0,0,705,703
mcnt:3936,0,0,705,703
mcnt:3937,0,0,705,703
mcnt:3938,0,0,705,703
mcnt:3939,0,0,705,703
mcnt:3940,0,0,705,703
mcnt:3941,0,0,705,703
mcnt:3942,0,0,705,703
mcnt:3943,0,0,705,703
mcnt:3944,0,0,705,703
mcnt:3945,0,0,705,703
mcnt:3946,0,0,705,703
mcnt:3947,0,0,705,703
mcnt:3948,0,0,705,703
mcnt:3949,0,0,705,703
mcnt:3950,0,0,705,703
mcnt:3951,0,0,705,703
mcnt:3952,0,0,705,703
mcnt:3953,0,0,705,703
mcnt:3954,0,0,705,703
mcnt:3955,0,0,705,703
mcnt:3956,0,0,705,703
mcnt:3957,0,0,705,703
mcnt:3958,0,0,705,703
mcnt:3959,0,0,705,703
mcnt:3960,0,0,705,703
mcnt:3961,0,0,705,703
mcnt:3962,0,0,705,703
mcnt:3963,0,0,705,703
mcnt:3964,0,0,705,703
mcnt:3965,0,0,705,703
mcnt:3966,0,0,705,703
mcnt:3967,0,0,705,703
mcnt:3968,0,0,705,703
mcnt:3969,0,0,705,703
mcnt:3970,0,0,705,703
mcnt:3971,0,0,705,703
mcnt:3972,0,0,705,703
mcnt:3973,0,0,705,703
mcnt:3974,0,0,705,703
mcnt:3975,0,0,705,703
mcnt:3976,0,0,705,703
mcnt:3977,0,0,705,703
mcnt:3978,0,0,705,703
mcnt:3979,0,0,705,703
mcnt:3980,0,0,705,703
mcnt:3981,0,0,705,703
mcnt:3982,0,0,705,703
mcnt:3983,0,0,705,703
mcnt:3984,0,0,705,703
mcnt:3985,0,0,705,703
mcnt:3986,0,0,705,703
mcnt:3987,0,0,705,703
mcnt:3988,0,0,705,703
mcnt:3989,0,0,705,703
mcnt:3990,0,0,705,703
mcnt:3991,0,0,705,703
mcnt:3992,0,0,705,703
mcnt:3993,0,0,705,703
mcnt:3994,0,0,705,703
mcnt:3995,0,0,705,703
mcnt:3996,0,0,705,703
mcnt:3997,0,0,705,703
mcnt:3998,0,0,705,703
mcnt:3999,0,0,705,703
mcnt:4000,0,0,705,703
mcnt:4001,0,0,705,703
mcnt:4002,0,0,705,703
mcnt:4003,0,0,705,703
mcnt:4004,0,0,699,696
mcnt:4005,0,0,679,676
mcnt:4006,0,0,655,652
mcnt:4007,0,0,642,641
mcnt:4008,0,0,642,640
mcnt:4009,0,0,642,640
mcnt:4010,0,0,642,641
mcnt:4011,0,0,633,631
mcnt:4012,0,0,618,616
mcnt:4013,0,0,608,606
mcnt:4014,0,0,606,604
mcnt:4015,0,0,606,604
mcnt:4016,0,0,606,604
mcnt:4017,0,0,606,604
mcnt:4018,0,0,606,604
mcnt:4019,0,0,634,635
mcnt:4020,0,0,679,679
mcnt:4021,0,0,711,709
mcnt:4022,0,0,711,709
mcnt:4023,0,0,711,710
mcnt:4024,0,0,750,750
mcnt:4025,0,0,795,795
mcnt:4026,0,0,820,817
mcnt:4027,0,0,820,817
mcnt:4028,0,0,824,823
mcnt:4029,0,0,882,881
mcnt:4030,0,0,939,936
mcnt:4031,0,0,941,937
mcnt:4032,0,0,941,938
mcnt:4033,0,0,982,981
mcnt:4034,0,0,1058,1056
mcnt:4035,0,0,1076,1072
mcnt:4036,0,0,1076,1073
mcnt:4037,0,0,1098,1098
mcnt:4038,0,0,1163,1162
mcnt:4039,0,0,1209,1205
mcnt:4040,0,0,1209,1205
mcnt:4041,0,0,1212,1209
mcnt:4042,0,0,1271,1270
mcnt:4043,0,0,1339,1335
mcnt:4044,0,0,1340,1335
mcnt:4045,0,0,1348,1344
mcnt:4046,0,0,1413,1411
mcnt:4047,0,0,1467,1461
mcnt:4048,0,0,1466,1461
mcnt:4049,0,0,1476,1473
mcnt:4050,0,0,1536,1532
mcnt:4051,0,0,1544,1538
mcnt:4052,0,0,1544,1538
mcnt:4053,0,0,1545,1538
mcnt:4054,0,0,1545,1538
mcnt:4055,0,0,1545,1538
mcnt:4056,0,0,1545,1539
mcnt:4057,0,0,1545,1539
mcnt:4058,0,0,1545,1539
mcnt:4059,0,0,1545,1539
mcnt:4060,0,0,1545,1539
mcnt:4061,0,0,1545,1539
mcnt:4062,0,0,1545,1539
mcnt:4063,0,0,1545,1539
mcnt:4064,0,0,1545,1539
mcnt:4065,0,0,1545,1539
mcnt:4066,0,0,1545,1539
mcnt:4067,0,0,1545,1539
mcnt:4068,0,0,1545,1539
mcnt:4069,0,0,1545,1539
mcnt:4070,0,0,1545,1539
mcnt:4071,0,0,1545,1539
mcnt:4072,0,0,1545,1539
mcnt:4073,0,0,1545,1539
mcnt:4074,0,0,1545,1539
mcnt:4075,0,0,1545,1539
mcnt:4076,0,0,1545,1539
mcnt:4077,0,0,1545,1539
mcnt:4078,0,0,1545,1539
mcnt:4079,0,0,1545,1539
mcnt:4080,0,0,1545,1539
mcnt:4081,0,0,1545,1539
mcnt:4082,0,0,1545,1539
mcnt:4083,0,0,1545,1539
mcnt:4084,0,0,1545,1539
mcnt:4085,0,0,1545,1539
mcnt:4086,0,0,1545,1539
mcnt:4087,0,0,1545,1539
mcnt:4088,0,0,1545,1539
mcnt:4089,0,0,1545,1539
mcnt:4090,0,0,1545,1539
mcnt:4091,0,0,1545,1539
mcnt:4092,0,0,1545,1539
mcnt:4093,0,0,1545,1539
mcnt:4094,0,0,1545,1539
mcnt:4095,0,0,1545,1539
mcnt:4096,0,0,1545,1539
mcnt:4097,0,0,1545,1539
mcnt:4098,0,0,1545,1539
mcnt:4099,0,0,1545,1539
mcnt:4100,0,0,1545,1539
mcnt:4101,0,0,1545,1539
mcnt:4102,0,0,1545,1539
mcnt:4103,0,0,1545,1539
mcnt:4104,0,0,1545,1539
mcnt:4105,0,0,1545,1539
mcnt:4106,0,0,1545,1539
mcnt:4107,0,0,1545,1539
mcnt:4108,0,0,1545,1539
mcnt:4109,0,0,1545,1539
mcnt:4110,0,0,1545,1539
mcnt:4111,0,0,1545,1539
mcnt:4112,0,0,1545,1539
mcnt:4113,0,0,1545,1539
mcnt:4114,0,0,1545,1539
mcnt:4115,0,0,1545,1539
mcnt:4116,0,0,1545,1539
mcnt:4117,0,0,1545,1539
mcnt:4118,0,0,1545,1539
mcnt:4119,0,0,1545,1539
mcnt:4120,0,0,1545,1539
mcnt:4121,0,0,1545,1539
mcnt:4122,0,0,1545,1539
mcnt:4123,0,0,1545,1539
mcnt:4124,0,0,1545,1539
mcnt:4125,0,0,1545,1539
mcnt:4126,0,0,1545,1539
mcnt:4127,0,0,1545,1539
mcnt:4128,0,0,1545,1539
mcnt:4129,0,0,1545,1539
mcnt:4130,0,0,1545,1539
mcnt:4131,0,0,1545,1539
mcnt:4132,0,0,1545,1539
mcnt:4133,0,0,1545,1539
mcnt:4134,0,0,1545,1539
mcnt:4135,0,0,1545,1539
mcnt:4136,0,0,1545,1539
mcnt:4137,0,0,1545,1539
mcnt:4138,0,0,1545,1539
mcnt:4139,0,0,1545,1539
mcnt:4140,0,0,1545,1539
mcnt:4141,0,0,1545,1539
mcnt:4142,0,0,1545,1539
mcnt:4143,0,0,1545,1539
mcnt:4144,0,0,1545,1539
mcnt:4145,0,0,1545,1539
mcnt:4146,0,0,1545,1539
mcnt:4147,0,0,1545,1539
mcnt:4148,0,0,1545,1539
mcnt:4149,0,0,1545,1539
mcnt:4150,0,0,1545,1539
mcnt:4151,0,0,1545,1539
mcnt:4152,0,0,1545,1539
mcnt:4153,0,0,1545,1539
mcnt:4154,0,0,1545,1539
mcnt:4155,0,0,1545,1539
mcnt:4156,0,0,1545,1539
mcnt:4157,0,0,1545,1539
mcnt:4158,0,0,1545,1539
mcnt:4159,0,0,1545,1539
mcnt:4160,0,0,1545,1539
mcnt:4161,0,0,1545,1539
mcnt:4162,0,0,1545,1539
mcnt:4163,0,0,1545,1539
mcnt:4164,0,0,1545,1539
mcnt:4165,0,0,1545,1539
mcnt:4166,0,0,1545,1539
mcnt:4167,0,0,1545,1539
mcnt:4168,0,0,1545,1539
mcnt:4169,0,0,1545,1539
mcnt:4170,0,0,1545,1539
mcnt:4171,0,0,1545,1539
mcnt:4172,0,0,1545,1539
mcnt:4173,0,0,1545,1540
mcnt:4174,0,0,1545,1540
mcnt:4175,0,0,1545,1539
mcnt:4176,0,0,1545,1539
mcnt:4177,0,0,1545,1540
mcnt:4178,0,0,1545,1540
mcnt:4179,0,0,1545,1540
mcnt:4180,0,0,1545,1540
mcnt:4181,0,0,1545,1540
mcnt:4182,0,0,1545,1540
mcnt:4183,0,0,1545,1540
mcnt:4184,0,0,1545,1540
mcnt:4185,0,0,1545,1540
mcnt:4186,0,0,1545,1540
mcnt:4187,0,0,1545,1540
mcnt:4188,0,0,1545,1540
mcnt:4189,0,0,1545,1540
mcnt:4190,0,0,1545,1540
mcnt:4191,0,0,1545,1540
mcnt:4192,0,0,1545,1540
mcnt:4193,0,0,1545,1540
mcnt:4194,0,0,1545,1540
mcnt:4195,0,0,1545,1540
mcnt:4196,0,0,1545,1540
mcnt:4197,0,0,1545,1540
mcnt:4198,0,0,1545,1540
mcnt:4199,0,0,1545,1540
mcnt:4200,0,0,1545,1540
mcnt:4201,0,0,1545,1540
mcnt:4202,0,0,1545,1540
mcnt:4203,0,0,1545,1540
mcnt:4204,0,0,1545,1540
mcnt:4205,0,0,1545,1540
mcnt:4206,0,0,1545,1540
mcnt:4207,0,0,1545,1540
mcnt:4208,0,0,1545,1541
mcnt:4209,0,0,1545,1541
mcnt:4210,0,0,1545,1541
mcnt:4211,0,0,1545,1541
mcnt:4212,0,0,1545,1541
mcnt:4213,0,0,1545,1541
mcnt:4214,0,0,1545,1541
mcnt:4215,0,0,1545,1541
mcnt:4216,0,0,1545,1541
mcnt:4217,0,0,1545,1541
mcnt:4218,0,0,1545,1541
mcnt:4219,0,0,1545,1541
mcnt:4220,0,0,1545,1541
mcnt:4221,0,0,1545,1541
mcnt:4222,0,0,1545,1541
mcnt:4223,0,0,1545,1541
mcnt:4224,0,0,1545,1541
mcnt:4225,0,0,1545,1541
mcnt:4226,0,0,1545,1541
mcnt:4227,0,0,1545,1541
mcnt:4228,0,0,1545,1541
mcnt:4229,0,0,1545,1541
mcnt:4230,0,0,1545,1541
mcnt:4231,0,0,1546,1541
mcnt:4232,0,0,1545,1541
mcnt:4233,0,0,1545,1541
mcnt:4234,0,0,1545,1541
mcnt:4235,0,0,1545,1541
mcnt:4236,0,0,1545,1541
mcnt:4237,0,0,1545,1541
mcnt:4238,0,0,1545,1541
mcnt:4239,0,0,1545,1541
mcnt:4240,0,0,1545,1541
mcnt:4241,0,0,1545,1541
mcnt:4242,0,0,1545,1541
mcnt:4243,0,0,1545,1541
mcnt:4244,0,0,1545,1541
mcnt:4245,0,0,1545,1541
mcnt:4246,0,0,1545,1541
mcnt:4247,0,0,1545,1541
mcnt:4248,0,0,1546,1541
mcnt:4249,0,0,1546,1541
mcnt:4250,0,0,1546,1541
mcnt:4251,0,0,1546,1541
mcnt:4252,0,0,1545,1541
mcnt:4253,0,0,1545,1541
mcnt:4254,0,0,1545,1541
mcnt:4255,0,0,1545,1541
mcnt:4256,0,0,1546,1541
mcnt:4257,0,0,1545,1542
mcnt:4258,0,0,1545,1541
mcnt:4259,0,0,1546,1541
mcnt:4260,0,0,1546,1541
mcnt:4261,0,0,1545,1541
mcnt:4262,0,0,1545,1542
mcnt:4263,0,0,1545,1541
mcnt:4264,0,0,1545,1541
mcnt:4265,0,0,1546,1542
mcnt:4266,0,0,1546,1541
mcnt:4267,0,0,1546,1541
mcnt:4268,0,0,1545,1541
mcnt:4269,0,0,1545,1542
mcnt:4270,0,0,1546,1542
mcnt:4271,0,0,1545,1542
mcnt:4272,0,0,1545,1542
mcnt:4273,0,0,1546,1542
mcnt:4274,0,0,1546,1542
mcnt:4275,0,0,1545,1542
mcnt:4276,0,0,1545,1542
mcnt:4277,0,0,1546,1542
mcnt:4278,0,0,1546,1542
mcnt:4279,0,0,1546,1542
mcnt:4280,0,0,1546,1542
mcnt:4281,0,0,1546,1542
mcnt:4282,0,0,1546,1542
mcnt:4283,0,0,1546,1542
mcnt:4284,0,0,1545,1542
mcnt:4285,0,0,1546,1542
mcnt:4286,0,0,1546,1542
mcnt:4287,0,0,1546,1542
mcnt:4288,0,0,1546,1542
mcnt:4289,0,0,1545,1542
mcnt:4290,0,0,1546,1542
mcnt:4291,0,0,1545,1542
mcnt:4292,0,0,1546,1542
mcnt:4293,0,0,1546,1542
mcnt:4294,0,0,1545,1542
mcnt:4295,0,0,1545,1542
mcnt:4296,0,0,1545,1542
mcnt:4297,0,0,1545,1542
mcnt:4298,0,0,1545,1542
mcnt:4299,0,0,1546,1542
mcnt:4300,0,0,1545,1542
mcnt:4301,0,0,1545,1542
mcnt:4302,0,0,1545,1542
mcnt:4303,0,0,1546,1542
mcnt:4304,0,0,1546,1542
mcnt:4305,0,0,1545,1542
mcnt:4306,0,0,1546,1542
mcnt:4307,0,0,1546,1542
mcnt:4308,0,0,1546,1542
mcnt:4309,0,0,1545,1542
mcnt:4310,0,0,1546,1542
mcnt:4311,0,0,1545,1542
mcnt:4312,0,0,1545,1542
mcnt:4313,0,0,1546,1542
mcnt:4314,0,0,1546,1542
mcnt:4315,0,0,1545,1542
mcnt:4316,0,0,1545,1542
mcnt:4317,0,0,1546,1542
mcnt:4318,0,0,1545,1542
mcnt:4319,0,0,1546,1542
mcnt:4320,0,0,1546,1542
mcnt:4321,0,0,1546,1542
mcnt:4322,0,0,1546,1542
mcnt:4323,0,0,1546,1542
mcnt:4324,0,0,1546,1542
mcnt:4325,0,0,1545,1542
mcnt:4326,0,0,1546,1542
mcnt:4327,0,0,1546,1542
mcnt:4328,0,0,1545,1542
mcnt:4329,0,0,1546,1542
mcnt:4330,0,0,1546,1542
mcnt:4331,0,0,1545,1542
mcnt:4332,0,0,1546,1542
mcnt:4333,0,0,1545,1542
mcnt:4334,0,0,1546,1542
mcnt:4335,0,0,1545,1542
mcnt:4336,0,0,1545,1542
mcnt:4337,0,0,1545,1542
mcnt:4338,0,0,1546,1542
mcnt:4339,0,0,1546,1542
mcnt:4340,0,0,1545,1542
mcnt:4341,0,0,1545,1542
mcnt:4342,0,0,1546,1542
mcnt:4343,0,0,1546,1542
mcnt:4344,0,0,1545,1542
mcnt:4345,0,0,1545,1542
mcnt:4346,0,0,1545,1542
mcnt:4347,0,0,1546,1542
mcnt:4348,0,0,1546,1542
mcnt:4349,0,0,1546,1542
mcnt:4350,0,0,1546,1542
mcnt:4351,0,0,1546,1542
mcnt:4352,0,0,1545,1542
mcnt:4353,0,0,1546,1542
mcnt:4354,0,0,1546,1542
mcnt:4355,0,0,1546,1542
mcnt:4356,0,0,1546,1542
mcnt:4357,0,0,1546,1542
mcnt:4358,0,0,1546,1542
mcnt:4359,0,0,1546,1542
mcnt:4360,0,0,1546,1542
mcnt:4361,0,0,1546,1542
mcnt:4362,0,0,1546,1542
mcnt:4363,0,0,1546,1542
mcnt:4364,0,0,1546,1542
mcnt:4365,0,0,1546,1542
mcnt:4366,0,0,1546,1542
mcnt:4367,0,0,1546,1542
mcnt:4368,0,0,1546,1541
mcnt:4369,0,0,1546,1542
mcnt:4370,0,0,1546,1542
mcnt:4371,0,0,1546,1542
mcnt:4372,0,0,1546,1541
mcnt:4373,0,0,1546,1542
mcnt:4374,0,0,1546,1542
mcnt:4375,0,0,1546,1542
mcnt:4376,0,0,1546,1542
mcnt:4377,0,0,1546,1542
mcnt:4378,0,0,1546,1542
mcnt:4379,0,0,1546,1542
mcnt:4380,0,0,1546,1542
mcnt:4381,0,0,1546,1541
mcnt:4382,0,0,1546,1542
mcnt:4383,0,0,1546,1542
mcnt:4384,0,0,1546,1542
mcnt:4385,0,0,1546,1542
mcnt:4386,0,0,1546,1541
mcnt:4387,0,0,1546,1542
mcnt:4388,0,0,1546,1541
mcnt:4389,0,0,1546,1542
mcnt:4390,0,0,1546,1542
mcnt:4391,0,0,1546,1542
mcnt:4392,0,0,1546,1541
mcnt:4393,0,0,1546,1542
mcnt:4394,0,0,1546,1541
mcnt:4395,0,0,1546,1541
mcnt:4396,0,0,1546,1542
mcnt:4397,0,0,1546,1541
mcnt:4398,0,0,1546,1541
mcnt:4399,0,0,1546,1542
mcnt:4400,0,0,1546,1542
mcnt:4401,0,0,1546,1542
mcnt:4402,0,0,1546,1541
mcnt:4403,0,0,1546,1542
mcnt:4404,0,0,1546,1541
mcnt:4405,0,0,1546,1541
mcnt:4406,0,0,1546,1542
mcnt:4407,0,0,1546,1541
mcnt:4408,0,0,1546,1542
mcnt:4409,0,0,1546,1541
mcnt:4410,0,0,1546,1541
mcnt:4411,0,0,1546,1541
mcnt:4412,0,0,1546,1541
mcnt:4413,0,0,1546,1541
mcnt:4414,0,0,1546,1541
mcnt:4415,0,0,1546,1541
mcnt:4416,0,0,1546,1541
mcnt:4417,0,0,1546,1541
mcnt:4418,0,0,1546,1541
mcnt:4419,0,0,1546,1541
mcnt:4420,0,0,1546,1541
mcnt:4421,0,0,1546,1541
mcnt:4422,0,0,1546,1541
mcnt:4423,0,0,1546,1542
mcnt:4424,0,0,1546,1541
mcnt:4425,0,0,1546,1541
mcnt:4426,0,0,1546,1541
mcnt:4427,0,0,1546,1541
mcnt:4428,0,0,1546,1541
mcnt:4429,0,0,1546,1541
mcnt:4430,0,0,1546,1541
mcnt:4431,0,0,1546,1541
mcnt:4432,0,0,1546,1541
mcnt:4433,0,0,1546,1541
mcnt:4434,0,0,1546,1541
mcnt:4435,0,0,1546,1541
mcnt:4436,0,0,1546,1541
mcnt:4437,0,0,1546,1541
mcnt:4438,0,0,1546,1541
mcnt:4439,0,0,1546,1542
mcnt:4440,0,0,1546,1541
mcnt:4441,0,0,1546,1541
mcnt:4442,0,0,1546,1541
mcnt:4443,0,0,1546,1541
mcnt:4444,0,0,1546,1541
mcnt:4445,0,0,1546,1541
mcnt:4446,0,0,1546,1541
mcnt:4447,0,0,1546,1541
mcnt:4448,0,0,1546,1541
mcnt:4449,0,0,1546,1541
mcnt:4450,0,0,1546,1541
mcnt:4451,0,0,1546,1541
mcnt:4452,0,0,1546,1541
mcnt:4453,0,0,1546,1541
mcnt:4454,0,0,1546,1541
mcnt:4455,0,0,1546,1541
mcnt:4456,0,0,1546,1541
mcnt:4457,0,0,1546,1541
mcnt:4458,0,0,1546,1541
mcnt:4459,0,0,1546,1541
mcnt:4460,0,0,1546,1541
mcnt:4461,0,0,1546,1541
mcnt:4462,0,0,1546,1541
mcnt:4463,0,0,1546,1541
mcnt:4464,0,0,1546,1541
mcnt:4465,0,0,1546,1541
mcnt:4466,0,0,1546,1541
mcnt:4467,0,0,1546,1541
mcnt:4468,0,0,1546,1541
mcnt:4469,0,0,1546,1541
mcnt:4470,0,0,1546,1541
mcnt:4471,0,0,1546,1541
mcnt:4472,0,0,1546,1541
mcnt:4473,0,0,1546,1541
mcnt:4474,0,0,1546,1541
mcnt:4475,0,0,1546,1541
mcnt:4476,0,0,1546,1541
mcnt:4477,0,0,1546,1541
mcnt:4478,0,0,1546,1541
mcnt:4479,0,0,1546,1541
mcnt:4480,0,0,1546,1541
mcnt:4481,0,0,1546,1541
mcnt:4482,0,0,1546,1541
mcnt:4483,0,0,1546,1541
mcnt:4484,0,0,1546,1541
mcnt:4485,0,0,1546,1541
mcnt:4486,0,0,1546,1541
mcnt:4487,0,0,1546,1541
mcnt:4488,0,0,1546,1541
mcnt:4489,0,0,1546,1541
mcnt:4490,0,0,1546,1541
mcnt:4491,0,0,1546,1541
mcnt:4492,0,0,1546,1541
mcnt:4493,0,0,1546,1541
mcnt:4494,0,0,1546,1541
mcnt:4495,0,0,1546,1541
mcnt:4496,0,0,1546,1541
mcnt:4497,0,0,1546,1540
mcnt:4498,0,0,1546,1541
mcnt:4499,0,0,1546,1540
mcnt:4500,0,0,1546,1540
mcnt:4501,0,0,1546,1540
mcnt:4502,0,0,1546,1540
mcnt:4503,0,0,1546,1541
mcnt:4504,0,0,1546,1540
mcnt:4505,0,0,1546,1540
mcnt:4506,0,0,1546,1540
mcnt:4507,0,0,1546,1540
mcnt:4508,0,0,1546,1540
mcnt:4509,0,0,1546,1540
mcnt:4510,0,0,1546,1540
mcnt:4511,0,0,1546,1540
mcnt:4512,0,0,1546,1540
mcnt:4513,0,0,1546,1540
mcnt:4514,0,0,1546,1540
mcnt:4515,0,0,1546,1540
mcnt:4516,0,0,1546,1540
mcnt:4517,0,0,1546,1540
mcnt:4518,0,0,1546,1540
mcnt:4519,0,0,1546,1540
mcnt:4520,0,0,1546,1540
mcnt:4521,0,0,1546,1540
mcnt:4522,0,0,1546,1540
mcnt:4523,0,0,1546,1540
mcnt:4524,0,0,1546,1540
mcnt:4525,0,0,1546,1540
mcnt:4526,0,0,1546,1540
mcnt:4527,0,0,1546,1540
mcnt:4528,0,0,1546,1540
mcnt:4529,0,0,1546,1540
mcnt:4530,0,0,1546,1540
mcnt:4531,0,0,1546,1540
mcnt:4532,0,0,1546,1540
mcnt:4533,0,0,1546,1540
mcnt:4534,0,0,1546,1540
mcnt:4535,0,0,1546,1540
mcnt:4536,0,0,1546,1540
mcnt:4537,0,0,1546,1540
mcnt:4538,0,0,1546,1540
mcnt:4539,0,0,1546,1540
mcnt:4540,0,0,1546,1540
mcnt:4541,0,0,1546,1540
mcnt:4542,0,0,1546,1540
mcnt:4543,0,0,1546,1540
mcnt:4544,0,0,1546,1540
mcnt:4545,0,0,1546,1540
mcnt:4546,0,0,1546,1540
mcnt:4547,0,0,1546,1540
mcnt:4548,0,0,1546,1540
mcnt:4549,0,0,1546,1540
mcnt:4550,0,0,1546,1540
mcnt:4551,0,0,1546,1540
mcnt:4552,0,0,1546,1539
mcnt:4553,0,0,1546,1540
mcnt:4554,0,0,1546,1539
mcnt:4555,0,0,1546,1539
mcnt:4556,0,0,1546,1539
mcnt:4557,0,0,1546,1540
mcnt:4558,0,0,1546,1539
mcnt:4559,0,0,1546,1539
mcnt:4560,0,0,1546,1539
mcnt:4561,0,0,1546,1539
mcnt:4562,0,0,1546,1539
mcnt:4563,0,0,1546,1539
mcnt:4564,0,0,1546,1540
mcnt:4565,0,0,1546,1539
mcnt:4566,0,0,1546,1539
mcnt:4567,0,0,1546,1539
mcnt:4568,0,0,1546,1539
mcnt:4569,0,0,1546,1539
mcnt:4570,0,0,1546,1539
mcnt:4571,0,0,1546,1539
mcnt:4572,0,0,1546,1539
mcnt:4573,0,0,1546,1539
mcnt:4574,0,0,1546,1539
mcnt:4575,0,0,1546,1539
mcnt:4576,0,0,1546,1539
mcnt:4577,0,0,1546,1539
mcnt:4578,0,0,1546,1539
mcnt:4579,0,0,1546,1539
mcnt:4580,0,0,1546,1539
mcnt:4581,0,0,1546,1539
mcnt:4582,0,0,1546,1539
mcnt:4583,0,0,1546,1539
mcnt:4584,0,0,1546,1539
mcnt:4585,0,0,1546,1539
mcnt:4586,0,0,1546,1540
mcnt:4587,0,0,1546,1540
mcnt:4588,0,0,1546,1540
mcnt:4589,0,0,1546,1540
mcnt:4590,0,0,1546,1540
mcnt:4591,0,0,1546,1540
mcnt:4592,0,0,1546,1540
mcnt:4593,0,0,1546,1540
mcnt:4594,0,0,1546,1540
mcnt:4595,0,0,1546,1540
mcnt:4596,0,0,1546,1540
mcnt:4597,0,0,1546,1540
mcnt:4598,0,0,1546,1540
mcnt:4599,0,0,1546,1540
mcnt:4600,0,0,1546,1540
mcnt:4601,0,0,1546,1540
mcnt:4602,0,0,1546,1540
mcnt:4603,0,0,1546,1540
mcnt:4604,0,0,1546,1540
mcnt:4605,0,0,1546,1540
mcnt:4606,0,0,1546,1540
mcnt:4607,0,0,1546,1540
mcnt:4608,0,0,1546,1540
mcnt:4609,0,0,1546,1540
mcnt:4610,0,0,1546,1540
mcnt:4611,0,0,1546,1540
mcnt:4612,0,0,1546,1540
mcnt:4613,0,0,1546,1540
mcnt:4614,0,0,1546,1540
mcnt:4615,0,0,1546,1540
mcnt:4616,0,0,1546,1540
mcnt:4617,0,0,1546,1540
mcnt:4618,0,0,1546,1540
mcnt:4619,0,0,1546,1540
mcnt:4620,0,0,1546,1540
mcnt:4621,0,0,1546,1540
mcnt:4622,0,0,1546,1540
mcnt:4623,0,0,1546,1540
mcnt:4624,0,0,1546,1540
mcnt:4625,0,0,1546,1540
mcnt:4626,0,0,1546,1540
mcnt:4627,0,0,1546,1540
mcnt:4628,0,0,1546,1540
mcnt:4629,0,0,1546,1540
mcnt:4630,0,0,1546,1540
mcnt:4631,0,0,1546,1540
mcnt:4632,0,0,1546,1540
mcnt:4633,0,0,1546,1540
mcnt:4634,0,0,1546,1540
mcnt:4635,0,0,1546,1540
mcnt:4636,0,0,1546,1540
mcnt:4637,0,0,1546,1540
mcnt:4638,0,0,1546,1540
mcnt:4639,0,0,1546,1540
mcnt:4640,0,0,1546,1540
mcnt:4641,0,0,1546,1540
mcnt:4642,0,0,1546,1540
mcnt:4643,0,0,1546,1540
mcnt:4644,0,0,1546,1540
mcnt:4645,0,0,1546,1540
mcnt:4646,0,0,1546,1540
mcnt:4647,0,0,1546,1540
mcnt:4648,0,0,1546,1540
mcnt:4649,0,0,1546,1540
mcnt:4650,0,0,1546,1540
mcnt:4651,0,0,1546,1540
mcnt:4652,0,0,1546,1540
mcnt:4653,0,0,1546,1540
mcnt:4654,0,0,1546,1540
mcnt:4655,0,0,1546,1540
mcnt:4656,0,0,1546,1540
mcnt:4657,0,0,1546,1540
mcnt:4658,0,0,1546,1540
mcnt:4659,0,0,1546,1540
mcnt:4660,0,0,1546,1540
mcnt:4661,0,0,1546,1540
mcnt:4662,0,0,1546,1540
mcnt:4663,0,0,1546,1540
mcnt:4664,0,0,1546,1540
mcnt:4665,0,0,1546,1540
mcnt:4666,0,0,1546,1540
mcnt:4667,0,0,1546,1540
mcnt:4668,0,0,1546,1540
mcnt:4669,0,0,1546,1540
mcnt:4670,0,0,1546,1540
mcnt:4671,0,0,1546,1540
mcnt:4672,0,0,1546,1540
mcnt:4673,0,0,1546,1540
mcnt:4674,0,0,1546,1540
mcnt:4675,0,0,1546,1540
mcnt:4676,0,0,1546,1540
mcnt:4677,0,0,1546,1540
mcnt:4678,0,0,1546,1540
mcnt:4679,0,0,1546,1540
mcnt:4680,0,0,1546,1540
mcnt:4681,0,0,1546,1540
mcnt:4682,0,0,1546,1540
mcnt:4683,0,0,1546,1540
mcnt:4684,0,0,1546,1540
mcnt:4685,0,0,1546,1540
mcnt:4686,0,0,1546,1540
mcnt:4687,0,0,1546,1540
mcnt:4688,0,0,1546,1540
mcnt:4689,0,0,1546,1540
mcnt:4690,0,0,1546,1540
mcnt:4691,0,0,1546,1540
mcnt:4692,0,0,1546,1540
mcnt:4693,0,0,1546,1540
mcnt:4694,0,0,1546,1540
mcnt:4695,0,0,1546,1540
mcnt:4696,0,0,1546,1540
mcnt:4697,0,0,1546,1540
mcnt:4698,0,0,1546,1540
mcnt:4699,0,0,1546,1540
mcnt:4700,0,0,1546,1540
mcnt:4701,0,0,1546,1540
mcnt:4702,0,0,1546,1540
mcnt:4703,0,0,1546,1540
mcnt:4704,0,0,1546,1540
mcnt:4705,0,0,1546,1540
mcnt:4706,0,0,1546,1540
mcnt:4707,0,0,1546,1540
mcnt:4708,0,0,1546,1540
mcnt:4709,0,0,1546,1540
mcnt:4710,0,0,1546,1540
mcnt:4711,0,0,1546,1540
mcnt:4712,0,0,1546,1540
mcnt:4713,0,0,1546,1540
mcnt:4714,0,0,1546,1540
mcnt:4715,0,0,1546,1540
mcnt:4716,0,0,1546,1540
mcnt:4717,0,0,1546,1540
mcnt:4718,0,0,1546,1540
mcnt:4719,0,0,1546,1540
mcnt:4720,0,0,1546,1540
mcnt:4721,0,0,1546,1540
mcnt:4722,0,0,1546,1540
mcnt:4723,0,0,1546,1540
mcnt:4724,0,0,1546,1540
mcnt:4725,0,0,1546,1540
mcnt:4726,0,0,1546,1540
mcnt:4727,0,0,1546,1540
mcnt:4728,0,0,1546,1540
mcnt:4729,0,0,1546,1540
mcnt:4730,0,0,1546,1540
mcnt:4731,0,0,1546,1540
mcnt:4732,0,0,1546,1540
mcnt:4733,0,0,1546,1540
mcnt:4734,0,0,1546,1540
mcnt:4735,0,0,1546,1540
mcnt:4736,0,0,1546,1540
mcnt:4737,0,0,1546,1540
mcnt:4738,0,0,1546,1540
mcnt:4739,0,0,1546,1540
mcnt:4740,0,0,1546,1540
mcnt:4741,0,0,1546,1540
mcnt:4742,0,0,1546,1540
mcnt:4743,0,0,1546,1540
mcnt:4744,0,0,1546,1540
mcnt:4745,0,0,1546,1540
mcnt:4746,0,0,1546,1540
mcnt:4747,0,0,1546,1540
mcnt:4748,0,0,1546,1540
mcnt:4749,0,0,1546,1540
mcnt:4750,0,0,1546,1540
mcnt:4751,0,0,1546,1540
mcnt:4752,0,0,1546,1540
mcnt:4753,0,0,1546,1540
mcnt:4754,0,0,1546,1540
mcnt:4755,0,0,1546,1540
mcnt:4756,0,0,1546,1540
mcnt:4757,0,0,1546,1540
mcnt:4758,0,0,1546,1540
mcnt:4759,0,0,1546,1540
mcnt:4760,0,0,1546,1540
mcnt:4761,0,0,1546,1540
mcnt:4762,0,0,1546,1540
mcnt:4763,0,0,1546,1540
mcnt:4764,0,0,1546,1540
mcnt:4765,0,0,1546,1540
mcnt:4766,0,0,1546,1540
mcnt:4767,0,0,1546,1540
mcnt:4768,0,0,1546,1540
mcnt:4769,0,0,1546,1540
mcnt:4770,0,0,1546,1540
mcnt:4771,0,0,1546,1540
mcnt:4772,0,0,1546,1540
mcnt:4773,0,0,1546,1540
mcnt:4774,0,0,1546,1540
mcnt:4775,0,0,1546,1540
mcnt:4776,0,0,1546,1540
mcnt:4777,0,0,1546,1540
mcnt:4778,0,0,1546,1540
mcnt:4779,0,0,1546,1540
mcnt:4780,0,0,1546,1540
mcnt:4781,0,0,1546,1540
mcnt:4782,0,0,1546,1540
mcnt:4783,0,0,1546,1540
mcnt:4784,0,0,1546,1540
mcnt:4785,0,0,1546,1540
mcnt:4786,0,0,1546,1540
mcnt:4787,0,0,1546,1540
mcnt:4788,0,0,1546,1540
mcnt:4789,0,0,1546,1540
mcnt:4790,0,0,1546,1540
mcnt:4791,0,0,1546,1540
mcnt:4792,0,0,1546,1540
mcnt:4793,0,0,1546,1540
mcnt:4794,0,0,1546,1540
mcnt:4795,0,0,1546,1540
mcnt:4796,0,0,1546,1540
mcnt:4797,0,0,1546,1540
mcnt:4798,0,0,1546,1540
mcnt:4799,0,0,1546,1540
mcnt:4800,0,0,1546,1540
mcnt:4801,0,0,1546,1540
mcnt:4802,0,0,1546,1540
mcnt:4803,0,0,1546,1540
mcnt:4804,0,0,1546,1540
mcnt:4805,0,0,1546,1540
mcnt:4806,0,0,1546,1540
mcnt:4807,0,0,1546,1540
mcnt:4808,0,0,1546,1540
mcnt:4809,0,0,1546,1540
mcnt:4810,0,0,1546,1540
mcnt:4811,0,0,1546,1540
mcnt:4812,0,0,1546,1540
mcnt:4813,0,0,1546,1540
mcnt:4814,0,0,1546,1540
mcnt:4815,0,0,1546,1540
mcnt:4816,0,0,1546,1540
mcnt:4817,0,0,1546,1540
mcnt:4818,0,0,1546,1540
mcnt:4819,0,0,1546,1540
mcnt:4820,0,0,1546,1540
mcnt:4821,0,0,1546,1540
mcnt:4822,0,0,1546,1540
mcnt:4823,0,0,1546,1540
mcnt:4824,0,0,1546,1540
mcnt:4825,0,0,1546,1540
mcnt:4826,0,0,1546,1540
mcnt:4827,0,0,1546,1540
mcnt:4828,0,0,1546,1540
mcnt:4829,0,0,1546,1540
mcnt:4830,0,0,1546,1540
mcnt:4831,0,0,1546,1540
mcnt:4832,0,0,1546,1540
mcnt:4833,0,0,1546,1540
mcnt:4834,0,0,1546,1540
mcnt:4835,0,0,1546,1540
mcnt:4836,0,0,1546,1540
mcnt:4837,0,0,1546,1540
mcnt:4838,0,0,1546,1540
mcnt:4839,0,0,1546,1540
mcnt:4840,0,0,1546,1540
mcnt:4841,0,0,1546,1540
mcnt:4842,0,0,1546,1540
mcnt:4843,0,0,1546,1540
mcnt:4844,0,0,1546,1540
mcnt:4845,0,0,1546,1540
mcnt:4846,0,0,1546,1540
mcnt:4847,0,0,1546,1540
mcnt:4848,0,0,1546,1540
mcnt:4849,0,0,1546,1540
mcnt:4850,0,0,1546,1540
mcnt:4851,0,0,1546,1540
mcnt:4852,0,0,1546,1540
mcnt:4853,0,0,1546,1540
mcnt:4854,0,0,1546,1540
mcnt:4855,0,0,1546,1540
mcnt:4856,0,0,1546,1540
mcnt:4857,0,0,1546,1540
mcnt:4858,0,0,1546,1540
mcnt:4859,0,0,1546,1540
mcnt:4860,0,0,1546,1540
mcnt:4861,0,0,1546,1540
mcnt:4862,0,0,1546,1540
mcnt:4863,0,0,1546,1540
mcnt:4864,0,0,1546,1540
mcnt:4865,0,0,1546,1540
mcnt:4866,0,0,1546,1540
mcnt:4867,0,0,1546,1540
mcnt:4868,0,0,1546,1540
mcnt:4869,0,0,1546,1540
mcnt:4870,0,0,1546,1540
mcnt:4871,0,0,1546,1540
mcnt:4872,0,0,1546,1540
mcnt:4873,0,0,1546,1540
mcnt:4874,0,0,1546,1540
mcnt:4875,0,0,1546,1540
mcnt:4876,0,0,1546,1540
mcnt:4877,0,0,1546,1540
mcnt:4878,0,0,1546,1540
mcnt:4879,0,0,1546,1540
mcnt:4880,0,0,1546,1540
mcnt:4881,0,0,1546,1540
mcnt:4882,0,0,1546,1540
mcnt:4883,0,0,1546,1540
mcnt:4884,0,0,1546,1540
mcnt:4885,0,0,1546,1540
mcnt:4886,0,0,1546,1540
mcnt:4887,0,0,1546,1540
mcnt:4888,0,0,1546,1540
mcnt:4889,0,0,1546,1540
mcnt:4890,0,0,1546,1540
mcnt:4891,0,0,1546,1540
mcnt:4892,0,0,1546,1540
mcnt:4893,0,0,1546,1540
mcnt:4894,0,0,1546,1540
mcnt:4895,0,0,1546,1540
mcnt:4896,0,0,1546,1540
mcnt:4897,0,0,1546,1540
mcnt:4898,0,0,1546,1540
mcnt:4899,0,0,1546,1540
mcnt:4900,0,0,1546,1540
mcnt:4901,0,0,1546,1540
mcnt:4902,0,0,1546,1540
mcnt:4903,0,0,1546,1540
mcnt:4904,0,0,1546,1540
mcnt:4905,0,0,1546,1540
mcnt:4906,0,0,1546,1540
mcnt:4907,0,0,1546,1540
mcnt:4908,0,0,1546,1540
mcnt:4909,0,0,1546,1540
mcnt:4910,0,0,1546,1540
mcnt:4911,0,0,1546,1540
mcnt:4912,0,0,1546,1540
mcnt:4913,0,0,1546,1540
mcnt:4914,0,0,1546,1540
mcnt:4915,0,0,1546,1540
mcnt:4916,0,0,1546,1540
mcnt:4917,0,0,1546,1540
mcnt:4918,0,0,1546,1540
mcnt:4919,0,0,1546,1540
mcnt:4920,0,0,1546,1540
mcnt:4921,0,0,1546,1540
mcnt:4922,0,0,1546,1540
mcnt:4923,0,0,1546,1540
mcnt:4924,0,0,1546,1540
mcnt:4925,0,0,1546,1540
mcnt:4926,0,0,1546,1540
mcnt:4927,0,0,1546,1540
mcnt:4928,0,0,1546,1540
mcnt:4929,0,0,1546,1540
mcnt:4930,0,0,1546,1540
mcnt:4931,0,0,1546,1540
mcnt:4932,0,0,1546,1540
mcnt:4933,0,0,1546,1540
mcnt:4934,0,0,1546,1540
mcnt:4935,0,0,1546,1540
mcnt:4936,0,0,1546,1540
mcnt:4937,0,0,1546,1540
mcnt:4938,0,0,1546,1540
mcnt:4939,0,0,1546,1540
mcnt:4940,0,0,1546,1540
mcnt:4941,0,0,1546,1540
mcnt:4942,0,0,1546,1540
mcnt:4943,0,0,1546,1540
mcnt:4944,0,0,1546,1540
mcnt:4945,0,0,1546,1540
mcnt:4946,0,0,1546,1540
mcnt:4947,0,0,1546,1540
mcnt:4948,0,0,1546,1540
mcnt:4949,0,0,1546,1540
mcnt:4950,0,0,1546,1540
mcnt:4951,0,0,1546,1540
mcnt:4952,0,0,1546,1540
mcnt:4953,0,0,1546,1540
mcnt:4954,0,0,1546,1540
mcnt:4955,0,0,1546,1540
mcnt:4956,0,0,1546,1540
mcnt:4957,0,0,1546,1540
mcnt:4958,0,0,1546,1540
mcnt:4959,0,0,1546,1540
mcnt:4960,0,0,1546,1540
mcnt:4961,0,0,1546,1540
mcnt:4962,0,0,1546,1540
mcnt:4963,0,0,1546,1540
mcnt:4964,0,0,1546,1540
mcnt:4965,0,0,1546,1540
mcnt:4966,0,0,1546,1540
mcnt:4967,0,0,1546,1540
mcnt:4968,0,0,1546,1540
mcnt:4969,0,0,1546,1540
mcnt:4970,0,0,1546,1540
mcnt:4971,0,0,1546,1540
mcnt:4972,0,0,1546,1540
mcnt:4973,0,0,1546,1540
mcnt:4974,0,0,1546,1540
mcnt:4975,0,0,1546,1540
mcnt:4976,0,0,1546,1540
mcnt:4977,0,0,1546,1540
mcnt:4978,0,0,1546,1539
mcnt:4979,0,0,1546,1540
mcnt:4980,0,0,1546,1540
mcnt:4981,0,0,1546,1540
mcnt:4982,0,0,1546,1540
mcnt:4983,0,0,1546,1540
mcnt:4984,0,0,1546,1540
mcnt:4985,0,0,1546,1540
mcnt:4986,0,0,1546,1540
mcnt:4987,0,0,1546,1540
mcnt:4988,0,0,1546,1540
mcnt:4989,0,0,1546,1540
mcnt:4990,0,0,1546,1539
mcnt:4991,0,0,1546,1540
mcnt:4992,0,0,1546,1539
mcnt:4993,0,0,1546,1539
mcnt:4994,0,0,1546,1539
mcnt:4995,0,0,1546,1539
mcnt:4996,0,0,1546,1540
mcnt:4997,0,0,1546,1539
mcnt:4998,0,0,1546,1540
mcnt:4999,0,0,1546,1540
mcnt:5000,0,0,1546,1539
mcnt:5001,0,0,1546,1539
mcnt:5002,0,0,1546,1539
mcnt:5003,0,0,1546,1540
mcnt:5004,0,0,1546,1539
mcnt:5005,0,0,1546,1540
mcnt:5006,0,0,1546,1539
mcnt:5007,0,0,1546,1540
mcnt:5008,0,0,1546,1539
mcnt:5009,0,0,1546,1539
mcnt:5010,0,0,1546,1540
mcnt:5011,0,0,1546,1540
mcnt:5012,0,0,1546,1539
mcnt:5013,0,0,1546,1539
mcnt:5014,0,0,1546,1540
mcnt:5015,0,0,1546,1539
mcnt:5016,0,0,1546,1540
mcnt:5017,0,0,1546,1539
mcnt:5018,0,0,1546,1540
mcnt:5019,0,0,1546,1540
mcnt:5020,0,0,1546,1539
mcnt:5021,0,0,1546,1539
mcnt:5022,0,0,1546,1540
mcnt:5023,0,0,1546,1540
mcnt:5024,0,0,1546,1539
mcnt:5025,0,0,1546,1539
mcnt:5026,0,0,1546,1539
mcnt:5027,0,0,1546,1540
mcnt:5028,0,0,1546,1539
mcnt:5029,0,0,1546,1539
mcnt:5030,0,0,1546,1540
mcnt:5031,0,0,1546,1540
mcnt:5032,0,0,1546,1539
mcnt:5033,0,0,1546,1539
mcnt:5034,0,0,1546,1540
mcnt:5035,0,0,1546,1539
mcnt:5036,0,0,1546,1539
mcnt:5037,0,0,1546,1539
mcnt:5038,0,0,1546,1540
mcnt:5039,0,0,1546,1540
mcnt:5040,0,0,1546,1540
mcnt:5041,0,0,1546,1539
mcnt:5042,0,0,1546,1540
mcnt:5043,0,0,1546,1540
mcnt:5044,0,0,1546,1540
mcnt:5045,0,0,1546,1539
mcnt:5046,0,0,1546,1539
mcnt:5047,0,0,1546,1540
mcnt:5048,0,0,1546,1539
mcnt:5049,0,0,1546,1540
mcnt:5050,0,0,1546,1540
mcnt:5051,0,0,1546,1540
mcnt:5052,0,0,1546,1540
mcnt:5053,0,0,1546,1540
mcnt:5054,0,0,1546,1540
mcnt:5055,0,0,1546,1540
mcnt:5056,0,0,1546,1539
mcnt:5057,0,0,1546,1540
mcnt:5058,0,0,1546,1540
mcnt:5059,0,0,1546,1540
mcnt:5060,0,0,1546,1540
mcnt:5061,0,0,1546,1540
mcnt:5062,0,0,1546,1540
mcnt:5063,0,0,1546,1540
mcnt:5064,0,0,1546,1540
mcnt:5065,0,0,1546,1540
mcnt:5066,0,0,1546,1540
mcnt:5067,0,0,1546,1540
mcnt:5068,0,0,1546,1540
mcnt:5069,0,0,1546,1540
mcnt:5070,0,0,1546,1540
mcnt:5071,0,0,1546,1540
mcnt:5072,0,0,1546,1540
mcnt:5073,0,0,1546,1540
mcnt:5074,0,0,1546,1540
mcnt:5075,0,0,1546,1540
mcnt:5076,0,0,1546,1540
mcnt:5077,0,0,1546,1540
mcnt:5078,0,0,1546,1540
mcnt:5079,0,0,1546,1539
mcnt:5080,0,0,1546,1540
mcnt:5081,0,0,1546,1540
mcnt:5082,0,0,1546,1540
mcnt:5083,0,0,1546,1540
mcnt:5084,0,0,1546,1540
mcnt:5085,0,0,1546,1540
mcnt:5086,0,0,1546,1540
mcnt:5087,0,0,1546,1540
mcnt:5088,0,0,1546,1540
mcnt:5089,0,0,1546,1540
mcnt:5090,0,0,1546,1540
mcnt:5091,0,0,1546,1540
mcnt:5092,0,0,1546,1540
mcnt:5093,0,0,1546,1540
mcnt:5094,0,0,1546,1540
mcnt:5095,0,0,1546,1540
mcnt:5096,0,0,1546,1540
mcnt:5097,0,0,1546,1540
mcnt:5098,0,0,1546,1540
mcnt:5099,0,0,1546,1540
mcnt:5100,0,0,1546,1540
mcnt:5101,0,0,1546,1540
mcnt:5102,0,0,1546,1540
mcnt:5103,0,0,1546,1540
mcnt:5104,0,0,1546,1540
mcnt:5105,0,0,1546,1540
mcnt:5106,0,0,1546,1540
mcnt:5107,0,0,1546,1540
mcnt:5108,0,0,1546,1540
mcnt:5109,0,0,1546,1540
mcnt:5110,0,0,1546,1540
mcnt:5111,0,0,1546,1540
mcnt:5112,0,0,1546,1540
mcnt:5113,0,0,1546,1540
mcnt:5114,0,0,1546,1540
mcnt:5115,0,0,1546,1540
mcnt:5116,0,0,1546,1540
mcnt:5117,0,0,1546,1540
mcnt:5118,0,0,1546,1540
mcnt:5119,0,0,1546,1540
mcnt:5120,0,0,1546,1540
mcnt:5121,0,0,1546,1540
mcnt:5122,0,0,1546,1540
mcnt:5123,0,0,1546,1540
mcnt:5124,0,0,1546,1540
mcnt:5125,0,0,1546,1540
mcnt:5126,0,0,1546,1540
mcnt:5127,0,0,1546,1540
mcnt:5128,0,0,1546,1540
mcnt:5129,0,0,1546,1540
mcnt:5130,0,0,1546,1540
mcnt:5131,0,0,1546,1540
mcnt:5132,0,0,1546,1540
mcnt:5133,0,0,1546,1540
mcnt:5134,0,0,1546,1540
mcnt:5135,0,0,1546,1540
mcnt:5136,0,0,1546,1540
mcnt:5137,0,0,1546,1540
mcnt:5138,0,0,1546,1540
mcnt:5139,0,0,1546,1540
mcnt:5140,0,0,1546,1540
mcnt:5141,0,0,1546,1540
mcnt:5142,0,0,1546,1540
mcnt:5143,0,0,1546,1540
mcnt:5144,0,0,1546,1540
mcnt:5145,0,0,1546,1540
mcnt:5146,0,0,1546,1540
mcnt:5147,0,0,1546,1540
mcnt:5148,0,0,1546,1540
mcnt:5149,0,0,1546,1540
mcnt:5150,0,0,1546,1540
mcnt:5151,0,0,1546,1540
mcnt:5152,0,0,1546,1540
mcnt:5153,0,0,1546,1540
mcnt:5154,0,0,1546,1540
mcnt:5155,0,0,1546,1540
mcnt:5156,0,0,1546,1540
mcnt:5157,0,0,1546,1540
mcnt:5158,0,0,1546,1540
mcnt:5159,0,0,1546,1540
mcnt:5160,0,0,1546,1540
mcnt:5161,0,0,1546,1540
mcnt:5162,0,0,1546,1540
mcnt:5163,0,0,1546,1540
mcnt:5164,0,0,1546,1540
mcnt:5165,0,0,1546,1540
mcnt:5166,0,0,1546,1540
mcnt:5167,0,0,1546,1540
mcnt:5168,0,0,1546,1540
mcnt:5169,0,0,1546,1540
mcnt:5170,0,0,1546,1540
mcnt:5171,0,0,1546,1540
mcnt:5172,0,0,1546,1540
mcnt:5173,0,0,1546,1540
mcnt:5174,0,0,1546,1540
mcnt:5175,0,0,1546,1540
mcnt:5176,0,0,1546,1540
mcnt:5177,0,0,1546,1540
mcnt:5178,0,0,1546,1540
mcnt:5179,0,0,1546,1540
mcnt:5180,0,0,1546,1540
mcnt:5181,0,0,1546,1540
mcnt:5182,0,0,1546,1540
mcnt:5183,0,0,1546,1540
mcnt:5184,0,0,1546,1540
mcnt:5185,0,0,1546,1540
mcnt:5186,0,0,1546,1540
mcnt:5187,0,0,1546,1540
mcnt:5188,0,0,1546,1540
mcnt:5189,0,0,1546,1540
mcnt:5190,0,0,1546,1540
mcnt:5191,0,0,1546,1540
mcnt:5192,0,0,1546,1540
mcnt:5193,0,0,1546,1540
mcnt:5194,0,0,1546,1540
mcnt:5195,0,0,1546,1540
mcnt:5196,0,0,1546,1540
mcnt:5197,0,0,1546,1540
mcnt:5198,0,0,1546,1540
mcnt:5199,0,0,1546,1540
mcnt:5200,0,0,1546,1540
mcnt:5201,0,0,1546,1540
mcnt:5202,0,0,1546,1540
mcnt:5203,0,0,1546,1540
mcnt:5204,0,0,1546,1540
mcnt:5205,0,0,1546,1540
mcnt:5206,0,0,1546,1540
mcnt:5207,0,0,1546,1540
mcnt:5208,0,0,1546,1540
mcnt:5209,0,0,1546,1540
mcnt:5210,0,0,1546,1540
mcnt:5211,0,0,1546,1540
mcnt:5212,0,0,1546,1540
mcnt:5213,0,0,1546,1540
mcnt:5214,0,0,1546,1540
mcnt:5215,0,0,1546,1541
mcnt:5216,0,0,1546,1541
mcnt:5217,0,0,1546,1541
mcnt:5218,0,0,1546,1540
mcnt:5219,0,0,1546,1541
mcnt:5220,0,0,1546,1540
mcnt:5221,0,0,1546,1541
mcnt:5222,0,0,1546,1541
mcnt:5223,0,0,1546,1541
mcnt:5224,0,0,1546,1541
mcnt:5225,0,0,1546,1541
mcnt:5226,0,0,1546,1541
mcnt:5227,0,0,1546,1541
mcnt:5228,0,0,1546,1541
mcnt:5229,0,0,1546,1541
mcnt:5230,0,0,1546,1541
mcnt:5231,0,0,1546,1541
mcnt:5232,0,0,1546,1541
mcnt:5233,0,0,1546,1541
mcnt:5234,0,0,1546,1541
mcnt:5235,0,0,1546,1541
mcnt:5236,0,0,1546,1541
mcnt:5237,0,0,1546,1541
mcnt:5238,0,0,1546,1541
mcnt:5239,0,0,1546,1541
mcnt:5240,0,0,1546,1541
mcnt:5241,0,0,1546,1541
mcnt:5242,0,0,1546,1541
mcnt:5243,0,0,1546,1541
mcnt:5244,0,0,1546,1541
mcnt:5245,0,0,1546,1541
mcnt:5246,0,0,1546,1541
mcnt:5247,0,0,1546,1541
mcnt:5248,0,0,1546,1541
mcnt:5249,0,0,1546,1541
mcnt:5250,0,0,1546,1541
mcnt:5251,0,0,1546,1541
mcnt:5252,0,0,1546,1541
mcnt:5253,0,0,1546,1541
mcnt:5254,0,0,1546,1541
mcnt:5255,0,0,1546,1541
mcnt:5256,0,0,1546,1541
mcnt:5257,0,0,1546,1541
mcnt:5258,0,0,1546,1541
mcnt:5259,0,0,1546,1541
mcnt:5260,0,0,1546,1541
mcnt:5261,0,0,1546,1541
mcnt:5262,0,0,1546,1541
mcnt:5263,0,0,1546,1541
mcnt:5264,0,0,1546,1541
mcnt:5265,0,0,1546,1541
mcnt:5266,0,0,1546,1541
mcnt:5267,0,0,1546,1541
mcnt:5268,0,0,1546,1541
mcnt:5269,0,0,1546,1541
mcnt:5270,0,0,1546,1541
mcnt:5271,0,0,1546,1541
mcnt:5272,0,0,1546,1541
mcnt:5273,0,0,1546,1541
mcnt:5274,0,0,1546,1541
mcnt:5275,0,0,1546,1541
mcnt:5276,0,0,1546,1541
mcnt:5277,0,0,1546,1541
mcnt:5278,0,0,1546,1541
mcnt:5279,0,0,1546,1541
mcnt:5280,0,0,1546,1541
mcnt:5281,0,0,1546,1541
mcnt:5282,0,0,1546,1541
mcnt:5283,0,0,1546,1541
mcnt:5284,0,0,1546,1541
mcnt:5285,0,0,1546,1541
mcnt:5286,0,0,1546,1541
mcnt:5287,0,0,1546,1541
mcnt:5288,0,0,1546,1541
mcnt:5289,0,0,1546,1541
mcnt:5290,0,0,1546,1541
mcnt:5291,0,0,1546,1541
mcnt:5292,0,0,1546,1541
mcnt:5293,0,0,1546,1541
mcnt:5294,0,0,1546,1541
mcnt:5295,0,0,1546,1541
mcnt:5296,0,0,1546,1541
mcnt:5297,0,0,1546,1541
mcnt:5298,0,0,1546,1541
mcnt:5299,0,0,1546,1541
mcnt:5300,0,0,1546,1541
mcnt:5301,0,0,1546,1541
mcnt:5302,0,0,1546,1541
mcnt:5303,0,0,1546,1541
mcnt:5304,0,0,1546,1541
mcnt:5305,0,0,1546,1541
mcnt:5306,0,0,1546,1541
mcnt:5307,0,0,1546,1541
mcnt:5308,0,0,1546,1541
mcnt:5309,0,0,1546,1541
mcnt:5310,0,0,1546,1541
mcnt:5311,0,0,1546,1541
mcnt:5312,0,0,1546,1541
mcnt:5313,0,0,1546,1541
mcnt:5314,0,0,1546,1541
mcnt:5315,0,0,1546,1541
mcnt:5316,0,0,1546,1541
mcnt:5317,0,0,1546,1541
mcnt:5318,0,0,1546,1541
mcnt:5319,0,0,1546,1541
mcnt:5320,0,0,1546,1541
mcnt:5321,0,0,1546,1541
mcnt:5322,0,0,1546,1541
mcnt:5323,0,0,1546,1541
mcnt:5324,0,0,1546,1541
mcnt:5325,0,0,1546,1541
mcnt:5326,0,0,1546,1541
mcnt:5327,0,0,1546,1541
mcnt:5328,0,0,1546,1541
mcnt:5329,0,0,1546,1541
mcnt:5330,0,0,1546,1541
mcnt:5331,0,0,1546,1541
mcnt:5332,0,0,1546,1541
mcnt:5333,0,0,1546,1541
mcnt:5334,0,0,1546,1541
mcnt:5335,0,0,1546,1541
mcnt:5336,0,0,1546,1541
mcnt:5337,0,0,1546,1541
mcnt:5338,0,0,1546,1541
mcnt:5339,0,0,1546,1541
mcnt:5340,0,0,1546,1541
mcnt:5341,0,0,1546,1541
mcnt:5342,0,0,1546,1541
mcnt:5343,0,0,1546,1541
mcnt:5344,0,0,1546,1541
mcnt:5345,0,0,1546,1541
mcnt:5346,0,0,1546,1541
mcnt:5347,0,0,1546,1541
mcnt:5348,0,0,1546,1541
mcnt:5349,0,0,1546,1541
mcnt:5350,0,0,1546,1541
mcnt:5351,0,0,1546,1541
mcnt:5352,0,0,1546,1541
mcnt:5353,0,0,1546,1541
mcnt:5354,0,0,1546,1541
mcnt:5355,0,0,1546,1541
mcnt:5356,0,0,1546,1541
mcnt:5357,0,0,1546,1541
mcnt:5358,0,0,1546,1541
mcnt:5359,0,0,1546,1541
mcnt:5360,0,0,1546,1541
mcnt:5361,0,0,1546,1541
mcnt:5362,0,0,1546,1541
mcnt:5363,0,0,1546,1541
mcnt:5364,0,0,1546,1541
mcnt:5365,0,0,1546,1541
mcnt:5366,0,0,1546,1541
mcnt:5367,0,0,1546,1541
mcnt:5368,0,0,1546,1541
mcnt:5369,0,0,1546,1541
mcnt:5370,0,0,1546,1541
mcnt:5371,0,0,1546,1541
mcnt:5372,0,0,1546,1541
mcnt:5373,0,0,1546,1541
mcnt:5374,0,0,1546,1541
mcnt:5375,0,0,1546,1541
mcnt:5376,0,0,1546,1541
mcnt:5377,0,0,1546,1541
mcnt:5378,0,0,1546,1541
mcnt:5379,0,0,1546,1541
mcnt:5380,0,0,1546,1541
mcnt:5381,0,0,1546,1541
mcnt:5382,0,0,1546,1541
mcnt:5383,0,0,1546,1541
mcnt:5384,0,0,1546,1541
mcnt:5385,0,0,1546,1541
mcnt:5386,0,0,1546,1541
mcnt:5387,0,0,1546,1541
mcnt:5388,0,0,1546,1541
mcnt:5389,0,0,1546,1541
mcnt:5390,0,0,1546,1541
mcnt:5391,0,0,1546,1541
mcnt:5392,0,0,1546,1541
mcnt:5393,0,0,1546,1541
mcnt:5394,0,0,1546,1541
mcnt:5395,0,0,1546,1541
mcnt:5396,0,0,1546,1541
mcnt:5397,0,0,1546,1541
mcnt:5398,0,0,1546,1541
mcnt:5399,0,0,1546,1541
mcnt:5400,0,0,1546,1541
mcnt:5401,0,0,1546,1541
mcnt:5402,0,0,1546,1541
mcnt:5403,0,0,1546,1541
mcnt:5404,0,0,1546,1541
mcnt:5405,0,0,1546,1541
mcnt:5406,0,0,1546,1541
mcnt:5407,0,0,1546,1541
mcnt:5408,0,0,1546,1541
mcnt:5409,0,0,1546,1541
mcnt:5410,0,0,1546,1541
mcnt:5411,0,0,1546,1541
mcnt:5412,0,0,1546,1541
mcnt:5413,0,0,1546,1541
mcnt:5414,0,0,1546,1541
mcnt:5415,0,0,1546,1541
mcnt:5416,0,0,1546,1541
mcnt:5417,0,0,1546,1541
mcnt:5418,0,0,1546,1541
mcnt:5419,0,0,1546,1541
mcnt:5420,0,0,1546,1541
mcnt:5421,0,0,1546,1541
mcnt:5422,0,0,1546,1541
mcnt:5423,0,0,1546,1541
mcnt:5424,0,0,1546,1541
mcnt:5425,0,0,1546,1541
mcnt:5426,0,0,1546,1541
mcnt:5427,0,0,1546,1541
mcnt:5428,0,0,1546,1541
mcnt:5429,0,0,1546,1541
mcnt:5430,0,0,1546,1541
mcnt:5431,0,0,1546,1541
mcnt:5432,0,0,1546,1541
mcnt:5433,0,0,1546,1541
mcnt:5434,0,0,1546,1541
mcnt:5435,0,0,1546,1541
mcnt:5436,0,0,1546,1541
mcnt:5437,0,0,1546,1541
mcnt:5438,0,0,1546,1541
mcnt:5439,0,0,1546,1541
mcnt:5440,0,0,1546,1541
mcnt:5441,0,0,1546,1541
mcnt:5442,0,0,1546,1541
mcnt:5443,0,0,1546,1541
mcnt:5444,0,0,1546,1541
mcnt:5445,0,0,1546,1541
mcnt:5446,0,0,1546,1541
mcnt:5447,0,0,1546,1541
mcnt:5448,0,0,1546,1541
mcnt:5449,0,0,1546,1541
mcnt:5450,0,0,1546,1541
mcnt:5451,0,0,1546,1541
mcnt:5452,0,0,1546,1541
mcnt:5453,0,0,1546,1541
mcnt:5454,0,0,1546,1541
mcnt:5455,0,0,1546,1541
mcnt:5456,0,0,1546,1541
mcnt:5457,0,0,1546,1541
mcnt:5458,0,0,1546,1541
mcnt:5459,0,0,1546,1541
mcnt:5460,0,0,1546,1541
mcnt:5461,0,0,1546,1541
mcnt:5462,0,0,1546,1541
mcnt:5463,0,0,1546,1541
mcnt:5464,0,0,1546,1541
mcnt:5465,0,0,1546,1541
mcnt:5466,0,0,1546,1541
mcnt:5467,0,0,1546,1541
mcnt:5468,0,0,1546,1541
mcnt:5469,0,0,1546,1541
mcnt:5470,0,0,1546,1541
mcnt:5471,0,0,1546,1541
mcnt:5472,0,0,1546,1541
mcnt:5473,0,0,1546,1541
mcnt:5474,0,0,1546,1541
mcnt:5475,0,0,1546,1541
mcnt:5476,0,0,1546,1541
mcnt:5477,0,0,1546,1541
mcnt:5478,0,0,1546,1541
mcnt:5479,0,0,1546,1541
mcnt:5480,0,0,1546,1541
mcnt:5481,0,0,1546,1541
mcnt:5482,0,0,1546,1541
mcnt:5483,0,0,1546,1541
mcnt:5484,0,0,1546,1541
mcnt:5485,0,0,1546,1541
mcnt:5486,0,0,1546,1541
mcnt:5487,0,0,1546,1541
mcnt:5488,0,0,1546,1541
mcnt:5489,0,0,1546,1541
mcnt:5490,0,0,1546,1541
mcnt:5491,0,0,1546,1541
mcnt:5492,0,0,1546,1541
mcnt:5493,0,0,1546,1541
mcnt:5494,0,0,1546,1541
mcnt:5495,0,0,1546,1541
mcnt:5496,0,0,1546,1541
mcnt:5497,0,0,1546,1541
mcnt:5498,0,0,1546,1541
mcnt:5499,0,0,1546,1541
mcnt:5500,0,0,1546,1541
mcnt:5501,0,0,1546,1541
mcnt:5502,0,0,1546,1541
mcnt:5503,0,0,1546,1541
mcnt:5504,0,0,1546,1541
mcnt:5505,0,0,1546,1541
mcnt:5506,0,0,1546,1541
mcnt:5507,0,0,1546,1541
mcnt:5508,0,0,1546,1541
mcnt:5509,0,0,1546,1541
mcnt:5510,0,0,1546,1541
mcnt:5511,0,0,1546,1541
mcnt:5512,0,0,1546,1541
mcnt:5513,0,0,1546,1541
mcnt:5514,0,0,1546,1542
mcnt:5515,0,0,1546,1541
mcnt:5516,0,0,1546,1541
mcnt:5517,0,0,1546,1542
mcnt:5518,0,0,1546,1542
mcnt:5519,0,0,1546,1542
mcnt:5520,0,0,1546,1542
mcnt:5521,0,0,1546,1542
mcnt:5522,0,0,1546,1542
mcnt:5523,0,0,1546,1542
mcnt:5524,0,0,1546,1542
mcnt:5525,0,0,1546,1542
mcnt:5526,0,0,1546,1542
mcnt:5527,0,0,1546,1542
mcnt:5528,0,0,1546,1542
mcnt:5529,0,0,1546,1542
mcnt:5530,0,0,1546,1542
mcnt:5531,0,0,1546,1542
mcnt:5532,0,0,1546,1542
mcnt:5533,0,0,1546,1542
mcnt:5534,0,0,1546,1542
mcnt:5535,0,0,1546,1542
mcnt:5536,0,0,1546,1542
mcnt:5537,0,0,1546,1542
mcnt:5538,0,0,1546,1542
mcnt:5539,0,0,1546,1542
mcnt:5540,0,0,1546,1542
mcnt:5541,0,0,1546,1542
mcnt:5542,0,0,1546,1542
mcnt:5543,0,0,1546,1542
mcnt:5544,0,0,1546,1542
mcnt:5545,0,0,1546,1542
mcnt:5546,0,0,1546,1542
mcnt:5547,0,0,1546,1542
mcnt:5548,0,0,1546,1542
mcnt:5549,0,0,1546,1542
mcnt:5550,0,0,1546,1542
mcnt:5551,0,0,1546,1542
mcnt:5552,0,0,1546,1542
mcnt:5553,0,0,1546,1542
mcnt:5554,0,0,1546,1542
mcnt:5555,0,0,1546,1542
mcnt:5556,0,0,1546,1542
mcnt:5557,0,0,1546,1542
mcnt:5558,0,0,1546,1542
mcnt:5559,0,0,1546,1542
mcnt:5560,0,0,1546,1542
mcnt:5561,0,0,1546,1542
mcnt:5562,0,0,1546,1542
mcnt:5563,0,0,1546,1542
mcnt:5564,0,0,1546,1542
mcnt:5565,0,0,1546,1542
mcnt:5566,0,0,1546,1542
mcnt:5567,0,0,1546,1542
mcnt:5568,0,0,1546,1542
mcnt:5569,0,0,1546,1542
mcnt:5570,0,0,1546,1542
mcnt:5571,0,0,1546,1542
mcnt:5572,0,0,1546,1542
mcnt:5573,0,0,1546,1542
mcnt:5574,0,0,1546,1542
mcnt:5575,0,0,1546,1542
mcnt:5576,0,0,1546,1542
mcnt:5577,0,0,1546,1542
mcnt:5578,0,0,1546,1542
mcnt:5579,0,0,1546,1542
mcnt:5580,0,0,1546,1542
mcnt:5581,0,0,1546,1542
mcnt:5582,0,0,1546,1542
mcnt:5583,0,0,1546,1542
mcnt:5584,0,0,1546,1542
mcnt:5585,0,0,1546,1542
mcnt:5586,0,0,1546,1542
mcnt:5587,0,0,1546,1542
mcnt:5588,0,0,1546,1542
mcnt:5589,0,0,1546,1542
mcnt:5590,0,0,1546,1542
mcnt:5591,0,0,1546,1542
mcnt:5592,0,0,1546,1542
mcnt:5593,0,0,1546,1542
mcnt:5594,0,0,1546,1542
mcnt:5595,0,0,1546,1542
mcnt:5596,0,0,1546,1542
mcnt:5597,0,0,1546,1542
mcnt:5598,0,0,1546,1542
mcnt:5599,0,0,1546,1542
mcnt:5600,0,0,1546,1542
mcnt:5601,0,0,1546,1542
mcnt:5602,0,0,1546,1542
mcnt:5603,0,0,1546,1542
mcnt:5604,0,0,1546,1542
mcnt:5605,0,0,1546,1542
mcnt:5606,0,0,1546,1542
mcnt:5607,0,0,1546,1542
mcnt:5608,0,0,1546,1542
mcnt:5609,0,0,1546,1542
mcnt:5610,0,0,1546,1542
mcnt:5611,0,0,1546,1542
mcnt:5612,0,0,1546,1542
mcnt:5613,0,0,1546,1542
mcnt:5614,0,0,1546,1542
mcnt:5615,0,0,1546,1542
mcnt:5616,0,0,1546,1542
mcnt:5617,0,0,1546,1542
mcnt:5618,0,0,1546,1542
mcnt:5619,0,0,1546,1542
mcnt:5620,0,0,1546,1542
mcnt:5621,0,0,1546,1542
mcnt:5622,0,0,1546,1542
mcnt:5623,0,0,1546,1542
mcnt:5624,0,0,1546,1542
mcnt:5625,0,0,1546,1542
mcnt:5626,0,0,1546,1542
mcnt:5627,0,0,1546,1542
mcnt:5628,0,0,1546,1542
mcnt:5629,0,0,1546,1542
mcnt:5630,0,0,1546,1542
mcnt:5631,0,0,1546,1542
mcnt:5632,0,0,1546,1542
mcnt:5633,0,0,1546,1542
mcnt:5634,0,0,1546,1542
mcnt:5635,0,0,1546,1542
mcnt:5636,0,0,1546,1542
mcnt:5637,0,0,1546,1542
mcnt:5638,0,0,1546,1542
mcnt:5639,0,0,1546,1542
mcnt:5640,0,0,1546,1542
mcnt:5641,0,0,1546,1542
mcnt:5642,0,0,1546,1542
mcnt:5643,0,0,1546,1542
mcnt:5644,0,0,1546,1542
mcnt:5645,0,0,1546,1542
mcnt:5646,0,0,1546,1542
mcnt:5647,0,0,1546,1542
mcnt:5648,0,0,1546,1542
mcnt:5649,0,0,1546,1542
mcnt:5650,0,0,1546,1542
mcnt:5651,0,0,1546,1542
mcnt:5652,0,0,1546,1542
mcnt:5653,0,0,1546,1542
mcnt:5654,0,0,1546,1542
mcnt:5655,0,0,1546,1542
mcnt:5656,0,0,1546,1542
mcnt:5657,0,0,1546,1542
mcnt:5658,0,0,1546,1542
mcnt:5659,0,0,1546,1542
mcnt:5660,0,0,1546,1542
mcnt:5661,0,0,1546,1542
mcnt:5662,0,0,1546,1542
mcnt:5663,0,0,1546,1542
mcnt:5664,0,0,1546,1542
mcnt:5665,0,0,1546,1542
mcnt:5666,0,0,1546,1542
mcnt:5667,0,0,1546,1542
mcnt:5668,0,0,1546,1542
mcnt:5669,0,0,1546,1542
mcnt:5670,0,0,1546,1542
mcnt:5671,0,0,1546,1542
mcnt:5672,0,0,1546,1542
mcnt:5673,0,0,1546,1542
mcnt:5674,0,0,1546,1542
mcnt:5675,0,0,1546,1542
mcnt:5676,0,0,1546,1542
mcnt:5677,0,0,1546,1542
mcnt:5678,0,0,1546,1542
mcnt:5679,0,0,1546,1542
mcnt:5680,0,0,1546,1542
mcnt:5681,0,0,1546,1542
mcnt:5682,0,0,1546,1542
mcnt:5683,0,0,1546,1542
mcnt:5684,0,0,1546,1542
mcnt:5685,0,0,1546,1542
mcnt:5686,0,0,1546,1542
mcnt:5687,0,0,1546,1542
mcnt:5688,0,0,1546,1542
mcnt:5689,0,0,1546,1542
mcnt:5690,0,0,1546,1542
mcnt:5691,0,0,1546,1542
mcnt:5692,0,0,1546,1542
mcnt:5693,0,0,1546,1542
mcnt:5694,0,0,1546,1542
mcnt:5695,0,0,1546,1542
mcnt:5696,0,0,1546,1541
mcnt:5697,0,0,1546,1541
mcnt:5698,0,0,1546,1541
mcnt:5699,0,0,1546,1541
mcnt:5700,0,0,1546,1541
mcnt:5701,0,0,1546,1541
mcnt:5702,0,0,1546,1541
mcnt:5703,0,0,1546,1541
mcnt:5704,0,0,1546,1542
mcnt:5705,0,0,1546,1541
mcnt:5706,0,0,1546,1541
mcnt:5707,0,0,1546,1541
mcnt:5708,0,0,1546,1541
mcnt:5709,0,0,1546,1541
mcnt:5710,0,0,1546,1541
mcnt:5711,0,0,1546,1541
mcnt:5712,0,0,1546,1541
mcnt:5713,0,0,1546,1541
mcnt:5714,0,0,1546,1541
mcnt:5715,0,0,1546,1541
mcnt:5716,0,0,1546,1541
mcnt:5717,0,0,1546,1541
mcnt:5718,0,0,1546,1541
mcnt:5719,0,0,1546,1541
mcnt:5720,0,0,1546,1541
mcnt:5721,0,0,1546,1541
mcnt:5722,0,0,1546,1541
mcnt:5723,0,0,1546,1541
mcnt:5724,0,0,1546,1541
mcnt:5725,0,0,1546,1541
mcnt:5726,0,0,1546,1541
mcnt:5727,0,0,1546,1541
mcnt:5728,0,0,1546,1540
mcnt:5729,0,0,1546,1541
mcnt:5730,0,0,1546,1540
mcnt:5731,0,0,1546,1540
mcnt:5732,0,0,1546,1540
mcnt:5733,0,0,1546,1540
mcnt:5734,0,0,1546,1540
mcnt:5735,0,0,1546,1540
mcnt:5736,0,0,1546,1540
mcnt:5737,0,0,1546,1540
mcnt:5738,0,0,1546,1540
mcnt:5739,0,0,1546,1540
mcnt:5740,0,0,1546,1540
mcnt:5741,0,0,1546,1540
mcnt:5742,0,0,1546,1540
mcnt:5743,0,0,1546,1540
mcnt:5744,0,0,1546,1540
mcnt:5745,0,0,1546,1540
mcnt:5746,0,0,1546,1540
mcnt:5747,0,0,1546,1540
mcnt:5748,0,0,1546,1540
mcnt:5749,0,0,1546,1540
mcnt:5750,0,0,1546,1540
mcnt:5751,0,0,1546,1540
mcnt:5752,0,0,1546,1540
mcnt:5753,0,0,1546,1540
mcnt:5754,0,0,1546,1540
mcnt:5755,0,0,1546,1540
mcnt:5756,0,0,1546,1540
mcnt:5757,0,0,1546,1540
mcnt:5758,0,0,1546,1540
mcnt:5759,0,0,1546,1540
mcnt:5760,0,0,1546,1540
mcnt:5761,0,0,1546,1540
mcnt:5762,0,0,1546,1540
mcnt:5763,0,0,1546,1540
mcnt:5764,0,0,1546,1540
mcnt:5765,0,0,1546,1540
mcnt:5766,0,0,1546,1540
mcnt:5767,0,0,1546,1540
mcnt:5768,0,0,1546,1540
mcnt:5769,0,0,1546,1540
mcnt:5770,0,0,1546,1540
mcnt:5771,0,0,1546,1540
mcnt:5772,0,0,1546,1540
mcnt:5773,0,0,1546,1540
mcnt:5774,0,0,1546,1540
mcnt:5775,0,0,1546,1540
mcnt:5776,0,0,1546,1540
mcnt:5777,0,0,1546,1540
mcnt:5778,0,0,1546,1540
mcnt:5779,0,0,1546,1540
mcnt:5780,0,0,1546,1540
mcnt:5781,0,0,1546,1540
mcnt:5782,0,0,1546,1540
mcnt:5783,0,0,1546,1540
mcnt:5784,0,0,1546,1540
mcnt:5785,0,0,1546,1540
mcnt:5786,0,0,1546,1540
mcnt:5787,0,0,1546,1540
mcnt:5788,0,0,1546,1540
mcnt:5789,0,0,1546,1540
mcnt:5790,0,0,1546,1540
mcnt:5791,0,0,1546,1540
mcnt:5792,0,0,1546,1540
mcnt:5793,0,0,1546,1539
mcnt:5794,0,0,1546,1540
mcnt:5795,0,0,1546,1540
mcnt:5796,0,0,1546,1540
mcnt:5797,0,0,1546,1540
mcnt:5798,0,0,1546,1540
mcnt:5799,0,0,1546,1540
mcnt:5800,0,0,1546,1540
mcnt:5801,0,0,1546,1539
mcnt:5802,0,0,1546,1539
mcnt:5803,0,0,1546,1540
mcnt:5804,0,0,1546,1540
mcnt:5805,0,0,1546,1540
mcnt:5806,0,0,1546,1540
mcnt:5807,0,0,1546,1539
mcnt:5808,0,0,1546,1540
mcnt:5809,0,0,1546,1540
mcnt:5810,0,0,1546,1539
mcnt:5811,0,0,1546,1540
mcnt:5812,0,0,1546,1540
mcnt:5813,0,0,1546,1540
mcnt:5814,0,0,1546,1540
mcnt:5815,0,0,1546,1540
mcnt:5816,0,0,1546,1540
mcnt:5817,0,0,1546,1540
mcnt:5818,0,0,1546,1540
mcnt:5819,0,0,1546,1540
mcnt:5820,0,0,1546,1540
mcnt:5821,0,0,1546,1540
mcnt:5822,0,0,1546,1540
mcnt:5823,0,0,1546,1540
mcnt:5824,0,0,1546,1540
mcnt:5825,0,0,1546,1540
mcnt:5826,0,0,1546,1540
mcnt:5827,0,0,1546,1540
mcnt:5828,0,0,1546,1540
mcnt:5829,0,0,1546,1540
mcnt:5830,0,0,1546,1540
mcnt:5831,0,0,1546,1540
mcnt:5832,0,0,1546,1540
mcnt:5833,0,0,1546,1540
mcnt:5834,0,0,1546,1540
mcnt:5835,0,0,1546,1540
mcnt:5836,0,0,1546,1540
mcnt:5837,0,0,1546,1540
mcnt:5838,0,0,1546,1540
mcnt:5839,0,0,1546,1540
mcnt:5840,0,0,1546,1540
mcnt:5841,0,0,1546,1540
mcnt:5842,0,0,1546,1540
mcnt:5843,0,0,1546,1540
mcnt:5844,0,0,1546,1540
mcnt:5845,0,0,1546,1540
mcnt:5846,0,0,1546,1540
mcnt:5847,0,0,1546,1540
mcnt:5848,0,0,1546,1540
mcnt:5849,0,0,1546,1540
mcnt:5850,0,0,1546,1540
mcnt:5851,0,0,1546,1540
mcnt:5852,0,0,1546,1540
mcnt:5853,0,0,1546,1540
mcnt:5854,0,0,1546,1540
mcnt:5855,0,0,1546,1540
mcnt:5856,0,0,1546,1540
mcnt:5857,0,0,1546,1540
mcnt:5858,0,0,1546,1540
mcnt:5859,0,0,1546,1540
mcnt:5860,0,0,1546,1540
mcnt:5861,0,0,1546,1540
mcnt:5862,0,0,1546,1540
mcnt:5863,0,0,1546,1540
mcnt:5864,0,0,1546,1540
mcnt:5865,0,0,1546,1540
mcnt:5866,0,0,1546,1540
mcnt:5867,0,0,1546,1540
mcnt:5868,0,0,1546,1540
mcnt:5869,0,0,1546,1540
mcnt:5870,0,0,1546,1540
mcnt:5871,0,0,1546,1540
mcnt:5872,0,0,1546,1540
mcnt:5873,0,0,1546,1540
mcnt:5874,0,0,1546,1540
mcnt:5875,0,0,1546,1540
mcnt:5876,0,0,1546,1540
mcnt:5877,0,0,1546,1540
mcnt:5878,0,0,1546,1540
mcnt:5879,0,0,1546,1540
mcnt:5880,0,0,1546,1540
mcnt:5881,0,0,1546,1540
mcnt:5882,0,0,1546,1540
mcnt:5883,0,0,1546,1540
mcnt:5884,0,0,1546,1540
mcnt:5885,0,0,1546,1540
mcnt:5886,0,0,1546,1540
mcnt:5887,0,0,1546,1540
mcnt:5888,0,0,1546,1540
mcnt:5889,0,0,1546,1540
mcnt:5890,0,0,1546,1540
mcnt:5891,0,0,1546,1540
mcnt:5892,0,0,1546,1540
mcnt:5893,0,0,1546,1540
mcnt:5894,0,0,1546,1540
mcnt:5895,0,0,1546,1540
mcnt:5896,0,0,1546,1540
mcnt:5897,0,0,1546,1540
mcnt:5898,0,0,1546,1540
mcnt:5899,0,0,1546,1540
mcnt:5900,0,0,1546,1540
mcnt:5901,0,0,1546,1540
mcnt:5902,0,0,1546,1540
mcnt:5903,0,0,1546,1540
mcnt:5904,0,0,1546,1540
mcnt:5905,0,0,1546,1540
mcnt:5906,0,0,1546,1540
mcnt:5907,0,0,1546,1540
mcnt:5908,0,0,1546,1540
mcnt:5909,0,0,1546,1540
mcnt:5910,0,0,1546,1540
mcnt:5911,0,0,1546,1540
mcnt:5912,0,0,1546,1540
mcnt:5913,0,0,1546,1540
mcnt:5914,0,0,1546,1540
mcnt:5915,0,0,1546,1540
mcnt:5916,0,0,1546,1540
mcnt:5917,0,0,1546,1540
mcnt:5918,0,0,1546,1540
mcnt:5919,0,0,1546,1540
mcnt:5920,0,0,1546,1540
mcnt:5921,0,0,1546,1540
mcnt:5922,0,0,1546,1540
mcnt:5923,0,0,1546,1540
mcnt:5924,0,0,1546,1540
mcnt:5925,0,0,1546,1540
mcnt:5926,0,0,1546,1540
mcnt:5927,0,0,1546,1540
mcnt:5928,0,0,1546,1540
mcnt:5929,0,0,1546,1540
mcnt:5930,0,0,1546,1540
mcnt:5931,0,0,1546,1540
mcnt:5932,0,0,1546,1540
mcnt:5933,0,0,1546,1540
mcnt:5934,0,0,1546,1540
mcnt:5935,0,0,1546,1540
mcnt:5936,0,0,1546,1540
mcnt:5937,0,0,1546,1540
mcnt:5938,0,0,1546,1540
mcnt:5939,0,0,1546,1540
mcnt:5940,0,0,1546,1540
mcnt:5941,0,0,1546,1540
mcnt:5942,0,0,1546,1540
mcnt:5943,0,0,1546,1540
mcnt:5944,0,0,1546,1540
mcnt:5945,0,0,1546,1540
mcnt:5946,0,0,1546,1540
mcnt:5947,0,0,1546,1540
mcnt:5948,0,0,1546,1540
mcnt:5949,0,0,1546,1540
mcnt:5950,0,0,1546,1540
mcnt:5951,0,0,1546,1540
mcnt:5952,0,0,1546,1540
mcnt:5953,0,0,1546,1540
mcnt:5954,0,0,1546,1540
mcnt:5955,0,0,1546,1540
mcnt:5956,0,0,1546,1540
mcnt:5957,0,0,1546,1540
mcnt:5958,0,0,1546,1540
mcnt:5959,0,0,1546,1540
mcnt:5960,0,0,1546,1540
mcnt:5961,0,0,1546,1540
mcnt:5962,0,0,1546,1540
mcnt:5963,0,0,1546,1540
mcnt:5964,0,0,1546,1540
mcnt:5965,0,0,1546,1540
mcnt:5966,0,0,1546,1540
mcnt:5967,0,0,1546,1540
mcnt:5968,0,0,1546,1540
mcnt:5969,0,0,1546,1540
mcnt:5970,0,0,1546,1540
mcnt:5971,0,0,1546,1540
mcnt:5972,0,0,1546,1540
mcnt:5973,0,0,1546,1540
mcnt:5974,0,0,1546,1540
mcnt:5975,0,0,1546,1540
mcnt:5976,0,0,1546,1540
mcnt:5977,0,0,1546,1540
mcnt:5978,0,0,1546,1540
mcnt:5979,0,0,1546,1540
mcnt:5980,0,0,1546,1540
mcnt:5981,0,0,1546,1540
mcnt:5982,0,0,1546,1540
mcnt:5983,0,0,1546,1540
mcnt:5984,0,0,1546,1540
mcnt:5985,0,0,1546,1540
mcnt:5986,0,0,1546,1540
mcnt:5987,0,0,1546,1540
mcnt:5988,0,0,1546,1540
mcnt:5989,0,0,1546,1540
mcnt:5990,0,0,1546,1540
mcnt:5991,0,0,1546,1540
mcnt:5992,0,0,1546,1540
mcnt:5993,0,0,1546,1540
mcnt:5994,0,0,1546,1540
mcnt:5995,0,0,1546,1540
mcnt:5996,0,0,1546,1540
mcnt:5997,0,0,1546,1540
mcnt:5998,0,0,1546,1540
Triggering 10-min periodic measurement...
mcnt:5999,0,0,1546,1540
Publishing to [pub_prod]: {"id":"rx01","ch1":"-23.79@-23.79@-23.79@-23.79@-23.79@-23.79@-23.79@-23.79","ch2":"-25.26@-25.26@-25.26@-25.26@-25.26@-25.26@-25.26@-25.26","ch3":"13.85","ch4":"13.85"}
Published.
