16:30:09.943 > mcnt:91,1743,1742,0,0

16:30:10.039 > mcnt:92,1743,1742,0,0

16:30:10.135 > mcnt:93,1743,1742,0,0

16:30:10.232 > mcnt:94,1743,1742,0,0

16:30:10.344 > mcnt:95,1743,1742,0,0

16:30:10.439 > mcnt:96,1743,1742,0,0

16:30:10.535 > mcnt:97,1743,1742,0,0

16:30:10.631 > mcnt:98,1743,1742,0,0

16:30:10.743 > mcnt:99,1743,1742,0,0

16:30:10.839 > mcnt:100,1743,1742,0,0

16:30:10.935 > mcnt:101,1743,1742,0,0

16:30:11.031 > mcnt:102,1743,1742,0,0

16:30:11.143 > mcnt:103,1743,1742,0,0

16:30:11.239 > mcnt:104,1743,1742,0,0

16:30:11.336 > mcnt:105,1743,1742,0,0

16:30:11.431 > mcnt:106,1743,1742,0,0

16:30:11.543 > mcnt:107,1743,1742,0,0

16:30:11.639 > mcnt:108,1743,1742,0,0

16:30:11.735 > mcnt:109,1743,1742,0,0

16:30:11.831 > mcnt:110,1743,1742,0,0

16:30:11.943 > mcnt:111,1743,1742,0,0

16:30:12.039 > mcnt:112,1743,1742,0,0

16:30:12.135 > mcnt:113,1743,1742,0,0

16:30:12.231 > mcnt:114,1743,1742,0,0

16:30:12.349 > mcnt:115,1743,1742,0,0

16:30:12.439 > mcnt:116,1743,1742,0,0

16:30:12.535 > mcnt:117,1743,1743,0,0

16:30:12.631 > mcnt:118,1743,1743,0,0

16:30:12.743 > mcnt:119,1743,1743,0,0

16:30:12.839 > mcnt:120,1743,1743,0,0

16:30:12.935 > mcnt:121,1743,1743,0,0

16:30:13.031 > mcnt:122,1743,1743,0,0

16:30:13.143 > mcnt:123,1743,1743,0,0

16:30:13.240 > mcnt:124,1744,1743,0,0

16:30:13.335 > mcnt:125,1744,1743,0,0

16:30:13.431 > mcnt:126,1744,1743,0,0

16:30:13.543 > mcnt:127,1744,1743,0,0

16:30:13.639 > mcnt:128,1744,1743,0,0

16:30:13.735 > mcnt:129,1744,1743,0,0

16:30:13.831 > mcnt:130,1744,1743,0,0

16:30:13.943 > mcnt:131,1744,1743,0,0

16:30:14.039 > mcnt:132,1744,1743,0,0

16:30:14.135 > mcnt:133,1744,1743,0,0

16:30:14.231 > mcnt:134,1744,1743,0,0

16:30:14.343 > mcnt:135,1744,1743,0,0

16:30:14.439 > mcnt:136,1744,1743,0,0

16:30:14.535 > mcnt:137,1744,1743,0,0

16:30:14.631 > mcnt:138,1744,1743,0,0

16:30:14.743 > mcnt:139,1744,1743,0,0

16:30:14.839 > mcnt:140,1744,1743,0,0

16:30:14.935 > mcnt:141,1744,1742,0,0

16:30:15.031 > mcnt:142,1744,1742,0,0

16:30:15.143 > mcnt:143,1744,1742,0,0

16:30:15.239 > mcnt:144,1744,1742,0,0

16:30:15.335 > mcnt:145,1744,1742,0,0

16:30:15.431 > mcnt:146,1744,1742,0,0

16:30:15.543 > mcnt:147,1744,1742,0,0

16:30:15.639 > mcnt:148,1744,1742,0,0

16:30:15.735 > mcnt:149,1744,1742,0,0

16:30:15.831 > mcnt:150,1744,1742,0,0

16:30:15.943 > mcnt:151,1744,1742,0,0

16:30:16.039 > mcnt:152,1744,1741,0,0

16:30:16.135 > mcnt:153,1744,1741,0,0

16:30:16.231 > mcnt:154,1744,1741,0,0

16:30:16.343 > mcnt:155,1744,1741,0,0

16:30:16.439 > mcnt:156,1744,1741,0,0

16:30:16.535 > mcnt:157,1744,1741,0,0

16:30:16.631 > mcnt:158,1744,1741,0,0

16:30:16.743 > mcnt:159,1744,1741,0,0

16:30:16.839 > mcnt:160,1744,1741,0,0

16:30:16.935 > mcnt:161,1744,1741,0,0

16:30:17.031 > mcnt:162,1744,1741,0,0

16:30:17.143 > mcnt:163,1744,1741,0,0

16:30:17.239 > mcnt:164,1744,1741,0,0

16:30:17.335 > mcnt:165,1744,1741,0,0

16:30:17.431 > mcnt:166,1744,1741,0,0

16:30:17.543 > mcnt:167,1744,1741,0,0

16:30:17.639 > mcnt:168,1744,1741,0,0

16:30:17.735 > mcnt:169,1739,1736,0,0

16:30:17.831 > mcnt:170,1726,1723,0,0

16:30:17.943 > mcnt:171,1703,1699,0,0

16:30:18.039 > mcnt:172,1680,1676,0,0

16:30:18.135 > mcnt:173,1660,1658,0,0

16:30:18.231 > mcnt:174,1660,1658,0,0

16:30:18.343 > mcnt:175,1658,1655,0,0

16:30:18.439 > mcnt:176,1637,1633,0,0

16:30:18.535 > mcnt:177,1608,1604,0,0

16:30:18.631 > mcnt:178,1587,1584,0,0

16:30:18.743 > mcnt:179,1586,1584,0,0

16:30:18.838 > mcnt:180,1585,1581,0,0

16:30:18.935 > mcnt:181,1556,1552,0,0

16:30:19.031 > mcnt:182,1520,1516,0,0

16:30:19.143 > mcnt:183,1511,1508,0,0

16:30:19.239 > mcnt:184,1511,1508,0,0

16:30:19.335 > mcnt:185,1487,1482,0,0

16:30:19.430 > mcnt:186,1448,1444,0,0

16:30:19.543 > mcnt:187,1443,1441,0,0

16:30:19.639 > mcnt:188,1443,1440,0,0

16:30:19.735 > mcnt:189,1417,1412,0,0

16:30:19.831 > mcnt:190,1391,1388,0,0

16:30:19.943 > mcnt:191,1391,1388,0,0

16:30:20.039 > mcnt:192,1375,1371,0,0

16:30:20.135 > mcnt:193,1345,1342,0,0

16:30:20.230 > mcnt:194,1345,1343,0,0

16:30:20.342 > mcnt:195,1325,1322,0,0

16:30:20.439 > mcnt:196,1313,1310,0,0

16:30:20.535 > mcnt:197,1313,1310,0,0

16:30:20.631 > mcnt:198,1313,1310,0,0

16:30:20.742 > mcnt:199,1313,1310,0,0

16:30:20.839 > mcnt:200,1313,1310,0,0

16:30:20.935 > mcnt:201,1313,1310,0,0

16:30:21.031 > mcnt:202,1313,1310,0,0

16:30:21.143 > mcnt:203,1313,1310,0,0

16:30:21.239 > mcnt:204,1313,1310,0,0

16:30:21.335 > mcnt:205,1313,1310,0,0

16:30:21.431 > mcnt:206,1312,1310,0,0

16:30:21.543 > mcnt:207,1313,1310,0,0

16:30:21.639 > mcnt:208,1313,1310,0,0

16:30:21.735 > mcnt:209,1313,1310,0,0

16:30:21.831 > mcnt:210,1313,1310,0,0

16:30:21.943 > mcnt:211,1313,1310,0,0

16:30:22.038 > mcnt:212,1313,1310,0,0

16:30:22.135 > mcnt:213,1313,1310,0,0

16:30:22.231 > mcnt:214,1312,1310,0,0

16:30:22.342 > mcnt:215,1313,1310,0,0

16:30:22.439 > mcnt:216,1313,1310,0,0

16:30:22.535 > mcnt:217,1313,1310,0,0

16:30:22.631 > mcnt:218,1313,1310,0,0

16:30:22.743 > mcnt:219,1313,1310,0,0

16:30:22.839 > mcnt:220,1313,1310,0,0

16:30:22.934 > mcnt:221,1313,1310,0,0

16:30:23.030 > mcnt:222,1313,1310,0,0

16:30:23.142 > mcnt:223,1313,1310,0,0

16:30:23.239 > mcnt:224,1313,1310,0,0

16:30:23.340 > mcnt:225,1313,1310,0,0

16:30:23.431 > mcnt:226,1312,1310,0,0

16:30:23.543 > mcnt:227,1313,1310,0,0

16:30:23.639 > mcnt:228,1312,1310,0,0

16:30:23.735 > mcnt:229,1313,1310,0,0

16:30:23.831 > mcnt:230,1313,1310,0,0

16:30:23.943 > mcnt:231,1312,1310,0,0

16:30:24.039 > mcnt:232,1313,1310,0,0

16:30:24.135 > mcnt:233,1313,1310,0,0

16:30:24.230 > mcnt:234,1313,1310,0,0

16:30:24.343 > mcnt:235,1313,1310,0,0

16:30:24.439 > mcnt:236,1312,1310,0,0

16:30:24.534 > mcnt:237,1313,1310,0,0

16:30:24.631 > mcnt:238,1313,1310,0,0

16:30:24.743 > mcnt:239,1313,1310,0,0

16:30:24.839 > mcnt:240,1313,1310,0,0

16:30:24.935 > mcnt:241,1313,1310,0,0

16:30:25.031 > mcnt:242,1312,1310,0,0

16:30:25.143 > mcnt:243,1313,1310,0,0

16:30:25.238 > mcnt:244,1313,1310,0,0

16:30:25.334 > mcnt:245,1313,1310,0,0

16:30:25.430 > mcnt:246,1312,1310,0,0

16:30:25.543 > mcnt:247,1312,1310,0,0

16:30:25.639 > mcnt:248,1313,1310,0,0

16:30:25.735 > mcnt:249,1313,1310,0,0

16:30:25.831 > mcnt:250,1312,1310,0,0

16:30:25.943 > mcnt:251,1312,1311,0,0

16:30:26.039 > mcnt:252,1313,1311,0,0

16:30:26.135 > mcnt:253,1312,1311,0,0

16:30:26.231 > mcnt:254,1313,1311,0,0

16:30:26.343 > mcnt:255,1313,1311,0,0

16:30:26.439 > mcnt:256,1313,1311,0,0

16:30:26.535 > mcnt:257,1313,1311,0,0

16:30:26.631 > mcnt:258,1312,1311,0,0

16:30:26.743 > mcnt:259,1312,1311,0,0

16:30:26.839 > mcnt:260,1313,1311,0,0

16:30:26.935 > mcnt:261,1312,1311,0,0

16:30:27.031 > mcnt:262,1313,1311,0,0

16:30:27.143 > mcnt:263,1312,1311,0,0

16:30:27.239 > mcnt:264,1312,1311,0,0

16:30:27.335 > mcnt:265,1312,1311,0,0

16:30:27.431 > mcnt:266,1312,1311,0,0

16:30:27.543 > mcnt:267,1312,1311,0,0

16:30:27.638 > mcnt:268,1313,1311,0,0

16:30:27.735 > mcnt:269,1312,1311,0,0

16:30:27.831 > mcnt:270,1312,1311,0,0

16:30:27.942 > mcnt:271,1313,1311,0,0

16:30:28.039 > mcnt:272,1313,1311,0,0

16:30:28.135 > mcnt:273,1313,1311,0,0

16:30:28.231 > mcnt:274,1312,1311,0,0

16:30:28.342 > mcnt:275,1313,1311,0,0

16:30:28.438 > mcnt:276,1312,1311,0,0

16:30:28.535 > mcnt:277,1313,1311,0,0

16:30:28.631 > mcnt:278,1312,1311,0,0

16:30:28.743 > mcnt:279,1313,1312,0,0

16:30:28.839 > mcnt:280,1312,1312,0,0

16:30:28.934 > mcnt:281,1312,1312,0,0

16:30:29.031 > mcnt:282,1312,1312,0,0

16:30:29.143 > mcnt:283,1313,1312,0,0

16:30:29.238 > mcnt:284,1312,1312,0,0

16:30:29.334 > mcnt:285,1312,1312,0,0

16:30:29.431 > mcnt:286,1312,1312,0,0

16:30:29.543 > mcnt:287,1312,1312,0,0

16:30:29.639 > mcnt:288,1313,1312,0,0

16:30:29.734 > mcnt:289,1312,1312,0,0

16:30:29.831 > mcnt:290,1312,1312,0,0

16:30:29.942 > mcnt:291,1313,1312,0,0

16:30:30.039 > mcnt:292,1312,1312,0,0

16:30:30.135 > mcnt:293,1312,1312,0,0

16:30:30.231 > mcnt:294,1312,1312,0,0

16:30:30.343 > mcnt:295,1312,1312,0,0

16:30:30.439 > mcnt:296,1312,1312,0,0

16:30:30.535 > mcnt:297,1312,1312,0,0

16:30:30.631 > mcnt:298,1312,1312,0,0

16:30:30.742 > mcnt:299,1312,1312,0,0

16:30:30.838 > mcnt:300,1312,1312,0,0

16:30:30.934 > mcnt:301,1312,1312,0,0

16:30:31.031 > mcnt:302,1312,1312,0,0

16:30:31.142 > mcnt:303,1312,1312,0,0

16:30:31.238 > mcnt:304,1312,1312,0,0

16:30:31.335 > mcnt:305,1312,1312,0,0

16:30:31.430 > mcnt:306,1312,1312,0,0

16:30:31.543 > mcnt:307,1312,1312,0,0

16:30:31.638 > mcnt:308,1312,1312,0,0

16:30:31.735 > mcnt:309,1312,1312,0,0

16:30:31.831 > mcnt:310,1312,1312,0,0

16:30:31.943 > mcnt:311,1312,1312,0,0

16:30:32.039 > mcnt:312,1312,1312,0,0

16:30:32.135 > mcnt:313,1312,1312,0,0

16:30:32.230 > mcnt:314,1312,1312,0,0

16:30:32.343 > mcnt:315,1312,1312,0,0

16:30:32.438 > mcnt:316,1312,1312,0,0

16:30:32.534 > mcnt:317,1312,1312,0,0

16:30:32.631 > mcnt:318,1312,1312,0,0

16:30:32.742 > mcnt:319,1312,1312,0,0

16:30:32.839 > mcnt:320,1312,1312,0,0

16:30:32.934 > mcnt:321,1312,1312,0,0

16:30:33.031 > mcnt:322,1312,1312,0,0

16:30:33.143 > mcnt:323,1312,1312,0,0

16:30:33.238 > mcnt:324,1312,1312,0,0

16:30:33.335 > mcnt:325,1312,1312,0,0

16:30:33.430 > mcnt:326,1312,1312,0,0

16:30:33.543 > mcnt:327,1312,1312,0,0

16:30:33.638 > mcnt:328,1312,1312,0,0

16:30:33.735 > mcnt:329,1312,1312,0,0

16:30:33.831 > mcnt:330,1312,1312,0,0

16:30:33.943 > mcnt:331,1312,1312,0,0

16:30:34.039 > mcnt:332,1312,1312,0,0

16:30:34.134 > mcnt:333,1312,1312,0,0

16:30:34.230 > mcnt:334,1312,1312,0,0

16:30:34.343 > mcnt:335,1312,1312,0,0

16:30:34.438 > mcnt:336,1312,1312,0,0

16:30:34.534 > mcnt:337,1312,1312,0,0

16:30:34.630 > mcnt:338,1312,1312,0,0

16:30:34.743 > mcnt:339,1312,1312,0,0

16:30:34.839 > mcnt:340,1312,1312,0,0

16:30:34.935 > mcnt:341,1312,1312,0,0

16:30:35.031 > mcnt:342,1312,1312,0,0

16:30:35.143 > mcnt:343,1312,1312,0,0

16:30:35.238 > mcnt:344,1312,1312,0,0

16:30:35.334 > mcnt:345,1312,1312,0,0

16:30:35.433 > mcnt:346,1312,1312,0,0

16:30:35.542 > mcnt:347,1312,1312,0,0

16:30:35.639 > mcnt:348,1312,1312,0,0

16:30:35.735 > mcnt:349,1312,1312,0,0

16:30:35.831 > mcnt:350,1312,1312,0,0

16:30:35.943 > mcnt:351,1312,1312,0,0

16:30:36.038 > mcnt:352,1312,1312,0,0

16:30:36.135 > mcnt:353,1312,1312,0,0

16:30:36.231 > mcnt:354,1312,1312,0,0

16:30:36.343 > mcnt:355,1312,1312,0,0

16:30:36.439 > mcnt:356,1312,1312,0,0

16:30:36.535 > mcnt:357,1312,1312,0,0

16:30:36.630 > mcnt:358,1312,1312,0,0

16:30:36.742 > mcnt:359,1312,1312,0,0

16:30:36.839 > mcnt:360,1312,1312,0,0

16:30:36.934 > mcnt:361,1312,1312,0,0

16:30:37.031 > mcnt:362,1312,1312,0,0

16:30:37.142 > mcnt:363,1312,1312,0,0

16:30:37.239 > mcnt:364,1312,1312,0,0

16:30:37.334 > mcnt:365,1312,1312,0,0

16:30:37.430 > mcnt:366,1312,1312,0,0

16:30:37.542 > mcnt:367,1312,1312,0,0

16:30:37.638 > mcnt:368,1312,1312,0,0

16:30:37.734 > mcnt:369,1312,1312,0,0

16:30:37.831 > mcnt:370,1312,1312,0,0

16:30:37.942 > mcnt:371,1312,1312,0,0

16:30:38.039 > mcnt:372,1312,1312,0,0

16:30:38.134 > mcnt:373,1312,1312,0,0

16:30:38.231 > mcnt:374,1312,1312,0,0

16:30:38.343 > mcnt:375,1312,1312,0,0

16:30:38.439 > mcnt:376,1312,1312,0,0

16:30:38.534 > mcnt:377,1312,1312,0,0

16:30:38.630 > mcnt:378,1312,1312,0,0

16:30:38.743 > mcnt:379,1312,1312,0,0

16:30:38.838 > mcnt:380,1312,1312,0,0

16:30:38.934 > mcnt:381,1312,1312,0,0

16:30:39.030 > mcnt:382,1312,1312,0,0

16:30:39.142 > mcnt:383,1312,1312,0,0

16:30:39.238 > mcnt:384,1312,1312,0,0

16:30:39.334 > mcnt:385,1312,1312,0,0

16:30:39.430 > mcnt:386,1312,1312,0,0

16:30:39.542 > mcnt:387,1312,1312,0,0

16:30:39.638 > mcnt:388,1312,1312,0,0

16:30:39.735 > mcnt:389,1312,1312,0,0

16:30:39.831 > mcnt:390,1312,1312,0,0

16:30:39.943 > mcnt:391,1312,1312,0,0

16:30:40.038 > mcnt:392,1312,1312,0,0

16:30:40.135 > mcnt:393,1312,1312,0,0

16:30:40.231 > mcnt:394,1312,1312,0,0

16:30:40.342 > mcnt:395,1312,1312,0,0

16:30:40.438 > mcnt:396,1312,1312,0,0

16:30:40.534 > mcnt:397,1312,1312,0,0

16:30:40.630 > mcnt:398,1312,1312,0,0

16:30:40.742 > mcnt:399,1312,1312,0,0

16:30:40.838 > mcnt:400,1312,1312,0,0

16:30:40.934 > mcnt:401,1312,1312,0,0

16:30:41.030 > mcnt:402,1312,1312,0,0

16:30:41.143 > mcnt:403,1312,1312,0,0

16:30:41.238 > mcnt:404,1312,1312,0,0

16:30:41.334 > mcnt:405,1312,1312,0,0

16:30:41.430 > mcnt:406,1312,1312,0,0

16:30:41.542 > mcnt:407,1312,1312,0,0

16:30:41.638 > mcnt:408,1312,1312,0,0

16:30:41.734 > mcnt:409,1312,1312,0,0

16:30:41.831 > mcnt:410,1312,1312,0,0

16:30:41.942 > mcnt:411,1312,1312,0,0

16:30:42.038 > mcnt:412,1312,1312,0,0

16:30:42.134 > mcnt:413,1312,1312,0,0

16:30:42.230 > mcnt:414,1312,1312,0,0

16:30:42.343 > mcnt:415,1312,1312,0,0

16:30:42.438 > mcnt:416,1312,1312,0,0

16:30:42.534 > mcnt:417,1312,1312,0,0

16:30:42.630 > mcnt:418,1312,1312,0,0

16:30:42.742 > mcnt:419,1312,1312,0,0

16:30:42.839 > mcnt:420,1312,1312,0,0

16:30:42.935 > mcnt:421,1312,1312,0,0

16:30:43.030 > mcnt:422,1312,1312,0,0

16:30:43.142 > mcnt:423,1312,1312,0,0

16:30:43.238 > mcnt:424,1312,1312,0,0

16:30:43.334 > mcnt:425,1312,1312,0,0

16:30:43.430 > mcnt:426,1312,1312,0,0

16:30:43.542 > mcnt:427,1312,1312,0,0

16:30:43.639 > mcnt:428,1312,1312,0,0

16:30:43.734 > mcnt:429,1312,1312,0,0

16:30:43.830 > mcnt:430,1312,1312,0,0

16:30:43.942 > mcnt:431,1312,1312,0,0

16:30:44.038 > mcnt:432,1312,1312,0,0

16:30:44.134 > mcnt:433,1312,1312,0,0

16:30:44.231 > mcnt:434,1312,1312,0,0

16:30:44.342 > mcnt:435,1312,1312,0,0

16:30:44.439 > mcnt:436,1312,1312,0,0

16:30:44.534 > mcnt:437,1312,1312,0,0

16:30:44.630 > mcnt:438,1312,1312,0,0

16:30:44.743 > mcnt:439,1312,1312,0,0

16:30:44.839 > mcnt:440,1312,1312,0,0

16:30:44.934 > mcnt:441,1312,1312,0,0

16:30:45.030 > mcnt:442,1312,1312,0,0

16:30:45.142 > mcnt:443,1312,1312,0,0

16:30:45.238 > mcnt:444,1312,1312,0,0

16:30:45.334 > mcnt:445,1312,1312,0,0

16:30:45.430 > mcnt:446,1312,1312,0,0

16:30:45.542 > mcnt:447,1312,1312,0,0

16:30:45.638 > mcnt:448,1312,1312,0,0

16:30:45.734 > mcnt:449,1312,1312,0,0

16:30:45.830 > mcnt:450,1312,1312,0,0

16:30:45.942 > mcnt:451,1312,1312,0,0

16:30:46.038 > mcnt:452,1312,1312,0,0

16:30:46.134 > mcnt:453,1312,1312,0,0

16:30:46.230 > mcnt:454,1312,1312,0,0

16:30:46.342 > mcnt:455,1312,1312,0,0

16:30:46.438 > mcnt:456,1312,1312,0,0

16:30:46.534 > mcnt:457,1312,1312,0,0

16:30:46.630 > mcnt:458,1312,1312,0,0

16:30:46.742 > mcnt:459,1312,1312,0,0

16:30:46.839 > mcnt:460,1312,1312,0,0

16:30:46.934 > mcnt:461,1312,1312,0,0

16:30:47.030 > mcnt:462,1312,1312,0,0

16:30:47.143 > mcnt:463,1312,1312,0,0

16:30:47.238 > mcnt:464,1312,1312,0,0

16:30:47.335 > mcnt:465,1312,1312,0,0

16:30:47.430 > mcnt:466,1312,1312,0,0

16:30:47.542 > mcnt:467,1312,1312,0,0

16:30:47.638 > mcnt:468,1312,1312,0,0

16:30:47.734 > mcnt:469,1312,1312,0,0

16:30:47.830 > mcnt:470,1312,1312,0,0

16:30:47.942 > mcnt:471,1312,1312,0,0

16:30:48.038 > mcnt:472,1312,1312,0,0

16:30:48.134 > mcnt:473,1312,1312,0,0

16:30:48.230 > mcnt:474,1312,1312,0,0

16:30:48.342 > mcnt:475,1312,1312,0,0

16:30:48.438 > mcnt:476,1312,1312,0,0

16:30:48.534 > mcnt:477,1312,1312,0,0

16:30:48.630 > mcnt:478,1312,1312,0,0

16:30:48.742 > mcnt:479,1312,1312,0,0

16:30:48.838 > mcnt:480,1312,1312,0,0

16:30:48.934 > mcnt:481,1312,1312,0,0

16:30:49.030 > mcnt:482,1312,1312,0,0

16:30:49.142 > mcnt:483,1312,1312,0,0

16:30:49.238 > mcnt:484,1312,1312,0,0

16:30:49.334 > mcnt:485,1312,1312,0,0

16:30:49.430 > mcnt:486,1312,1312,0,0

16:30:49.542 > mcnt:487,1312,1312,0,0

16:30:49.638 > mcnt:488,1312,1312,0,0

16:30:49.734 > mcnt:489,1312,1312,0,0

16:30:49.830 > mcnt:490,1312,1312,0,0

16:30:49.942 > mcnt:491,1312,1312,0,0

16:30:50.038 > mcnt:492,1312,1312,0,0

16:30:50.142 > mcnt:493,1312,1312,0,0

16:30:50.230 > mcnt:494,1312,1312,0,0

16:30:50.342 > mcnt:495,1312,1312,0,0

16:30:50.438 > mcnt:496,1312,1312,0,0

16:30:50.534 > mcnt:497,1312,1312,0,0

16:30:50.630 > mcnt:498,1312,1312,0,0

16:30:50.742 > mcnt:499,1312,1312,0,0

16:30:50.838 > mcnt:500,1312,1312,0,0

16:30:50.934 > mcnt:501,1312,1312,0,0

16:30:51.030 > mcnt:502,1312,1312,0,0

16:30:51.155 > mcnt:503,1312,1312,0,0

16:30:51.238 > mcnt:504,1312,1312,0,0

16:30:51.334 > mcnt:505,1312,1312,0,0

16:30:51.430 > mcnt:506,1312,1312,0,0

16:30:51.543 > mcnt:507,1312,1312,0,0

16:30:51.638 > mcnt:508,1312,1312,0,0

16:30:51.734 > mcnt:509,1312,1312,0,0

16:30:51.830 > mcnt:510,1312,1312,0,0

16:30:51.942 > mcnt:511,1312,1312,0,0

16:30:52.038 > mcnt:512,1312,1312,0,0

16:30:52.134 > mcnt:513,1312,1312,0,0

16:30:52.230 > mcnt:514,1312,1312,0,0

16:30:52.342 > mcnt:515,1312,1312,0,0

16:30:52.438 > mcnt:516,1312,1312,0,0

16:30:52.534 > mcnt:517,1312,1312,0,0

16:30:52.630 > mcnt:518,1312,1312,0,0

16:30:52.742 > mcnt:519,1312,1312,0,0

16:30:52.838 > mcnt:520,1312,1312,0,0

16:30:52.934 > mcnt:521,1312,1312,0,0

16:30:53.030 > mcnt:522,1312,1312,0,0

16:30:53.142 > mcnt:523,1312,1312,0,0

16:30:53.238 > mcnt:524,1312,1312,0,0

16:30:53.334 > mcnt:525,1312,1312,0,0

16:30:53.430 > mcnt:526,1312,1312,0,0

16:30:53.542 > mcnt:527,1312,1312,0,0

16:30:53.638 > mcnt:528,1312,1312,0,0

16:30:53.734 > mcnt:529,1312,1312,0,0

16:30:53.830 > mcnt:530,1312,1312,0,0

16:30:53.942 > mcnt:531,1312,1312,0,0

16:30:54.038 > mcnt:532,1312,1312,0,0

16:30:54.134 > mcnt:533,1312,1312,0,0

16:30:54.230 > mcnt:534,1312,1312,0,0

16:30:54.342 > mcnt:535,1312,1312,0,0

16:30:54.438 > mcnt:536,1312,1312,0,0

16:30:54.534 > mcnt:537,1312,1312,0,0

16:30:54.630 > mcnt:538,1312,1312,0,0

16:30:54.742 > mcnt:539,1312,1312,0,0

16:30:54.838 > mcnt:540,1312,1312,0,0

16:30:54.934 > mcnt:541,1312,1312,0,0

16:30:55.030 > mcnt:542,1312,1312,0,0

16:30:55.142 > mcnt:543,1312,1311,0,0

16:30:55.238 > mcnt:544,1312,1311,0,0

16:30:55.334 > mcnt:545,1312,1311,0,0

16:30:55.430 > mcnt:546,1312,1311,0,0

16:30:55.542 > mcnt:547,1312,1311,0,0

16:30:55.638 > mcnt:548,1312,1311,0,0

16:30:55.734 > mcnt:549,1312,1311,0,0

16:30:55.830 > mcnt:550,1312,1311,0,0

16:30:55.942 > mcnt:551,1312,1311,0,0

16:30:56.038 > mcnt:552,1312,1311,0,0

16:30:56.134 > mcnt:553,1312,1311,0,0

16:30:56.230 > mcnt:554,1312,1311,0,0

16:30:56.342 > mcnt:555,1312,1311,0,0

16:30:56.438 > mcnt:556,1312,1311,0,0

16:30:56.534 > mcnt:557,1312,1311,0,0

16:30:56.630 > mcnt:558,1312,1311,0,0

16:30:56.742 > mcnt:559,1312,1311,0,0

16:30:56.838 > mcnt:560,1312,1311,0,0

16:30:56.934 > mcnt:561,1312,1311,0,0

16:30:57.030 > mcnt:562,1312,1311,0,0

16:30:57.142 > mcnt:563,1312,1311,0,0

16:30:57.238 > mcnt:564,1312,1311,0,0

16:30:57.333 > mcnt:565,1312,1311,0,0

16:30:57.430 > mcnt:566,1312,1311,0,0

16:30:57.542 > mcnt:567,1312,1311,0,0

16:30:57.638 > mcnt:568,1312,1311,0,0

16:30:57.734 > mcnt:569,1312,1311,0,0

16:30:57.846 > mcnt:570,1312,1311,0,0

16:30:57.941 > mcnt:571,1312,1311,0,0

16:30:58.038 > mcnt:572,1312,1311,0,0

16:30:58.133 > mcnt:573,1312,1311,0,0

16:30:58.230 > mcnt:574,1312,1311,0,0

16:30:58.341 > mcnt:575,1312,1311,0,0

16:30:58.438 > mcnt:576,1312,1311,0,0

16:30:58.534 > mcnt:577,1312,1311,0,0

16:30:58.646 > mcnt:578,1312,1311,0,0

16:30:58.742 > mcnt:579,1312,1311,0,0

16:30:58.838 > mcnt:580,1312,1311,0,0

16:30:58.934 > mcnt:581,1312,1311,0,0

16:30:59.046 > mcnt:582,1312,1311,0,0

16:30:59.142 > mcnt:583,1312,1311,0,0

16:30:59.237 > mcnt:584,1312,1311,0,0

16:30:59.334 > mcnt:585,1312,1311,0,0

16:30:59.447 > mcnt:586,1312,1311,0,0

16:30:59.542 > mcnt:587,1312,1311,0,0

16:30:59.638 > mcnt:588,1312,1311,0,0

16:30:59.734 > mcnt:589,1312,1311,0,0

16:30:59.846 > mcnt:590,1312,1311,0,0

16:30:59.942 > mcnt:591,1312,1311,0,0

16:31:00.038 > mcnt:592,1312,1311,0,0

16:31:00.133 > mcnt:593,1312,1311,0,0

16:31:00.230 > mcnt:594,1312,1311,0,0

16:31:00.342 > mcnt:595,1312,1311,0,0

16:31:00.438 > mcnt:596,1312,1311,0,0

16:31:00.534 > mcnt:597,1312,1311,0,0

16:31:00.646 > mcnt:598,1312,1311,0,0

16:31:00.742 > mcnt:599,1312,1311,0,0

16:31:00.837 > mcnt:600,1312,1311,0,0

16:31:00.934 > mcnt:601,1312,1311,0,0

16:31:01.045 > mcnt:602,1312,1311,0,0

16:31:01.142 > mcnt:603,1312,1311,0,0

16:31:01.238 > mcnt:604,1312,1311,0,0

16:31:01.334 > mcnt:605,1312,1311,0,0

16:31:01.445 > mcnt:606,1312,1311,0,0

16:31:01.541 > mcnt:607,1312,1311,0,0

16:31:01.638 > mcnt:608,1312,1311,0,0

16:31:01.734 > mcnt:609,1312,1311,0,0

16:31:01.830 > mcnt:610,1312,1311,0,0

16:31:01.942 > mcnt:611,1312,1311,0,0

16:31:02.038 > mcnt:612,1312,1311,0,0

16:31:02.134 > mcnt:613,1312,1311,0,0

16:31:02.246 > mcnt:614,1312,1311,0,0

16:31:02.342 > mcnt:615,1312,1311,0,0

16:31:02.438 > mcnt:616,1312,1311,0,0

16:31:02.534 > mcnt:617,1312,1311,0,0

16:31:02.645 > mcnt:618,1312,1311,0,0

16:31:02.741 > mcnt:619,1312,1311,0,0

16:31:02.838 > mcnt:620,1312,1311,0,0

16:31:02.934 > mcnt:621,1312,1311,0,0

16:31:03.046 > mcnt:622,1312,1311,0,0

16:31:03.141 > mcnt:623,1312,1311,0,0

16:31:03.238 > mcnt:624,1312,1311,0,0

16:31:03.334 > mcnt:625,1312,1311,0,0

16:31:03.446 > mcnt:626,1312,1311,0,0

16:31:03.542 > mcnt:627,1312,1311,0,0

16:31:03.637 > mcnt:628,1312,1311,0,0

16:31:03.734 > mcnt:629,1312,1311,0,0

16:31:03.830 > mcnt:630,1312,1311,0,0

16:31:03.942 > mcnt:631,1312,1311,0,0

16:31:04.038 > mcnt:632,1312,1311,0,0

16:31:04.133 > mcnt:633,1312,1311,0,0

16:31:04.246 > mcnt:634,1312,1311,0,0

16:31:04.342 > mcnt:635,1312,1311,0,0

16:31:04.438 > mcnt:636,1312,1311,0,0

16:31:04.534 > mcnt:637,1312,1311,0,0

16:31:04.646 > mcnt:638,1312,1311,0,0

16:31:04.742 > mcnt:639,1312,1311,0,0

16:31:04.837 > mcnt:640,1312,1311,0,0

16:31:04.934 > mcnt:641,1312,1311,0,0

16:31:05.046 > mcnt:642,1312,1311,0,0

16:31:05.142 > mcnt:643,1312,1311,0,0

16:31:05.238 > mcnt:644,1312,1311,0,0

16:31:05.333 > mcnt:645,1312,1311,0,0

16:31:05.446 > mcnt:646,1312,1311,0,0

16:31:05.541 > mcnt:647,1312,1311,0,0

16:31:05.638 > mcnt:648,1312,1311,0,0

16:31:05.734 > mcnt:649,1312,1311,0,0

16:31:05.846 > mcnt:650,1312,1311,0,0

16:31:05.942 > mcnt:651,1312,1311,0,0

16:31:06.038 > mcnt:652,1312,1311,0,0

16:31:06.134 > mcnt:653,1312,1311,0,0

16:31:06.246 > mcnt:654,1312,1311,0,0

16:31:06.342 > mcnt:655,1312,1311,0,0

16:31:06.437 > mcnt:656,1312,1311,0,0

16:31:06.534 > mcnt:657,1312,1311,0,0

16:31:06.646 > mcnt:658,1312,1311,0,0

16:31:06.741 > mcnt:659,1312,1311,0,0

16:31:06.837 > mcnt:660,1312,1311,0,0

16:31:06.933 > mcnt:661,1312,1311,0,0

16:31:07.045 > mcnt:662,1312,1311,0,0

16:31:07.142 > mcnt:663,1312,1311,0,0

16:31:07.237 > mcnt:664,1312,1311,0,0

16:31:07.334 > mcnt:665,1312,1311,0,0

16:31:07.446 > mcnt:666,1312,1311,0,0

16:31:07.542 > mcnt:667,1312,1311,0,0

16:31:07.638 > mcnt:668,1312,1311,0,0

16:31:07.734 > mcnt:669,1312,1311,0,0

16:31:07.846 > mcnt:670,1312,1311,0,0

16:31:07.942 > mcnt:671,1312,1311,0,0

16:31:08.037 > mcnt:672,1312,1311,0,0

16:31:08.134 > mcnt:673,1312,1311,0,0

16:31:08.246 > mcnt:674,1312,1311,0,0

16:31:08.342 > mcnt:675,1312,1311,0,0

16:31:08.438 > mcnt:676,1312,1311,0,0

16:31:08.533 > mcnt:677,1312,1311,0,0

16:31:08.646 > mcnt:678,1312,1311,0,0

16:31:08.742 > mcnt:679,1312,1311,0,0

16:31:08.838 > mcnt:680,1312,1311,0,0

16:31:08.934 > mcnt:681,1312,1311,0,0

16:31:09.045 > mcnt:682,1312,1311,0,0

16:31:09.141 > mcnt:683,1312,1311,0,0

16:31:09.238 > mcnt:684,1312,1311,0,0

16:31:09.334 > mcnt:685,1312,1311,0,0

16:31:09.446 > mcnt:686,1312,1311,0,0

16:31:09.542 > mcnt:687,1312,1311,0,0

16:31:09.638 > mcnt:688,1312,1311,0,0

16:31:09.741 > mcnt:689,1312,1311,0,0

16:31:09.845 > mcnt:690,1312,1311,0,0

16:31:09.941 > mcnt:691,1312,1311,0,0

16:31:10.037 > mcnt:692,1312,1311,0,0

16:31:10.133 > mcnt:693,1312,1311,0,0

16:31:10.246 > mcnt:694,1312,1311,0,0

16:31:10.342 > mcnt:695,1312,1311,0,0

16:31:10.438 > mcnt:696,1312,1311,0,0

16:31:10.534 > mcnt:697,1312,1311,0,0

16:31:10.646 > mcnt:698,1312,1311,0,0

16:31:10.741 > mcnt:699,1312,1311,0,0

16:31:10.838 > mcnt:700,1312,1311,0,0

16:31:10.934 > mcnt:701,1312,1311,0,0

16:31:11.046 > mcnt:702,1312,1311,0,0

16:31:11.142 > mcnt:703,1312,1311,0,0

16:31:11.238 > mcnt:704,1312,1311,0,0

16:31:11.334 > mcnt:705,1312,1311,0,0

16:31:11.445 > mcnt:706,1312,1311,0,0

16:31:11.541 > mcnt:707,1312,1311,0,0

16:31:11.637 > mcnt:708,1312,1311,0,0

16:31:11.733 > mcnt:709,1312,1311,0,0

16:31:11.846 > mcnt:710,1312,1311,0,0

16:31:11.941 > mcnt:711,1312,1311,0,0

16:31:12.037 > mcnt:712,1312,1311,0,0

16:31:12.134 > mcnt:713,1312,1311,0,0

16:31:12.246 > mcnt:714,1312,1311,0,0

16:31:12.342 > mcnt:715,1312,1311,0,0

16:31:12.438 > mcnt:716,1312,1311,0,0

16:31:12.534 > mcnt:717,1312,1311,0,0

16:31:12.646 > mcnt:718,1312,1311,0,0

16:31:12.742 > mcnt:719,1312,1311,0,0

16:31:12.837 > mcnt:720,1312,1311,0,0

16:31:12.934 > mcnt:721,1312,1311,0,0

16:31:13.045 > mcnt:722,1312,1311,0,0

16:31:13.142 > mcnt:723,1312,1310,0,0

16:31:13.237 > mcnt:724,1312,1311,0,0

16:31:13.333 > mcnt:725,1312,1311,0,0

16:31:13.446 > mcnt:726,1312,1311,0,0

16:31:13.542 > mcnt:727,1312,1311,0,0

16:31:13.638 > mcnt:728,1312,1311,0,0

16:31:13.733 > mcnt:729,1312,1311,0,0

16:31:13.845 > mcnt:730,1312,1310,0,0

16:31:13.942 > mcnt:731,1312,1310,0,0

16:31:14.038 > mcnt:732,1312,1311,0,0

16:31:14.134 > mcnt:733,1312,1310,0,0

16:31:14.245 > mcnt:734,1312,1310,0,0

16:31:14.342 > mcnt:735,1312,1311,0,0

16:31:14.437 > mcnt:736,1312,1310,0,0

16:31:14.534 > mcnt:737,1312,1310,0,0

16:31:14.645 > mcnt:738,1312,1310,0,0

16:31:14.741 > mcnt:739,1312,1310,0,0

16:31:14.837 > mcnt:740,1312,1310,0,0

16:31:14.933 > mcnt:741,1312,1310,0,0

16:31:15.046 > mcnt:742,1312,1310,0,0

16:31:15.142 > mcnt:743,1312,1310,0,0

16:31:15.238 > mcnt:744,1312,1310,0,0

16:31:15.333 > mcnt:745,1312,1310,0,0

16:31:15.445 > mcnt:746,1312,1310,0,0

16:31:15.542 > mcnt:747,1312,1310,0,0

16:31:15.638 > mcnt:748,1312,1310,0,0

16:31:15.733 > mcnt:749,1312,1310,0,0

16:31:15.846 > mcnt:750,1312,1310,0,0

16:31:15.941 > mcnt:751,1312,1310,0,0

16:31:16.038 > mcnt:752,1312,1310,0,0

16:31:16.138 > mcnt:753,1312,1310,0,0

16:31:16.245 > mcnt:754,1312,1310,0,0

16:31:16.341 > mcnt:755,1312,1310,0,0

16:31:16.438 > mcnt:756,1312,1310,0,0

16:31:16.534 > mcnt:757,1312,1310,0,0

16:31:16.645 > mcnt:758,1312,1310,0,0

16:31:16.742 > mcnt:759,1312,1310,0,0

16:31:16.837 > mcnt:760,1312,1310,0,0

16:31:16.934 > mcnt:761,1312,1310,0,0

16:31:17.046 > mcnt:762,1312,1310,0,0

16:31:17.141 > mcnt:763,1312,1310,0,0

16:31:17.238 > mcnt:764,1312,1310,0,0

16:31:17.333 > mcnt:765,1312,1310,0,0

16:31:17.446 > mcnt:766,1312,1310,0,0

16:31:17.541 > mcnt:767,1312,1310,0,0

16:31:17.637 > mcnt:768,1312,1310,0,0

16:31:17.734 > mcnt:769,1312,1310,0,0

16:31:17.846 > mcnt:770,1312,1310,0,0

16:31:17.942 > mcnt:771,1312,1310,0,0

16:31:18.037 > mcnt:772,1312,1310,0,0

16:31:18.133 > mcnt:773,1312,1310,0,0

16:31:18.246 > mcnt:774,1312,1310,0,0

16:31:18.342 > mcnt:775,1312,1310,0,0

16:31:18.438 > mcnt:776,1312,1310,0,0

16:31:18.534 > mcnt:777,1312,1310,0,0

16:31:18.646 > mcnt:778,1312,1310,0,0

16:31:18.741 > mcnt:779,1312,1310,0,0

16:31:18.837 > mcnt:780,1312,1310,0,0

16:31:18.934 > mcnt:781,1312,1310,0,0

16:31:19.046 > mcnt:782,1312,1310,0,0

16:31:19.141 > mcnt:783,1312,1310,0,0

16:31:19.238 > mcnt:784,1312,1310,0,0

16:31:19.334 > mcnt:785,1312,1310,0,0

16:31:19.446 > mcnt:786,1312,1310,0,0

16:31:19.542 > mcnt:787,1312,1310,0,0

16:31:19.638 > mcnt:788,1312,1310,0,0

16:31:19.733 > mcnt:789,1312,1310,0,0

16:31:19.846 > mcnt:790,1312,1310,0,0

16:31:19.941 > mcnt:791,1312,1310,0,0

16:31:20.037 > mcnt:792,1312,1310,0,0

16:31:20.133 > mcnt:793,1312,1310,0,0

16:31:20.245 > mcnt:794,1312,1310,0,0

16:31:20.341 > mcnt:795,1312,1310,0,0

16:31:20.437 > mcnt:796,1312,1310,0,0

16:31:20.534 > mcnt:797,1312,1310,0,0

16:31:20.645 > mcnt:798,1312,1310,0,0

16:31:20.742 > mcnt:799,1312,1310,0,0

16:31:20.838 > mcnt:800,1312,1310,0,0

16:31:20.934 > mcnt:801,1312,1310,0,0

16:31:21.045 > mcnt:802,1312,1310,0,0

16:31:21.141 > mcnt:803,1312,1310,0,0

16:31:21.237 > mcnt:804,1312,1310,0,0

16:31:21.333 > mcnt:805,1312,1310,0,0

16:31:21.445 > mcnt:806,1312,1310,0,0

16:31:21.541 > mcnt:807,1312,1310,0,0

16:31:21.637 > mcnt:808,1312,1310,0,0

16:31:21.734 > mcnt:809,1312,1310,0,0

16:31:21.845 > mcnt:810,1312,1310,0,0

16:31:21.941 > mcnt:811,1312,1310,0,0

16:31:22.038 > mcnt:812,1312,1310,0,0

16:31:22.133 > mcnt:813,1312,1310,0,0

16:31:22.245 > mcnt:814,1312,1310,0,0

16:31:22.341 > mcnt:815,1312,1310,0,0

16:31:22.437 > mcnt:816,1312,1310,0,0

16:31:22.533 > mcnt:817,1312,1310,0,0

16:31:22.646 > mcnt:818,1312,1310,0,0

16:31:22.741 > mcnt:819,1312,1310,0,0

16:31:22.837 > mcnt:820,1312,1310,0,0

16:31:22.934 > mcnt:821,1312,1310,0,0

16:31:23.045 > mcnt:822,1312,1310,0,0

16:31:23.141 > mcnt:823,1312,1310,0,0

16:31:23.237 > mcnt:824,1312,1310,0,0

16:31:23.334 > mcnt:825,1312,1310,0,0

16:31:23.446 > mcnt:826,1312,1310,0,0

16:31:23.541 > mcnt:827,1312,1310,0,0

16:31:23.637 > mcnt:828,1312,1310,0,0

16:31:23.733 > mcnt:829,1312,1310,0,0

16:31:23.845 > mcnt:830,1312,1310,0,0

16:31:23.941 > mcnt:831,1312,1310,0,0

16:31:24.037 > mcnt:832,1312,1310,0,0

16:31:24.134 > mcnt:833,1312,1310,0,0

16:31:24.245 > mcnt:834,1312,1310,0,0

16:31:24.342 > mcnt:835,1312,1310,0,0

16:31:24.437 > mcnt:836,1312,1310,0,0

16:31:24.533 > mcnt:837,1312,1310,0,0

16:31:24.645 > mcnt:838,1312,1310,0,0

16:31:24.741 > mcnt:839,1312,1310,0,0

16:31:24.837 > mcnt:840,1312,1310,0,0

16:31:24.933 > mcnt:841,1312,1310,0,0

16:31:25.046 > mcnt:842,1312,1310,0,0

16:31:25.142 > mcnt:843,1312,1310,0,0

16:31:25.238 > mcnt:844,1312,1310,0,0

16:31:25.333 > mcnt:845,1312,1310,0,0

16:31:25.446 > mcnt:846,1312,1310,0,0

16:31:25.541 > mcnt:847,1312,1310,0,0

16:31:25.637 > mcnt:848,1312,1310,0,0

16:31:25.733 > mcnt:849,1312,1310,0,0

16:31:25.846 > mcnt:850,1312,1310,0,0

16:31:25.941 > mcnt:851,1312,1310,0,0

16:31:26.037 > mcnt:852,1312,1310,0,0

16:31:26.133 > mcnt:853,1312,1310,0,0

16:31:26.245 > mcnt:854,1312,1310,0,0

16:31:26.341 > mcnt:855,1312,1310,0,0

16:31:26.437 > mcnt:856,1312,1310,0,0

16:31:26.533 > mcnt:857,1312,1310,0,0

16:31:26.646 > mcnt:858,1312,1310,0,0

16:31:26.741 > mcnt:859,1312,1310,0,0

16:31:26.838 > mcnt:860,1312,1310,0,0

16:31:26.933 > mcnt:861,1312,1310,0,0

16:31:27.045 > mcnt:862,1312,1310,0,0

16:31:27.141 > mcnt:863,1312,1310,0,0

16:31:27.237 > mcnt:864,1312,1310,0,0

16:31:27.333 > mcnt:865,1312,1310,0,0

16:31:27.446 > mcnt:866,1312,1310,0,0

16:31:27.542 > mcnt:867,1312,1310,0,0

16:31:27.637 > mcnt:868,1312,1310,0,0

16:31:27.733 > mcnt:869,1312,1310,0,0

16:31:27.845 > mcnt:870,1312,1310,0,0

16:31:27.941 > mcnt:871,1312,1310,0,0

16:31:28.038 > mcnt:872,1312,1310,0,0

16:31:28.133 > mcnt:873,1312,1310,0,0

16:31:28.245 > mcnt:874,1312,1310,0,0

16:31:28.341 > mcnt:875,1312,1310,0,0

16:31:28.438 > mcnt:876,1312,1310,0,0

16:31:28.533 > mcnt:877,1312,1310,0,0

16:31:28.645 > mcnt:878,1312,1310,0,0

16:31:28.742 > mcnt:879,1312,1310,0,0

16:31:28.837 > mcnt:880,1312,1310,0,0

16:31:28.933 > mcnt:881,1312,1310,0,0

16:31:29.045 > mcnt:882,1312,1310,0,0

16:31:29.141 > mcnt:883,1312,1310,0,0

16:31:29.237 > mcnt:884,1312,1310,0,0

16:31:29.333 > mcnt:885,1312,1310,0,0

16:31:29.446 > mcnt:886,1312,1310,0,0

16:31:29.541 > mcnt:887,1312,1310,0,0

16:31:29.637 > mcnt:888,1312,1310,0,0

16:31:29.733 > mcnt:889,1312,1310,0,0

16:31:29.845 > mcnt:890,1312,1310,0,0

16:31:29.941 > mcnt:891,1312,1310,0,0

16:31:30.037 > mcnt:892,1312,1310,0,0

16:31:30.133 > mcnt:893,1312,1310,0,0

16:31:30.245 > mcnt:894,1312,1310,0,0

16:31:30.341 > mcnt:895,1312,1310,0,0

16:31:30.437 > mcnt:896,1312,1310,0,0

16:31:30.533 > mcnt:897,1312,1310,0,0

16:31:30.646 > mcnt:898,1312,1310,0,0

16:31:30.742 > mcnt:899,1312,1310,0,0

16:31:30.837 > mcnt:900,1312,1310,0,0

16:31:30.933 > mcnt:901,1312,1310,0,0

16:31:31.045 > mcnt:902,1312,1310,0,0

16:31:31.141 > mcnt:903,1312,1310,0,0

16:31:31.238 > mcnt:904,1312,1310,0,0

16:31:31.333 > mcnt:905,1312,1310,0,0

16:31:31.445 > mcnt:906,1312,1310,0,0

16:31:31.541 > mcnt:907,1312,1310,0,0

16:31:31.637 > mcnt:908,1312,1310,0,0

16:31:31.733 > mcnt:909,1312,1310,0,0

16:31:31.845 > mcnt:910,1312,1310,0,0

16:31:31.941 > mcnt:911,1312,1310,0,0

16:31:32.037 > mcnt:912,1312,1310,0,0

16:31:32.134 > mcnt:913,1312,1310,0,0

16:31:32.245 > mcnt:914,1312,1310,0,0

16:31:32.341 > mcnt:915,1312,1310,0,0

16:31:32.437 > mcnt:916,1312,1310,0,0

16:31:32.533 > mcnt:917,1312,1310,0,0

16:31:32.645 > mcnt:918,1312,1310,0,0

16:31:32.741 > mcnt:919,1312,1310,0,0

16:31:32.837 > mcnt:920,1312,1310,0,0

16:31:32.934 > mcnt:921,1312,1310,0,0

16:31:33.045 > mcnt:922,1312,1310,0,0

16:31:33.141 > mcnt:923,1312,1310,0,0

16:31:33.237 > mcnt:924,1312,1310,0,0

16:31:33.333 > mcnt:925,1312,1310,0,0

16:31:33.445 > mcnt:926,1312,1310,0,0

16:31:33.546 > mcnt:927,1312,1310,0,0

16:31:33.638 > mcnt:928,1312,1310,0,0

16:31:33.733 > mcnt:929,1312,1310,0,0

16:31:33.845 > mcnt:930,1312,1310,0,0

16:31:33.941 > mcnt:931,1312,1310,0,0

16:31:34.037 > mcnt:932,1312,1310,0,0

16:31:34.133 > mcnt:933,1312,1310,0,0

16:31:34.245 > mcnt:934,1312,1310,0,0

16:31:34.341 > mcnt:935,1312,1310,0,0

16:31:34.437 > mcnt:936,1312,1310,0,0

16:31:34.533 > mcnt:937,1312,1310,0,0

16:31:34.645 > mcnt:938,1312,1310,0,0

16:31:34.741 > mcnt:939,1312,1310,0,0

16:31:34.837 > mcnt:940,1312,1310,0,0

16:31:34.933 > mcnt:941,1312,1310,0,0

16:31:35.045 > mcnt:942,1312,1310,0,0

16:31:35.141 > mcnt:943,1312,1310,0,0

16:31:35.237 > mcnt:944,1312,1310,0,0

16:31:35.333 > mcnt:945,1312,1310,0,0

16:31:35.445 > mcnt:946,1312,1310,0,0

16:31:35.541 > mcnt:947,1312,1310,0,0

16:31:35.637 > mcnt:948,1312,1310,0,0

16:31:35.733 > mcnt:949,1312,1310,0,0

16:31:35.845 > mcnt:950,1312,1310,0,0

16:31:35.941 > mcnt:951,1312,1310,0,0

16:31:36.037 > mcnt:952,1312,1310,0,0

16:31:36.133 > mcnt:953,1312,1310,0,0

16:31:36.245 > mcnt:954,1312,1310,0,0

16:31:36.341 > mcnt:955,1312,1310,0,0

16:31:36.437 > mcnt:956,1312,1310,0,0

16:31:36.536 > mcnt:957,1312,1310,0,0

16:31:36.645 > mcnt:958,1312,1310,0,0

16:31:36.741 > mcnt:959,1312,1310,0,0

16:31:36.837 > mcnt:960,1312,1310,0,0

16:31:36.933 > mcnt:961,1312,1310,0,0

16:31:37.045 > mcnt:962,1312,1310,0,0

16:31:37.141 > mcnt:963,1312,1310,0,0

16:31:37.237 > mcnt:964,1312,1310,0,0

16:31:37.333 > mcnt:965,1312,1310,0,0

16:31:37.445 > mcnt:966,1312,1310,0,0

16:31:37.541 > mcnt:967,1312,1310,0,0

16:31:37.636 > mcnt:968,1312,1311,0,0

16:31:37.733 > mcnt:969,1312,1310,0,0

16:31:37.845 > mcnt:970,1312,1311,0,0

16:31:37.941 > mcnt:971,1312,1311,0,0

16:31:38.037 > mcnt:972,1312,1311,0,0

16:31:38.133 > mcnt:973,1312,1311,0,0

16:31:38.245 > mcnt:974,1312,1311,0,0

16:31:38.341 > mcnt:975,1312,1311,0,0

16:31:38.437 > mcnt:976,1312,1311,0,0

16:31:38.533 > mcnt:977,1312,1311,0,0

16:31:38.645 > mcnt:978,1312,1311,0,0

16:31:38.741 > mcnt:979,1312,1311,0,0

16:31:38.837 > mcnt:980,1312,1311,0,0

16:31:38.933 > mcnt:981,1312,1311,0,0

16:31:39.045 > mcnt:982,1312,1311,0,0

16:31:39.141 > mcnt:983,1312,1311,0,0

16:31:39.237 > mcnt:984,1312,1311,0,0

16:31:39.333 > mcnt:985,1312,1311,0,0

16:31:39.445 > mcnt:986,1312,1311,0,0

16:31:39.541 > mcnt:987,1312,1311,0,0

16:31:39.637 > mcnt:988,1312,1311,0,0

16:31:39.733 > mcnt:989,1312,1311,0,0

16:31:39.845 > mcnt:990,1312,1311,0,0

16:31:39.941 > mcnt:991,1312,1311,0,0

16:31:40.037 > mcnt:992,1312,1311,0,0

16:31:40.133 > mcnt:993,1312,1311,0,0

16:31:40.245 > mcnt:994,1312,1311,0,0

16:31:40.341 > mcnt:995,1312,1311,0,0

16:31:40.437 > mcnt:996,1312,1311,0,0

16:31:40.533 > mcnt:997,1312,1311,0,0

16:31:40.645 > mcnt:998,1312,1311,0,0

16:31:40.741 > mcnt:999,1312,1311,0,0

16:31:40.836 > mcnt:1000,1312,1311,0,0

16:31:40.933 > mcnt:1001,1312,1311,0,0

16:31:41.045 > mcnt:1002,1312,1311,0,0

16:31:41.141 > mcnt:1003,1312,1311,0,0

16:31:41.237 > mcnt:1004,1312,1311,0,0

16:31:41.333 > mcnt:1005,1312,1311,0,0

16:31:41.445 > mcnt:1006,1312,1311,0,0

16:31:41.541 > mcnt:1007,1312,1311,0,0

16:31:41.637 > mcnt:1008,1312,1311,0,0

16:31:41.733 > mcnt:1009,1312,1311,0,0

16:31:41.845 > mcnt:1010,1312,1311,0,0

16:31:41.941 > mcnt:1011,1312,1311,0,0

16:31:42.037 > mcnt:1012,1312,1311,0,0

16:31:42.133 > mcnt:1013,1312,1311,0,0

16:31:42.245 > mcnt:1014,1312,1311,0,0

16:31:42.341 > mcnt:1015,1312,1311,0,0

16:31:42.437 > mcnt:1016,1312,1311,0,0

16:31:42.533 > mcnt:1017,1312,1311,0,0

16:31:42.645 > mcnt:1018,1312,1311,0,0

16:31:42.741 > mcnt:1019,1312,1311,0,0

16:31:42.837 > mcnt:1020,1312,1311,0,0

16:31:42.933 > mcnt:1021,1312,1311,0,0

16:31:43.045 > mcnt:1022,1312,1311,0,0

16:31:43.141 > mcnt:1023,1312,1311,0,0

16:31:43.237 > mcnt:1024,1312,1312,0,0

16:31:43.333 > mcnt:1025,1312,1312,0,0

16:31:43.445 > mcnt:1026,1312,1312,0,0

16:31:43.541 > mcnt:1027,1312,1312,0,0

16:31:43.637 > mcnt:1028,1312,1311,0,0

16:31:43.733 > mcnt:1029,1312,1311,0,0

16:31:43.845 > mcnt:1030,1312,1312,0,0

16:31:43.941 > mcnt:1031,1312,1311,0,0

16:31:44.037 > mcnt:1032,1312,1312,0,0

16:31:44.133 > mcnt:1033,1312,1312,0,0

16:31:44.245 > mcnt:1034,1312,1312,0,0

16:31:44.341 > mcnt:1035,1312,1312,0,0

16:31:44.437 > mcnt:1036,1312,1312,0,0

16:31:44.533 > mcnt:1037,1312,1312,0,0

16:31:44.645 > mcnt:1038,1312,1312,0,0

16:31:44.741 > mcnt:1039,1312,1312,0,0

16:31:44.837 > mcnt:1040,1312,1312,0,0

16:31:44.933 > mcnt:1041,1312,1312,0,0

16:31:45.044 > mcnt:1042,1312,1312,0,0

16:31:45.141 > mcnt:1043,1312,1312,0,0

16:31:45.237 > mcnt:1044,1312,1312,0,0

16:31:45.333 > mcnt:1045,1312,1312,0,0

16:31:45.444 > mcnt:1046,1312,1312,0,0

16:31:45.541 > mcnt:1047,1312,1312,0,0

16:31:45.637 > mcnt:1048,1312,1312,0,0

16:31:45.733 > mcnt:1049,1312,1312,0,0

16:31:45.845 > mcnt:1050,1312,1312,0,0

16:31:45.941 > mcnt:1051,1312,1312,0,0

16:31:46.037 > mcnt:1052,1312,1312,0,0

16:31:46.132 > mcnt:1053,1312,1312,0,0

16:31:46.244 > mcnt:1054,1312,1312,0,0

16:31:46.341 > mcnt:1055,1312,1312,0,0

16:31:46.437 > mcnt:1056,1312,1312,0,0

16:31:46.533 > mcnt:1057,1312,1312,0,0

16:31:46.645 > mcnt:1058,1312,1312,0,0

16:31:46.741 > mcnt:1059,1312,1312,0,0

16:31:46.837 > mcnt:1060,1312,1312,0,0

16:31:46.932 > mcnt:1061,1312,1312,0,0

16:31:47.045 > mcnt:1062,1312,1312,0,0

16:31:47.141 > mcnt:1063,1312,1312,0,0

16:31:47.237 > mcnt:1064,1312,1312,0,0

16:31:47.333 > mcnt:1065,1312,1312,0,0

16:31:47.445 > mcnt:1066,1312,1312,0,0

16:31:47.540 > mcnt:1067,1312,1312,0,0

16:31:47.637 > mcnt:1068,1312,1312,0,0

16:31:47.733 > mcnt:1069,1312,1312,0,0

16:31:47.844 > mcnt:1070,1312,1312,0,0

16:31:47.940 > mcnt:1071,1312,1312,0,0

16:31:48.037 > mcnt:1072,1312,1312,0,0

16:31:48.132 > mcnt:1073,1312,1312,0,0

16:31:48.245 > mcnt:1074,1312,1312,0,0

16:31:48.341 > mcnt:1075,1312,1312,0,0

16:31:48.437 > mcnt:1076,1312,1312,0,0

16:31:48.533 > mcnt:1077,1312,1312,0,0

16:31:48.644 > mcnt:1078,1312,1312,0,0

16:31:48.741 > mcnt:1079,1312,1312,0,0

16:31:48.836 > mcnt:1080,1312,1312,0,0

16:31:48.933 > mcnt:1081,1312,1312,0,0

16:31:49.044 > mcnt:1082,1312,1312,0,0

16:31:49.141 > mcnt:1083,1312,1312,0,0

16:31:49.236 > mcnt:1084,1312,1312,0,0

16:31:49.333 > mcnt:1085,1312,1312,0,0

16:31:49.444 > mcnt:1086,1312,1312,0,0

16:31:49.541 > mcnt:1087,1312,1312,0,0

16:31:49.637 > mcnt:1088,1312,1312,0,0

16:31:49.732 > mcnt:1089,1312,1312,0,0

16:31:49.845 > mcnt:1090,1312,1312,0,0

16:31:49.941 > mcnt:1091,1312,1312,0,0

16:31:50.036 > mcnt:1092,1312,1312,0,0

16:31:50.133 > mcnt:1093,1312,1312,0,0

16:31:50.245 > mcnt:1094,1312,1312,0,0

16:31:50.340 > mcnt:1095,1313,1312,0,0

16:31:50.437 > mcnt:1096,1298,1296,0,0

16:31:50.533 > mcnt:1097,1269,1267,0,0

16:31:50.645 > mcnt:1098,1239,1238,0,0

16:31:50.740 > mcnt:1099,1219,1219,0,0

16:31:50.837 > mcnt:1100,1213,1213,0,0

16:31:50.933 > mcnt:1101,1213,1212,0,0

16:31:51.045 > mcnt:1102,1213,1212,0,0

16:31:51.140 > mcnt:1103,1190,1188,0,0

16:31:51.236 > mcnt:1104,1158,1157,0,0

16:31:51.333 > mcnt:1105,1157,1157,0,0

16:31:51.445 > mcnt:1106,1158,1157,0,0

16:31:51.541 > mcnt:1107,1130,1128,0,0

16:31:51.637 > mcnt:1108,1079,1076,0,0

16:31:51.733 > mcnt:1109,1067,1067,0,0

16:31:51.844 > mcnt:1110,1067,1067,0,0

16:31:51.940 > mcnt:1111,1053,1051,0,0

16:31:52.036 > mcnt:1112,1009,1007,0,0

16:31:52.132 > mcnt:1113,985,984,0,0

16:31:52.269 > mcnt:1114,985,984,0,0

16:31:52.341 > mcnt:1115,978,977,0,0

16:31:52.436 > mcnt:1116,952,951,0,0

16:31:52.533 > mcnt:1117,928,927,0,0

16:31:52.644 > mcnt:1118,928,927,0,0

16:31:52.741 > mcnt:1119,928,927,0,0

16:31:52.836 > mcnt:1120,928,928,0,0

16:31:52.932 > mcnt:1121,925,925,0,0

16:31:53.040 > mcnt:1122,922,922,0,0

16:31:53.133 > mcnt:1123,922,921,0,0

16:31:53.246 > mcnt:1124,922,921,0,0

16:31:53.341 > mcnt:1125,922,921,0,0

16:31:53.438 > mcnt:1126,921,920,0,0

16:31:53.533 > mcnt:1127,912,911,0,0

16:31:53.645 > mcnt:1128,902,901,0,0

16:31:53.741 > mcnt:1129,893,892,0,0

16:31:53.837 > mcnt:1130,880,879,0,0

16:31:53.934 > mcnt:1131,872,872,0,0

16:31:54.046 > mcnt:1132,872,872,0,0

16:31:54.141 > mcnt:1133,869,868,0,0

16:31:54.237 > mcnt:1134,842,840,0,0

16:31:54.334 > mcnt:1135,816,816,0,0

16:31:54.445 > mcnt:1136,816,815,0,0

16:31:54.542 > mcnt:1137,814,813,0,0

16:31:54.638 > mcnt:1138,788,787,0,0

16:31:54.734 > mcnt:1139,760,759,0,0

16:31:54.845 > mcnt:1140,756,756,0,0

16:31:54.941 > mcnt:1141,756,756,0,0

16:31:55.037 > mcnt:1142,755,755,0,0

16:31:55.134 > mcnt:1143,746,745,0,0

16:31:55.245 > mcnt:1144,728,727,0,0

16:31:55.342 > mcnt:1145,703,702,0,0

16:31:55.438 > mcnt:1146,700,699,0,0

16:31:55.534 > mcnt:1147,699,699,0,0

16:31:55.646 > mcnt:1148,688,687,0,0

16:31:55.741 > mcnt:1149,663,663,0,0

16:31:55.838 > mcnt:1150,655,655,0,0

16:31:55.934 > mcnt:1151,655,655,0,0

16:31:56.046 > mcnt:1152,655,655,0,0

16:31:56.142 > mcnt:1153,655,655,0,0

16:31:56.237 > mcnt:1154,653,653,0,0

16:31:56.333 > mcnt:1155,647,646,0,0

16:31:56.445 > mcnt:1156,636,635,0,0

16:31:56.542 > mcnt:1157,626,626,0,0

16:31:56.637 > mcnt:1158,622,622,0,0

16:31:56.734 > mcnt:1159,622,622,0,0

16:31:56.845 > mcnt:1160,622,622,0,0

16:31:56.942 > mcnt:1161,622,622,0,0

16:31:57.037 > mcnt:1162,620,620,0,0

16:31:57.134 > mcnt:1163,619,619,0,0

16:31:57.246 > mcnt:1164,619,619,0,0

16:31:57.341 > mcnt:1165,619,618,0,0

16:31:57.437 > mcnt:1166,611,610,0,0

16:31:57.534 > mcnt:1167,603,602,0,0

16:31:57.645 > mcnt:1168,598,598,0,0

16:31:57.741 > mcnt:1169,597,597,0,0

16:31:57.838 > mcnt:1170,597,597,0,0

16:31:57.934 > mcnt:1171,597,597,0,0

16:31:58.045 > mcnt:1172,589,588,0,0

16:31:58.141 > mcnt:1173,584,583,0,0

16:31:58.238 > mcnt:1174,583,583,0,0

16:31:58.334 > mcnt:1175,583,583,0,0

16:31:58.445 > mcnt:1176,580,579,0,0

16:31:58.541 > mcnt:1177,567,567,0,0

16:31:58.637 > mcnt:1178,567,566,0,0

16:31:58.734 > mcnt:1179,567,566,0,0

16:31:58.845 > mcnt:1180,566,566,0,0

16:31:58.942 > mcnt:1181,567,566,0,0

16:31:59.038 > mcnt:1182,567,566,0,0

16:31:59.134 > mcnt:1183,567,566,0,0

16:31:59.245 > mcnt:1184,567,566,0,0

16:31:59.341 > mcnt:1185,567,566,0,0

16:31:59.437 > mcnt:1186,567,566,0,0

16:31:59.534 > mcnt:1187,567,566,0,0

16:31:59.645 > mcnt:1188,567,566,0,0

16:31:59.742 > mcnt:1189,566,566,0,0

16:31:59.837 > mcnt:1190,566,566,0,0

16:31:59.933 > mcnt:1191,567,566,0,0

16:32:00.045 > mcnt:1192,566,566,0,0

16:32:00.141 > mcnt:1193,567,566,0,0

16:32:00.238 > mcnt:1194,567,566,0,0

16:32:00.334 > mcnt:1195,567,566,0,0

16:32:00.445 > mcnt:1196,566,566,0,0

16:32:00.541 > mcnt:1197,567,566,0,0

16:32:00.638 > mcnt:1198,566,566,0,0

16:32:00.733 > mcnt:1199,567,566,0,0

16:32:00.846 > mcnt:1200,567,566,0,0

16:32:00.941 > mcnt:1201,567,566,0,0

16:32:01.037 > mcnt:1202,566,566,0,0

16:32:01.134 > mcnt:1203,567,566,0,0

16:32:01.246 > mcnt:1204,567,566,0,0

16:32:01.341 > mcnt:1205,567,566,0,0

16:32:01.437 > mcnt:1206,567,566,0,0

16:32:01.533 > mcnt:1207,566,566,0,0

16:32:01.646 > mcnt:1208,567,566,0,0

16:32:01.741 > mcnt:1209,566,566,0,0

16:32:01.837 > mcnt:1210,567,566,0,0

16:32:01.934 > mcnt:1211,566,566,0,0

16:32:02.045 > mcnt:1212,567,566,0,0

16:32:02.142 > mcnt:1213,566,566,0,0

16:32:02.237 > mcnt:1214,566,566,0,0

16:32:02.333 > mcnt:1215,566,566,0,0

16:32:02.445 > mcnt:1216,567,566,0,0

16:32:02.541 > mcnt:1217,567,566,0,0

16:32:02.637 > mcnt:1218,566,566,0,0

16:32:02.733 > mcnt:1219,567,566,0,0

16:32:02.846 > mcnt:1220,566,566,0,0

16:32:02.941 > mcnt:1221,567,566,0,0

16:32:03.037 > mcnt:1222,567,566,0,0

16:32:03.133 > mcnt:1223,567,566,0,0

16:32:03.246 > mcnt:1224,566,566,0,0

16:32:03.341 > mcnt:1225,567,566,0,0

16:32:03.437 > mcnt:1226,567,566,0,0

16:32:03.533 > mcnt:1227,567,566,0,0

16:32:03.645 > mcnt:1228,566,566,0,0

16:32:03.741 > mcnt:1229,567,566,0,0

16:32:03.837 > mcnt:1230,567,566,0,0

16:32:03.933 > mcnt:1231,566,566,0,0

16:32:04.045 > mcnt:1232,567,566,0,0

16:32:04.141 > mcnt:1233,566,566,0,0

16:32:04.237 > mcnt:1234,566,566,0,0

16:32:04.334 > mcnt:1235,566,566,0,0

16:32:04.445 > mcnt:1236,566,566,0,0

16:32:04.541 > mcnt:1237,566,566,0,0

16:32:04.637 > mcnt:1238,566,566,0,0

16:32:04.734 > mcnt:1239,567,566,0,0

16:32:04.845 > mcnt:1240,566,566,0,0

16:32:04.941 > mcnt:1241,566,566,0,0

16:32:05.038 > mcnt:1242,566,566,0,0

16:32:05.133 > mcnt:1243,567,566,0,0

16:32:05.246 > mcnt:1244,566,566,0,0

16:32:05.342 > mcnt:1245,567,566,0,0

16:32:05.438 > mcnt:1246,567,566,0,0

16:32:05.534 > mcnt:1247,566,566,0,0

16:32:05.645 > mcnt:1248,566,566,0,0

16:32:05.742 > mcnt:1249,566,566,0,0

16:32:05.837 > mcnt:1250,567,566,0,0

16:32:05.933 > mcnt:1251,566,566,0,0

16:32:06.045 > mcnt:1252,566,566,0,0

16:32:06.141 > mcnt:1253,566,566,0,0

16:32:06.237 > mcnt:1254,566,566,0,0

16:32:06.333 > mcnt:1255,566,566,0,0

16:32:06.445 > mcnt:1256,566,566,0,0

16:32:06.542 > mcnt:1257,566,566,0,0

16:32:06.637 > mcnt:1258,566,566,0,0

16:32:06.733 > mcnt:1259,567,566,0,0

16:32:06.846 > mcnt:1260,567,566,0,0

16:32:06.942 > mcnt:1261,566,566,0,0

16:32:07.037 > mcnt:1262,566,566,0,0

16:32:07.134 > mcnt:1263,567,566,0,0

16:32:07.245 > mcnt:1264,567,566,0,0

16:32:07.342 > mcnt:1265,566,566,0,0

16:32:07.438 > mcnt:1266,566,566,0,0

16:32:07.533 > mcnt:1267,566,566,0,0

16:32:07.645 > mcnt:1268,566,566,0,0

16:32:07.741 > mcnt:1269,566,566,0,0

16:32:07.837 > mcnt:1270,566,566,0,0

16:32:07.933 > mcnt:1271,566,566,0,0

16:32:08.045 > mcnt:1272,567,566,0,0

16:32:08.141 > mcnt:1273,566,566,0,0

16:32:08.237 > mcnt:1274,567,566,0,0

16:32:08.334 > mcnt:1275,566,566,0,0

16:32:08.445 > mcnt:1276,566,566,0,0

16:32:08.541 > mcnt:1277,566,566,0,0

16:32:08.637 > mcnt:1278,566,566,0,0

16:32:08.733 > mcnt:1279,566,566,0,0

16:32:08.845 > mcnt:1280,566,566,0,0

16:32:08.942 > mcnt:1281,567,566,0,0

16:32:09.037 > mcnt:1282,566,566,0,0

16:32:09.134 > mcnt:1283,566,566,0,0

16:32:09.245 > mcnt:1284,566,566,0,0

16:32:09.341 > mcnt:1285,566,566,0,0

16:32:09.437 > mcnt:1286,566,566,0,0

16:32:09.534 > mcnt:1287,566,566,0,0

16:32:09.645 > mcnt:1288,566,566,0,0

16:32:09.741 > mcnt:1289,566,566,0,0

16:32:09.837 > mcnt:1290,566,566,0,0

16:32:09.933 > mcnt:1291,566,566,0,0

16:32:10.045 > mcnt:1292,566,566,0,0

16:32:10.142 > mcnt:1293,566,566,0,0

16:32:10.237 > mcnt:1294,566,566,0,0

16:32:10.333 > mcnt:1295,566,566,0,0

16:32:10.445 > mcnt:1296,566,566,0,0

16:32:10.541 > mcnt:1297,566,566,0,0

16:32:10.637 > mcnt:1298,566,566,0,0

16:32:10.733 > mcnt:1299,566,566,0,0

16:32:10.845 > mcnt:1300,566,566,0,0

16:32:10.941 > mcnt:1301,566,566,0,0

16:32:11.037 > mcnt:1302,566,566,0,0

16:32:11.133 > mcnt:1303,566,566,0,0

16:32:11.245 > mcnt:1304,566,566,0,0

16:32:11.342 > mcnt:1305,566,566,0,0

16:32:11.437 > mcnt:1306,566,566,0,0

16:32:11.533 > mcnt:1307,566,566,0,0

16:32:11.645 > mcnt:1308,566,566,0,0

16:32:11.741 > mcnt:1309,566,566,0,0

16:32:11.837 > mcnt:1310,566,566,0,0

16:32:11.933 > mcnt:1311,566,566,0,0

16:32:12.045 > mcnt:1312,566,566,0,0

16:32:12.141 > mcnt:1313,566,566,0,0

16:32:12.237 > mcnt:1314,566,566,0,0

16:32:12.333 > mcnt:1315,566,566,0,0

16:32:12.445 > mcnt:1316,566,566,0,0

16:32:12.541 > mcnt:1317,566,566,0,0

16:32:12.638 > mcnt:1318,566,566,0,0

16:32:12.734 > mcnt:1319,566,566,0,0

16:32:12.846 > mcnt:1320,566,566,0,0

16:32:12.941 > mcnt:1321,566,566,0,0

16:32:13.037 > mcnt:1322,566,566,0,0

16:32:13.133 > mcnt:1323,566,566,0,0

16:32:13.245 > mcnt:1324,566,566,0,0

16:32:13.341 > mcnt:1325,566,566,0,0

16:32:13.437 > mcnt:1326,566,566,0,0

16:32:13.533 > mcnt:1327,566,566,0,0

16:32:13.645 > mcnt:1328,566,566,0,0

16:32:13.742 > mcnt:1329,566,566,0,0

16:32:13.839 > mcnt:1330,566,566,0,0

16:32:13.933 > mcnt:1331,566,566,0,0

16:32:14.046 > mcnt:1332,566,566,0,0

16:32:14.141 > mcnt:1333,566,566,0,0

16:32:14.237 > mcnt:1334,566,566,0,0

16:32:14.333 > mcnt:1335,566,566,0,0

16:32:14.445 > mcnt:1336,566,566,0,0

16:32:14.541 > mcnt:1337,566,566,0,0

16:32:14.637 > mcnt:1338,566,566,0,0

16:32:14.734 > mcnt:1339,566,566,0,0

16:32:14.845 > mcnt:1340,566,566,0,0

16:32:14.941 > mcnt:1341,566,566,0,0

16:32:15.037 > mcnt:1342,566,566,0,0

16:32:15.133 > mcnt:1343,566,566,0,0

16:32:15.245 > mcnt:1344,566,566,0,0

16:32:15.341 > mcnt:1345,566,566,0,0

16:32:15.437 > mcnt:1346,566,566,0,0

16:32:15.533 > mcnt:1347,566,566,0,0

16:32:15.645 > mcnt:1348,566,566,0,0

16:32:15.741 > mcnt:1349,566,566,0,0

16:32:15.838 > mcnt:1350,566,566,0,0

16:32:15.933 > mcnt:1351,566,566,0,0

16:32:16.045 > mcnt:1352,566,566,0,0

16:32:16.141 > mcnt:1353,566,566,0,0

16:32:16.237 > mcnt:1354,566,566,0,0

16:32:16.333 > mcnt:1355,566,566,0,0

16:32:16.445 > mcnt:1356,566,566,0,0

16:32:16.541 > mcnt:1357,566,566,0,0

16:32:16.637 > mcnt:1358,566,566,0,0

16:32:16.733 > mcnt:1359,566,566,0,0

16:32:16.845 > mcnt:1360,566,566,0,0

16:32:16.941 > mcnt:1361,566,566,0,0

16:32:17.037 > mcnt:1362,566,566,0,0

16:32:17.134 > mcnt:1363,566,566,0,0

16:32:17.245 > mcnt:1364,566,566,0,0

16:32:17.341 > mcnt:1365,566,566,0,0

16:32:17.437 > mcnt:1366,566,566,0,0

16:32:17.533 > mcnt:1367,566,566,0,0

16:32:17.645 > mcnt:1368,566,566,0,0

16:32:17.741 > mcnt:1369,566,566,0,0

16:32:17.837 > mcnt:1370,566,566,0,0

16:32:17.933 > mcnt:1371,566,566,0,0

16:32:18.045 > mcnt:1372,566,566,0,0

16:32:18.141 > mcnt:1373,566,566,0,0

16:32:18.237 > mcnt:1374,566,566,0,0

16:32:18.333 > mcnt:1375,566,566,0,0

16:32:18.445 > mcnt:1376,566,566,0,0

16:32:18.541 > mcnt:1377,566,566,0,0

16:32:18.637 > mcnt:1378,566,566,0,0

16:32:18.733 > mcnt:1379,566,566,0,0

16:32:18.845 > mcnt:1380,566,566,0,0

16:32:18.941 > mcnt:1381,566,566,0,0

16:32:19.037 > mcnt:1382,566,566,0,0

16:32:19.133 > mcnt:1383,566,566,0,0

16:32:19.245 > mcnt:1384,566,566,0,0

16:32:19.341 > mcnt:1385,566,566,0,0

16:32:19.437 > mcnt:1386,566,566,0,0

16:32:19.533 > mcnt:1387,566,566,0,0

16:32:19.645 > mcnt:1388,566,566,0,0

16:32:19.741 > mcnt:1389,566,566,0,0

16:32:19.837 > mcnt:1390,566,566,0,0

16:32:19.933 > mcnt:1391,566,566,0,0

16:32:20.045 > mcnt:1392,566,566,0,0

16:32:20.141 > mcnt:1393,566,566,0,0

16:32:20.237 > mcnt:1394,566,566,0,0

16:32:20.333 > mcnt:1395,566,566,0,0

16:32:20.445 > mcnt:1396,566,566,0,0

16:32:20.541 > mcnt:1397,566,566,0,0

16:32:20.636 > mcnt:1398,566,566,0,0

16:32:20.733 > mcnt:1399,566,566,0,0

16:32:20.845 > mcnt:1400,566,566,0,0

16:32:20.941 > mcnt:1401,566,566,0,0

16:32:21.037 > mcnt:1402,566,566,0,0

16:32:21.133 > mcnt:1403,566,566,0,0

16:32:21.245 > mcnt:1404,566,566,0,0

16:32:21.341 > mcnt:1405,566,566,0,0

16:32:21.437 > mcnt:1406,566,566,0,0

16:32:21.533 > mcnt:1407,566,566,0,0

16:32:21.645 > mcnt:1408,566,566,0,0

16:32:21.741 > mcnt:1409,566,566,0,0

16:32:21.837 > mcnt:1410,566,566,0,0

16:32:21.933 > mcnt:1411,566,566,0,0

16:32:22.045 > mcnt:1412,566,566,0,0

16:32:22.141 > mcnt:1413,566,566,0,0

16:32:22.237 > mcnt:1414,566,566,0,0

16:32:22.333 > mcnt:1415,566,566,0,0

16:32:22.446 > mcnt:1416,566,566,0,0

16:32:22.541 > mcnt:1417,566,566,0,0

16:32:22.637 > mcnt:1418,566,566,0,0

16:32:22.732 > mcnt:1419,566,566,0,0

16:32:22.845 > mcnt:1420,566,566,0,0

16:32:22.941 > mcnt:1421,566,566,0,0

16:32:23.037 > mcnt:1422,566,566,0,0

16:32:23.133 > mcnt:1423,566,566,0,0

16:32:23.245 > mcnt:1424,566,566,0,0

16:32:23.341 > mcnt:1425,566,566,0,0

16:32:23.437 > mcnt:1426,566,566,0,0

16:32:23.533 > mcnt:1427,566,566,0,0

16:32:23.644 > mcnt:1428,566,566,0,0

16:32:23.741 > mcnt:1429,566,566,0,0

16:32:23.837 > mcnt:1430,566,566,0,0

16:32:23.933 > mcnt:1431,566,566,0,0

16:32:24.045 > mcnt:1432,566,566,0,0

16:32:24.140 > mcnt:1433,566,566,0,0

16:32:24.237 > mcnt:1434,566,566,0,0

16:32:24.333 > mcnt:1435,566,566,0,0

16:32:24.445 > mcnt:1436,566,566,0,0

16:32:24.541 > mcnt:1437,566,566,0,0

16:32:24.636 > mcnt:1438,566,566,0,0

16:32:24.732 > mcnt:1439,566,566,0,0

16:32:24.845 > mcnt:1440,566,566,0,0

16:32:24.941 > mcnt:1441,566,566,0,0

16:32:25.037 > mcnt:1442,566,566,0,0

16:32:25.133 > mcnt:1443,566,566,0,0

16:32:25.245 > mcnt:1444,566,566,0,0

16:32:25.341 > mcnt:1445,566,566,0,0

16:32:25.436 > mcnt:1446,566,566,0,0

16:32:25.533 > mcnt:1447,566,566,0,0

16:32:25.645 > mcnt:1448,566,566,0,0

16:32:25.747 > mcnt:1449,566,566,0,0

16:32:25.837 > mcnt:1450,566,566,0,0

16:32:25.933 > mcnt:1451,566,566,0,0

16:32:26.045 > mcnt:1452,566,566,0,0

16:32:26.141 > mcnt:1453,566,566,0,0

16:32:26.237 > mcnt:1454,566,566,0,0

16:32:26.333 > mcnt:1455,566,566,0,0

16:32:26.445 > mcnt:1456,566,566,0,0

16:32:26.541 > mcnt:1457,566,566,0,0

16:32:26.636 > mcnt:1458,566,566,0,0

16:32:26.733 > mcnt:1459,566,566,0,0

16:32:26.845 > mcnt:1460,566,566,0,0

16:32:26.941 > mcnt:1461,566,566,0,0

16:32:27.036 > mcnt:1462,566,566,0,0

16:32:27.133 > mcnt:1463,566,566,0,0

16:32:27.244 > mcnt:1464,566,566,0,0

16:32:27.341 > mcnt:1465,566,566,0,0

16:32:27.437 > mcnt:1466,566,566,0,0

16:32:27.533 > mcnt:1467,566,566,0,0

16:32:27.645 > mcnt:1468,566,566,0,0

16:32:27.740 > mcnt:1469,566,566,0,0

16:32:27.837 > mcnt:1470,566,566,0,0

16:32:27.933 > mcnt:1471,566,566,0,0

16:32:28.045 > mcnt:1472,566,566,0,0

16:32:28.141 > mcnt:1473,566,566,0,0

16:32:28.237 > mcnt:1474,566,566,0,0

16:32:28.333 > mcnt:1475,566,566,0,0

16:32:28.445 > mcnt:1476,566,566,0,0

16:32:28.541 > mcnt:1477,566,566,0,0

16:32:28.636 > mcnt:1478,566,566,0,0

16:32:28.733 > mcnt:1479,566,566,0,0

16:32:28.845 > mcnt:1480,566,566,0,0

16:32:28.941 > mcnt:1481,566,566,0,0

16:32:29.037 > mcnt:1482,566,566,0,0

16:32:29.133 > mcnt:1483,566,566,0,0

16:32:29.245 > mcnt:1484,566,566,0,0

16:32:29.341 > mcnt:1485,566,566,0,0

16:32:29.437 > mcnt:1486,566,566,0,0

16:32:29.533 > mcnt:1487,566,566,0,0

16:32:29.645 > mcnt:1488,566,566,0,0

16:32:29.741 > mcnt:1489,566,566,0,0

16:32:29.837 > mcnt:1490,566,566,0,0

16:32:29.932 > mcnt:1491,566,566,0,0

16:32:30.044 > mcnt:1492,566,566,0,0

16:32:30.141 > mcnt:1493,566,566,0,0

16:32:30.237 > mcnt:1494,566,566,0,0

16:32:30.333 > mcnt:1495,566,566,0,0

16:32:30.445 > mcnt:1496,566,566,0,0

16:32:30.540 > mcnt:1497,566,566,0,0

16:32:30.637 > mcnt:1498,566,566,0,0

16:32:30.733 > mcnt:1499,566,566,0,0

16:32:30.845 > mcnt:1500,566,566,0,0

16:32:30.941 > mcnt:1501,566,566,0,0

16:32:31.037 > mcnt:1502,566,566,0,0

16:32:31.133 > mcnt:1503,566,566,0,0

16:32:31.244 > mcnt:1504,566,566,0,0

16:32:31.340 > mcnt:1505,566,566,0,0

16:32:31.436 > mcnt:1506,566,566,0,0

16:32:31.533 > mcnt:1507,566,566,0,0

16:32:31.645 > mcnt:1508,566,566,0,0

16:32:31.741 > mcnt:1509,566,566,0,0

16:32:31.837 > mcnt:1510,566,566,0,0

16:32:31.932 > mcnt:1511,566,566,0,0

16:32:32.044 > mcnt:1512,566,566,0,0

16:32:32.141 > mcnt:1513,566,566,0,0

16:32:32.237 > mcnt:1514,566,566,0,0

16:32:32.332 > mcnt:1515,566,566,0,0

16:32:32.445 > mcnt:1516,566,566,0,0

16:32:32.541 > mcnt:1517,566,566,0,0

16:32:32.636 > mcnt:1518,566,566,0,0

16:32:32.732 > mcnt:1519,566,566,0,0

16:32:32.844 > mcnt:1520,566,566,0,0

16:32:32.941 > mcnt:1521,566,566,0,0

16:32:33.036 > mcnt:1522,566,566,0,0

16:32:33.133 > mcnt:1523,566,566,0,0

16:32:33.244 > mcnt:1524,566,566,0,0

16:32:33.340 > mcnt:1525,566,566,0,0

16:32:33.436 > mcnt:1526,566,566,0,0

16:32:33.532 > mcnt:1527,566,566,0,0

16:32:33.645 > mcnt:1528,566,566,0,0

16:32:33.740 > mcnt:1529,566,566,0,0

16:32:33.837 > mcnt:1530,566,566,0,0

16:32:33.932 > mcnt:1531,566,566,0,0

16:32:34.044 > mcnt:1532,566,566,0,0

16:32:34.140 > mcnt:1533,566,566,0,0

16:32:34.237 > mcnt:1534,566,566,0,0

16:32:34.333 > mcnt:1535,566,566,0,0

16:32:34.445 > mcnt:1536,566,566,0,0

16:32:34.540 > mcnt:1537,566,566,0,0

16:32:34.637 > mcnt:1538,566,566,0,0

16:32:34.733 > mcnt:1539,566,566,0,0

16:32:34.845 > mcnt:1540,566,566,0,0

16:32:34.941 > mcnt:1541,566,566,0,0

16:32:35.037 > mcnt:1542,566,566,0,0

16:32:35.133 > mcnt:1543,566,566,0,0

16:32:35.244 > mcnt:1544,566,566,0,0

16:32:35.341 > mcnt:1545,566,566,0,0

16:32:35.437 > mcnt:1546,566,566,0,0

16:32:35.532 > mcnt:1547,566,566,0,0

16:32:35.645 > mcnt:1548,566,566,0,0

16:32:35.740 > mcnt:1549,566,566,0,0

16:32:35.836 > mcnt:1550,566,566,0,0

16:32:35.949 > mcnt:1551,566,566,0,0

16:32:36.045 > mcnt:1552,566,566,0,0

16:32:36.140 > mcnt:1553,566,566,0,0

16:32:36.236 > mcnt:1554,566,566,0,0

16:32:36.332 > mcnt:1555,566,566,0,0

16:32:36.445 > mcnt:1556,566,566,0,0

16:32:36.540 > mcnt:1557,566,566,0,0

16:32:36.636 > mcnt:1558,566,566,0,0

16:32:36.733 > mcnt:1559,566,566,0,0

16:32:36.845 > mcnt:1560,566,566,0,0

16:32:36.957 > mcnt:1561,566,566,0,0

16:32:37.036 > mcnt:1562,566,566,0,0

16:32:37.133 > mcnt:1563,566,566,0,0

16:32:37.245 > mcnt:1564,566,566,0,0

16:32:37.340 > mcnt:1565,566,566,0,0

16:32:37.436 > mcnt:1566,566,566,0,0

16:32:37.532 > mcnt:1567,566,566,0,0

16:32:37.645 > mcnt:1568,566,566,0,0

16:32:37.740 > mcnt:1569,566,566,0,0

16:32:37.837 > mcnt:1570,566,566,0,0

16:32:37.932 > mcnt:1571,566,566,0,0

16:32:38.045 > mcnt:1572,566,566,0,0

16:32:38.141 > mcnt:1573,566,566,0,0

16:32:38.236 > mcnt:1574,566,566,0,0

16:32:38.333 > mcnt:1575,566,566,0,0

16:32:38.444 > mcnt:1576,566,566,0,0

16:32:38.540 > mcnt:1577,566,566,0,0

16:32:38.637 > mcnt:1578,566,566,0,0

16:32:38.733 > mcnt:1579,566,566,0,0

16:32:38.845 > mcnt:1580,566,566,0,0

16:32:38.940 > mcnt:1581,566,566,0,0

16:32:39.037 > mcnt:1582,566,566,0,0

16:32:39.133 > mcnt:1583,566,566,0,0

16:32:39.245 > mcnt:1584,566,566,0,0

16:32:39.341 > mcnt:1585,566,566,0,0

16:32:39.436 > mcnt:1586,566,566,0,0

16:32:39.532 > mcnt:1587,566,566,0,0

16:32:39.645 > mcnt:1588,566,566,0,0

16:32:39.740 > mcnt:1589,566,566,0,0

16:32:39.836 > mcnt:1590,566,566,0,0

16:32:39.932 > mcnt:1591,566,566,0,0

16:32:40.044 > mcnt:1592,566,566,0,0

16:32:40.141 > mcnt:1593,566,566,0,0

16:32:40.237 > mcnt:1594,566,566,0,0

16:32:40.333 > mcnt:1595,566,566,0,0

16:32:40.444 > mcnt:1596,566,566,0,0

16:32:40.541 > mcnt:1597,566,566,0,0

16:32:40.636 > mcnt:1598,566,566,0,0

16:32:40.732 > mcnt:1599,566,566,0,0

16:32:40.845 > mcnt:1600,566,566,0,0

16:32:40.941 > mcnt:1601,566,566,0,0

16:32:41.036 > mcnt:1602,566,566,0,0

16:32:41.132 > mcnt:1603,566,566,0,0

16:32:41.244 > mcnt:1604,566,566,0,0

16:32:41.341 > mcnt:1605,566,566,0,0

16:32:41.437 > mcnt:1606,566,566,0,0

16:32:41.533 > mcnt:1607,566,566,0,0

16:32:41.645 > mcnt:1608,566,566,0,0

16:32:41.741 > mcnt:1609,566,566,0,0

16:32:41.836 > mcnt:1610,566,566,0,0

16:32:41.932 > mcnt:1611,566,566,0,0

16:32:42.045 > mcnt:1612,566,566,0,0

16:32:42.141 > mcnt:1613,566,566,0,0

16:32:42.236 > mcnt:1614,566,566,0,0

16:32:42.332 > mcnt:1615,566,566,0,0

16:32:42.444 > mcnt:1616,566,566,0,0

16:32:42.541 > mcnt:1617,566,566,0,0

16:32:42.637 > mcnt:1618,566,566,0,0

16:32:42.732 > mcnt:1619,566,566,0,0

16:32:42.844 > mcnt:1620,566,566,0,0

16:32:42.941 > mcnt:1621,566,566,0,0

16:32:43.037 > mcnt:1622,566,566,0,0

16:32:43.132 > mcnt:1623,566,566,0,0

16:32:43.245 > mcnt:1624,566,566,0,0

16:32:43.340 > mcnt:1625,566,566,0,0

16:32:43.436 > mcnt:1626,566,566,0,0

16:32:43.532 > mcnt:1627,566,566,0,0

16:32:43.645 > mcnt:1628,566,566,0,0

16:32:43.740 > mcnt:1629,566,566,0,0

16:32:43.837 > mcnt:1630,566,566,0,0

16:32:43.933 > mcnt:1631,566,566,0,0

16:32:44.045 > mcnt:1632,566,566,0,0

16:32:44.140 > mcnt:1633,566,566,0,0

16:32:44.236 > mcnt:1634,566,566,0,0

16:32:44.333 > mcnt:1635,566,566,0,0

16:32:44.445 > mcnt:1636,566,566,0,0

16:32:44.540 > mcnt:1637,566,566,0,0

16:32:44.637 > mcnt:1638,566,566,0,0

16:32:44.733 > mcnt:1639,566,566,0,0

16:32:44.844 > mcnt:1640,566,566,0,0

16:32:44.941 > mcnt:1641,566,566,0,0

16:32:45.037 > mcnt:1642,566,566,0,0

16:32:45.132 > mcnt:1643,566,566,0,0

16:32:45.244 > mcnt:1644,566,566,0,0

16:32:45.340 > mcnt:1645,566,566,0,0

16:32:45.436 > mcnt:1646,566,566,0,0

16:32:45.532 > mcnt:1647,566,566,0,0

16:32:45.644 > mcnt:1648,566,566,0,0

16:32:45.741 > mcnt:1649,566,566,0,0

16:32:45.836 > mcnt:1650,566,566,0,0

16:32:45.932 > mcnt:1651,566,566,0,0

16:32:46.044 > mcnt:1652,566,566,0,0

16:32:46.140 > mcnt:1653,566,566,0,0

16:32:46.237 > mcnt:1654,566,566,0,0

16:32:46.332 > mcnt:1655,566,566,0,0

16:32:46.444 > mcnt:1656,566,566,0,0

16:32:46.540 > mcnt:1657,566,566,0,0

16:32:46.637 > mcnt:1658,566,566,0,0

16:32:46.732 > mcnt:1659,566,566,0,0

16:32:46.844 > mcnt:1660,566,566,0,0

16:32:46.940 > mcnt:1661,566,566,0,0

16:32:47.036 > mcnt:1662,566,566,0,0

16:32:47.133 > mcnt:1663,566,566,0,0

16:32:47.244 > mcnt:1664,566,566,0,0

16:32:47.340 > mcnt:1665,566,566,0,0

16:32:47.436 > mcnt:1666,566,566,0,0

16:32:47.532 > mcnt:1667,566,566,0,0

16:32:47.645 > mcnt:1668,566,566,0,0

16:32:47.740 > mcnt:1669,566,566,0,0

16:32:47.836 > mcnt:1670,566,566,0,0

16:32:47.932 > mcnt:1671,566,566,0,0

16:32:48.044 > mcnt:1672,566,566,0,0

16:32:48.140 > mcnt:1673,566,566,0,0

16:32:48.236 > mcnt:1674,566,566,0,0

16:32:48.332 > mcnt:1675,566,566,0,0

16:32:48.444 > mcnt:1676,566,566,0,0

16:32:48.541 > mcnt:1677,566,566,0,0

16:32:48.636 > mcnt:1678,566,566,0,0

16:32:48.749 > mcnt:1679,566,566,0,0

16:32:48.844 > mcnt:1680,566,566,0,0

16:32:48.941 > mcnt:1681,566,566,0,0

16:32:49.036 > mcnt:1682,566,566,0,0

16:32:49.132 > mcnt:1683,566,566,0,0

16:32:49.245 > mcnt:1684,566,566,0,0

16:32:49.340 > mcnt:1685,566,566,0,0

16:32:49.436 > mcnt:1686,566,566,0,0

16:32:49.532 > mcnt:1687,566,566,0,0

16:32:49.644 > mcnt:1688,566,566,0,0

16:32:49.741 > mcnt:1689,566,566,0,0

16:32:49.836 > mcnt:1690,566,566,0,0

16:32:49.933 > mcnt:1691,566,566,0,0

16:32:50.044 > mcnt:1692,566,566,0,0

16:32:50.140 > mcnt:1693,566,566,0,0

16:32:50.236 > mcnt:1694,566,566,0,0

16:32:50.333 > mcnt:1695,566,566,0,0

16:32:50.444 > mcnt:1696,566,566,0,0

16:32:50.540 > mcnt:1697,566,566,0,0

16:32:50.636 > mcnt:1698,566,566,0,0

16:32:50.733 > mcnt:1699,566,566,0,0

16:32:50.844 > mcnt:1700,566,566,0,0

16:32:50.940 > mcnt:1701,566,566,0,0

16:32:51.037 > mcnt:1702,566,566,0,0

16:32:51.148 > mcnt:1703,566,566,0,0

16:32:51.244 > mcnt:1704,566,566,0,0

16:32:51.341 > mcnt:1705,566,566,0,0

16:32:51.437 > mcnt:1706,566,566,0,0

16:32:51.533 > mcnt:1707,566,566,0,0

16:32:51.644 > mcnt:1708,566,566,0,0

16:32:51.740 > mcnt:1709,566,566,0,0

16:32:51.837 > mcnt:1710,566,566,0,0

16:32:51.933 > mcnt:1711,566,566,0,0

16:32:52.044 > mcnt:1712,566,566,0,0

16:32:52.140 > mcnt:1713,566,566,0,0

16:32:52.236 > mcnt:1714,566,566,0,0

16:32:52.332 > mcnt:1715,566,566,0,0

16:32:52.444 > mcnt:1716,566,566,0,0

16:32:52.540 > mcnt:1717,566,566,0,0

16:32:52.636 > mcnt:1718,566,566,0,0

16:32:52.732 > mcnt:1719,566,566,0,0

16:32:52.844 > mcnt:1720,566,566,0,0

16:32:52.940 > mcnt:1721,566,566,0,0

16:32:53.036 > mcnt:1722,566,566,0,0

16:32:53.132 > mcnt:1723,566,566,0,0

16:32:53.244 > mcnt:1724,566,566,0,0

16:32:53.340 > mcnt:1725,566,566,0,0

16:32:53.436 > mcnt:1726,566,566,0,0

16:32:53.532 > mcnt:1727,566,566,0,0

16:32:53.644 > mcnt:1728,566,566,0,0

16:32:53.740 > mcnt:1729,566,566,0,0

16:32:53.836 > mcnt:1730,566,566,0,0

16:32:53.932 > mcnt:1731,566,566,0,0

16:32:54.044 > mcnt:1732,566,566,0,0

16:32:54.141 > mcnt:1733,566,566,0,0

16:32:54.236 > mcnt:1734,566,566,0,0

16:32:54.332 > mcnt:1735,566,566,0,0

16:32:54.445 > mcnt:1736,566,566,0,0

16:32:54.540 > mcnt:1737,566,566,0,0

16:32:54.636 > mcnt:1738,566,565,0,0

16:32:54.732 > mcnt:1739,566,566,0,0

16:32:54.844 > mcnt:1740,566,566,0,0

16:32:54.940 > mcnt:1741,566,565,0,0

16:32:55.037 > mcnt:1742,566,565,0,0

16:32:55.133 > mcnt:1743,566,565,0,0

16:32:55.244 > mcnt:1744,566,565,0,0

16:32:55.340 > mcnt:1745,566,565,0,0

16:32:55.436 > mcnt:1746,566,565,0,0

16:32:55.532 > mcnt:1747,566,565,0,0

16:32:55.644 > mcnt:1748,566,565,0,0

16:32:55.740 > mcnt:1749,566,565,0,0

16:32:55.836 > mcnt:1750,566,565,0,0

16:32:55.932 > mcnt:1751,566,565,0,0

16:32:56.044 > mcnt:1752,566,565,0,0

16:32:56.141 > mcnt:1753,566,565,0,0

16:32:56.237 > mcnt:1754,566,565,0,0

16:32:56.332 > mcnt:1755,566,565,0,0

16:32:56.444 > mcnt:1756,566,565,0,0

16:32:56.540 > mcnt:1757,566,565,0,0

16:32:56.637 > mcnt:1758,566,565,0,0

16:32:56.733 > mcnt:1759,566,565,0,0

16:32:56.844 > mcnt:1760,566,565,0,0

16:32:56.940 > mcnt:1761,566,565,0,0

16:32:57.036 > mcnt:1762,566,565,0,0

16:32:57.148 > mcnt:1763,566,565,0,0

16:32:57.244 > mcnt:1764,566,565,0,0

16:32:57.340 > mcnt:1765,566,565,0,0

16:32:57.436 > mcnt:1766,566,565,0,0

16:32:57.548 > mcnt:1767,566,565,0,0

16:32:57.644 > mcnt:1768,566,565,0,0

16:32:57.741 > mcnt:1769,566,565,0,0

16:32:57.836 > mcnt:1770,566,565,0,0

16:32:57.932 > mcnt:1771,566,565,0,0

16:32:58.044 > mcnt:1772,566,565,0,0

16:32:58.140 > mcnt:1773,566,565,0,0

16:32:58.236 > mcnt:1774,566,565,0,0

16:32:58.332 > mcnt:1775,566,565,0,0

16:32:58.444 > mcnt:1776,566,565,0,0

16:32:58.540 > mcnt:1777,566,565,0,0

16:32:58.636 > mcnt:1778,566,565,0,0

16:32:58.732 > mcnt:1779,566,565,0,0

16:32:58.843 > mcnt:1780,566,565,0,0

16:32:58.940 > mcnt:1781,566,565,0,0

16:32:59.036 > mcnt:1782,566,565,0,0

16:32:59.148 > mcnt:1783,566,565,0,0

16:32:59.244 > mcnt:1784,566,565,0,0

16:32:59.340 > mcnt:1785,566,565,0,0

16:32:59.436 > mcnt:1786,566,565,0,0

16:32:59.548 > mcnt:1787,566,565,0,0

16:32:59.644 > mcnt:1788,566,565,0,0

16:32:59.740 > mcnt:1789,566,565,0,0

16:32:59.841 > mcnt:1790,566,565,0,0

16:32:59.948 > mcnt:1791,566,565,0,0

16:33:00.044 > mcnt:1792,566,565,0,0

16:33:00.140 > mcnt:1793,566,565,0,0

16:33:00.236 > mcnt:1794,566,565,0,0

16:33:00.348 > mcnt:1795,566,565,0,0

16:33:00.453 > mcnt:1796,566,565,0,0

16:33:00.540 > mcnt:1797,566,565,0,0

16:33:00.636 > mcnt:1798,566,565,0,0

16:33:00.748 > mcnt:1799,566,565,0,0

16:33:00.844 > mcnt:1800,566,565,0,0

16:33:00.939 > mcnt:1801,566,565,0,0

16:33:01.036 > mcnt:1802,566,565,0,0

16:33:01.148 > mcnt:1803,566,565,0,0

16:33:01.244 > mcnt:1804,566,565,0,0

16:33:01.339 > mcnt:1805,566,565,0,0

16:33:01.436 > mcnt:1806,566,565,0,0

16:33:01.548 > mcnt:1807,566,565,0,0

16:33:01.644 > mcnt:1808,566,565,0,0

16:33:01.740 > mcnt:1809,566,565,0,0

16:33:01.836 > mcnt:1810,566,565,0,0

16:33:01.948 > mcnt:1811,566,565,0,0

16:33:02.044 > mcnt:1812,566,565,0,0

16:33:02.140 > mcnt:1813,566,565,0,0

16:33:02.236 > mcnt:1814,566,565,0,0

16:33:02.348 > mcnt:1815,566,565,0,0

16:33:02.444 > mcnt:1816,566,565,0,0

16:33:02.540 > mcnt:1817,566,565,0,0

16:33:02.636 > mcnt:1818,566,565,0,0

16:33:02.748 > mcnt:1819,566,565,0,0

16:33:02.844 > mcnt:1820,566,565,0,0

16:33:02.940 > mcnt:1821,566,565,0,0

16:33:03.036 > mcnt:1822,566,565,0,0

16:33:03.148 > mcnt:1823,566,565,0,0

16:33:03.243 > mcnt:1824,566,565,0,0

16:33:03.340 > mcnt:1825,566,565,0,0

16:33:03.435 > mcnt:1826,566,565,0,0

16:33:03.548 > mcnt:1827,566,565,0,0

16:33:03.644 > mcnt:1828,566,565,0,0

16:33:03.740 > mcnt:1829,566,565,0,0

16:33:03.836 > mcnt:1830,566,565,0,0

16:33:03.948 > mcnt:1831,566,565,0,0

16:33:04.043 > mcnt:1832,566,565,0,0

16:33:04.140 > mcnt:1833,566,565,0,0

16:33:04.236 > mcnt:1834,566,565,0,0

16:33:04.348 > mcnt:1835,566,565,0,0

16:33:04.444 > mcnt:1836,566,565,0,0

16:33:04.540 > mcnt:1837,566,565,0,0

16:33:04.636 > mcnt:1838,566,565,0,0

16:33:04.747 > mcnt:1839,566,565,0,0

16:33:04.844 > mcnt:1840,566,565,0,0

16:33:04.940 > mcnt:1841,566,565,0,0

16:33:05.036 > mcnt:1842,566,565,0,0

16:33:05.148 > mcnt:1843,566,565,0,0

16:33:05.244 > mcnt:1844,566,565,0,0

16:33:05.340 > mcnt:1845,566,565,0,0

16:33:05.436 > mcnt:1846,566,565,0,0

16:33:05.548 > mcnt:1847,566,565,0,0

16:33:05.644 > mcnt:1848,566,565,0,0

16:33:05.740 > mcnt:1849,566,565,0,0

16:33:05.836 > mcnt:1850,566,565,0,0

16:33:05.948 > mcnt:1851,566,565,0,0

16:33:06.044 > mcnt:1852,566,565,0,0

16:33:06.140 > mcnt:1853,566,565,0,0

16:33:06.236 > mcnt:1854,566,565,0,0

16:33:06.348 > mcnt:1855,566,565,0,0

16:33:06.444 > mcnt:1856,566,565,0,0

16:33:06.540 > mcnt:1857,566,565,0,0

16:33:06.636 > mcnt:1858,566,565,0,0

16:33:06.747 > mcnt:1859,566,565,0,0

16:33:06.844 > mcnt:1860,566,565,0,0

16:33:06.940 > mcnt:1861,566,565,0,0

16:33:07.036 > mcnt:1862,566,565,0,0

16:33:07.148 > mcnt:1863,566,565,0,0

16:33:07.244 > mcnt:1864,566,565,0,0

16:33:07.340 > mcnt:1865,566,565,0,0

16:33:07.436 > mcnt:1866,566,565,0,0

16:33:07.548 > mcnt:1867,566,565,0,0

16:33:07.644 > mcnt:1868,566,565,0,0

16:33:07.744 > mcnt:1869,566,565,0,0

16:33:07.836 > mcnt:1870,566,565,0,0

16:33:07.947 > mcnt:1871,566,565,0,0

16:33:08.044 > mcnt:1872,566,565,0,0

16:33:08.140 > mcnt:1873,566,565,0,0

16:33:08.236 > mcnt:1874,566,565,0,0

16:33:08.348 > mcnt:1875,566,565,0,0

16:33:08.444 > mcnt:1876,566,565,0,0

16:33:08.540 > mcnt:1877,566,565,0,0

16:33:08.636 > mcnt:1878,566,565,0,0

16:33:08.748 > mcnt:1879,566,565,0,0

16:33:08.844 > mcnt:1880,566,565,0,0

16:33:08.940 > mcnt:1881,566,565,0,0

16:33:09.036 > mcnt:1882,566,565,0,0

16:33:09.148 > mcnt:1883,566,565,0,0

16:33:09.244 > mcnt:1884,566,565,0,0

16:33:09.340 > mcnt:1885,566,565,0,0

16:33:09.436 > mcnt:1886,566,565,0,0

16:33:09.548 > mcnt:1887,566,565,0,0

16:33:09.644 > mcnt:1888,566,565,0,0

16:33:09.740 > mcnt:1889,566,565,0,0

16:33:09.835 > mcnt:1890,566,565,0,0

16:33:09.947 > mcnt:1891,566,565,0,0

16:33:10.044 > mcnt:1892,566,565,0,0

16:33:10.140 > mcnt:1893,566,565,0,0

16:33:10.236 > mcnt:1894,566,565,0,0

16:33:10.348 > mcnt:1895,566,565,0,0

16:33:10.444 > mcnt:1896,566,565,0,0

16:33:10.540 > mcnt:1897,566,565,0,0

16:33:10.636 > mcnt:1898,566,565,0,0

16:33:10.748 > mcnt:1899,566,565,0,0

16:33:10.854 > mcnt:1900,566,565,0,0

16:33:10.940 > mcnt:1901,566,565,0,0

16:33:11.035 > mcnt:1902,566,565,0,0

16:33:11.147 > mcnt:1903,566,565,0,0

16:33:11.243 > mcnt:1904,566,565,0,0

16:33:11.340 > mcnt:1905,566,566,0,0

16:33:11.436 > mcnt:1906,566,566,0,0

16:33:11.548 > mcnt:1907,566,566,0,0

16:33:11.644 > mcnt:1908,566,565,0,0

16:33:11.740 > mcnt:1909,566,566,0,0

16:33:11.836 > mcnt:1910,566,566,0,0

16:33:11.947 > mcnt:1911,566,566,0,0

16:33:12.053 > mcnt:1912,566,566,0,0

16:33:12.140 > mcnt:1913,566,566,0,0

16:33:12.236 > mcnt:1914,566,566,0,0

16:33:12.347 > mcnt:1915,566,566,0,0

16:33:12.444 > mcnt:1916,566,566,0,0

16:33:12.540 > mcnt:1917,566,566,0,0

16:33:12.636 > mcnt:1918,566,566,0,0

16:33:12.747 > mcnt:1919,566,566,0,0

16:33:12.844 > mcnt:1920,566,566,0,0

16:33:12.939 > mcnt:1921,566,566,0,0

16:33:13.036 > mcnt:1922,566,566,0,0

16:33:13.148 > mcnt:1923,566,566,0,0

16:33:13.244 > mcnt:1924,566,566,0,0

16:33:13.340 > mcnt:1925,566,566,0,0

16:33:13.436 > mcnt:1926,566,566,0,0

16:33:13.547 > mcnt:1927,566,566,0,0

16:33:13.644 > mcnt:1928,566,566,0,0

16:33:13.740 > mcnt:1929,566,566,0,0

16:33:13.835 > mcnt:1930,566,566,0,0

16:33:13.948 > mcnt:1931,566,566,0,0

16:33:14.044 > mcnt:1932,566,566,0,0

16:33:14.140 > mcnt:1933,566,566,0,0

16:33:14.236 > mcnt:1934,566,566,0,0

16:33:14.348 > mcnt:1935,566,566,0,0

16:33:14.444 > mcnt:1936,566,566,0,0

16:33:14.540 > mcnt:1937,566,566,0,0

16:33:14.636 > mcnt:1938,566,566,0,0

16:33:14.748 > mcnt:1939,566,566,0,0

16:33:14.844 > mcnt:1940,566,566,0,0

16:33:14.940 > mcnt:1941,566,566,0,0

16:33:15.036 > mcnt:1942,566,566,0,0

16:33:15.148 > mcnt:1943,566,566,0,0

16:33:15.244 > mcnt:1944,566,566,0,0

16:33:15.340 > mcnt:1945,566,566,0,0

16:33:15.436 > mcnt:1946,566,566,0,0

16:33:15.547 > mcnt:1947,566,566,0,0

16:33:15.643 > mcnt:1948,566,566,0,0

16:33:15.739 > mcnt:1949,566,566,0,0

16:33:15.836 > mcnt:1950,566,566,0,0

16:33:15.948 > mcnt:1951,566,566,0,0

16:33:16.044 > mcnt:1952,566,566,0,0

16:33:16.140 > mcnt:1953,566,566,0,0

16:33:16.236 > mcnt:1954,566,566,0,0

16:33:16.347 > mcnt:1955,566,566,0,0

16:33:16.443 > mcnt:1956,566,566,0,0

16:33:16.540 > mcnt:1957,566,566,0,0

16:33:16.635 > mcnt:1958,566,566,0,0

16:33:16.748 > mcnt:1959,566,566,0,0

16:33:16.843 > mcnt:1960,566,566,0,0

16:33:16.939 > mcnt:1961,566,566,0,0

16:33:17.036 > mcnt:1962,566,566,0,0

16:33:17.148 > mcnt:1963,566,566,0,0

16:33:17.244 > mcnt:1964,566,566,0,0

16:33:17.339 > mcnt:1965,566,566,0,0

16:33:17.435 > mcnt:1966,566,566,0,0

16:33:17.548 > mcnt:1967,566,566,0,0

16:33:17.644 > mcnt:1968,566,566,0,0

16:33:17.739 > mcnt:1969,566,566,0,0

16:33:17.835 > mcnt:1970,566,566,0,0

16:33:17.947 > mcnt:1971,566,566,0,0

16:33:18.044 > mcnt:1972,566,566,0,0

16:33:18.140 > mcnt:1973,566,566,0,0

16:33:18.236 > mcnt:1974,566,566,0,0

16:33:18.348 > mcnt:1975,566,566,0,0

16:33:18.444 > mcnt:1976,566,566,0,0

16:33:18.539 > mcnt:1977,566,566,0,0

16:33:18.636 > mcnt:1978,566,566,0,0

16:33:18.747 > mcnt:1979,566,566,0,0

16:33:18.844 > mcnt:1980,566,566,0,0

16:33:18.940 > mcnt:1981,566,566,0,0

16:33:19.036 > mcnt:1982,566,566,0,0

16:33:19.147 > mcnt:1983,566,566,0,0

16:33:19.243 > mcnt:1984,566,566,0,0

16:33:19.340 > mcnt:1985,566,566,0,0

16:33:19.435 > mcnt:1986,566,566,0,0

16:33:19.548 > mcnt:1987,566,566,0,0

16:33:19.644 > mcnt:1988,566,566,0,0

16:33:19.739 > mcnt:1989,566,566,0,0

16:33:19.835 > mcnt:1990,566,566,0,0

16:33:19.947 > mcnt:1991,566,566,0,0

16:33:20.044 > mcnt:1992,566,566,0,0

16:33:20.140 > mcnt:1993,566,566,0,0

16:33:20.236 > mcnt:1994,566,566,0,0

16:33:20.348 > mcnt:1995,566,566,0,0

16:33:20.443 > mcnt:1996,566,566,0,0

16:33:20.539 > mcnt:1997,566,566,0,0

16:33:20.638 > mcnt:1998,566,566,0,0

16:33:20.748 > mcnt:1999,566,566,0,0

16:33:20.844 > mcnt:2000,566,566,0,0

16:33:20.939 > mcnt:2001,566,566,0,0

16:33:21.036 > mcnt:2002,566,566,0,0

16:33:21.148 > mcnt:2003,566,566,0,0

16:33:21.243 > mcnt:2004,566,566,0,0

16:33:21.339 > mcnt:2005,566,566,0,0

16:33:21.436 > mcnt:2006,566,566,0,0

16:33:21.548 > mcnt:2007,566,566,0,0

16:33:21.644 > mcnt:2008,566,566,0,0

16:33:21.739 > mcnt:2009,566,566,0,0

16:33:21.836 > mcnt:2010,566,566,0,0

16:33:21.947 > mcnt:2011,566,566,0,0

16:33:22.044 > mcnt:2012,566,566,0,0

16:33:22.139 > mcnt:2013,566,566,0,0

16:33:22.236 > mcnt:2014,566,566,0,0

16:33:22.348 > mcnt:2015,566,566,0,0

16:33:22.443 > mcnt:2016,566,566,0,0

16:33:22.539 > mcnt:2017,566,566,0,0

16:33:22.635 > mcnt:2018,566,566,0,0

16:33:22.747 > mcnt:2019,566,566,0,0

16:33:22.844 > mcnt:2020,566,566,0,0

16:33:22.940 > mcnt:2021,566,566,0,0

16:33:23.035 > mcnt:2022,566,566,0,0

16:33:23.147 > mcnt:2023,566,566,0,0

16:33:23.243 > mcnt:2024,566,566,0,0

16:33:23.339 > mcnt:2025,566,566,0,0

16:33:23.436 > mcnt:2026,566,566,0,0

16:33:23.547 > mcnt:2027,566,566,0,0

16:33:23.644 > mcnt:2028,566,566,0,0

16:33:23.739 > mcnt:2029,566,566,0,0

16:33:23.835 > mcnt:2030,566,566,0,0

16:33:23.947 > mcnt:2031,566,566,0,0

16:33:24.043 > mcnt:2032,566,566,0,0

16:33:24.140 > mcnt:2033,566,566,0,0

16:33:24.235 > mcnt:2034,566,566,0,0

16:33:24.348 > mcnt:2035,566,566,0,0

16:33:24.443 > mcnt:2036,566,566,0,0

16:33:24.539 > mcnt:2037,566,566,0,0

16:33:24.635 > mcnt:2038,566,566,0,0

16:33:24.748 > mcnt:2039,566,566,0,0

16:33:24.843 > mcnt:2040,566,566,0,0

16:33:24.940 > mcnt:2041,566,566,0,0

16:33:25.035 > mcnt:2042,566,566,0,0

16:33:25.148 > mcnt:2043,566,566,0,0

16:33:25.243 > mcnt:2044,566,566,0,0

16:33:25.340 > mcnt:2045,566,566,0,0

16:33:25.435 > mcnt:2046,566,566,0,0

16:33:25.548 > mcnt:2047,566,566,0,0

16:33:25.644 > mcnt:2048,566,566,0,0

16:33:25.739 > mcnt:2049,566,566,0,0

16:33:25.835 > mcnt:2050,566,566,0,0

16:33:25.947 > mcnt:2051,566,566,0,0

16:33:26.058 > mcnt:2052,566,566,0,0

16:33:26.140 > mcnt:2053,566,566,0,0

16:33:26.236 > mcnt:2054,566,566,0,0

16:33:26.348 > mcnt:2055,566,566,0,0

16:33:26.444 > mcnt:2056,566,566,0,0

16:33:26.540 > mcnt:2057,566,566,0,0

16:33:26.635 > mcnt:2058,566,566,0,0

16:33:26.748 > mcnt:2059,566,566,0,0

16:33:26.843 > mcnt:2060,566,566,0,0

16:33:26.940 > mcnt:2061,566,566,0,0

16:33:27.035 > mcnt:2062,566,566,0,0

16:33:27.148 > mcnt:2063,566,566,0,0

16:33:27.243 > mcnt:2064,566,566,0,0

16:33:27.340 > mcnt:2065,566,566,0,0

16:33:27.435 > mcnt:2066,566,566,0,0

16:33:27.548 > mcnt:2067,566,566,0,0

16:33:27.644 > mcnt:2068,566,566,0,0

16:33:27.740 > mcnt:2069,566,566,0,0

16:33:27.836 > mcnt:2070,566,566,0,0

16:33:27.947 > mcnt:2071,566,566,0,0

16:33:28.043 > mcnt:2072,566,566,0,0

16:33:28.140 > mcnt:2073,566,566,0,0

16:33:28.236 > mcnt:2074,566,566,0,0

16:33:28.348 > mcnt:2075,566,566,0,0

16:33:28.443 > mcnt:2076,566,566,0,0

16:33:28.540 > mcnt:2077,566,566,0,0

16:33:28.635 > mcnt:2078,566,566,0,0

16:33:28.748 > mcnt:2079,566,566,0,0

16:33:28.843 > mcnt:2080,566,566,0,0

16:33:28.940 > mcnt:2081,566,566,0,0

16:33:29.035 > mcnt:2082,566,566,0,0

16:33:29.148 > mcnt:2083,566,566,0,0

16:33:29.243 > mcnt:2084,566,566,0,0

16:33:29.339 > mcnt:2085,566,566,0,0

16:33:29.436 > mcnt:2086,566,566,0,0

16:33:29.548 > mcnt:2087,566,566,0,0

16:33:29.643 > mcnt:2088,566,566,0,0

16:33:29.740 > mcnt:2089,566,566,0,0

16:33:29.835 > mcnt:2090,566,566,0,0

16:33:29.947 > mcnt:2091,566,566,0,0

16:33:30.044 > mcnt:2092,566,566,0,0

16:33:30.140 > mcnt:2093,566,566,0,0

16:33:30.236 > mcnt:2094,566,566,0,0

16:33:30.348 > mcnt:2095,566,565,0,0

16:33:30.444 > mcnt:2096,566,566,0,0

16:33:30.540 > mcnt:2097,566,566,0,0

16:33:30.636 > mcnt:2098,566,565,0,0

16:33:30.748 > mcnt:2099,566,565,0,0

16:33:30.844 > mcnt:2100,566,565,0,0

16:33:30.939 > mcnt:2101,566,565,0,0

16:33:31.035 > mcnt:2102,566,565,0,0

16:33:31.147 > mcnt:2103,566,565,0,0

16:33:31.243 > mcnt:2104,566,565,0,0

16:33:31.339 > mcnt:2105,566,565,0,0

16:33:31.435 > mcnt:2106,566,565,0,0

16:33:31.548 > mcnt:2107,566,565,0,0

16:33:31.644 > mcnt:2108,566,565,0,0

16:33:31.739 > mcnt:2109,566,565,0,0

16:33:31.836 > mcnt:2110,566,565,0,0

16:33:31.947 > mcnt:2111,566,565,0,0

16:33:32.043 > mcnt:2112,566,565,0,0

16:33:32.140 > mcnt:2113,566,565,0,0

16:33:32.236 > mcnt:2114,566,565,0,0

16:33:32.347 > mcnt:2115,566,565,0,0

16:33:32.443 > mcnt:2116,566,565,0,0

16:33:32.539 > mcnt:2117,566,565,0,0

16:33:32.635 > mcnt:2118,566,565,0,0

16:33:32.748 > mcnt:2119,566,565,0,0

16:33:32.844 > mcnt:2120,566,565,0,0

16:33:32.940 > mcnt:2121,566,565,0,0

16:33:33.035 > mcnt:2122,566,565,0,0

16:33:33.148 > mcnt:2123,566,565,0,0

16:33:33.244 > mcnt:2124,566,565,0,0

16:33:33.339 > mcnt:2125,566,565,0,0

16:33:33.435 > mcnt:2126,566,565,0,0

16:33:33.547 > mcnt:2127,566,565,0,0

16:33:33.644 > mcnt:2128,566,565,0,0

16:33:33.739 > mcnt:2129,566,565,0,0

16:33:33.836 > mcnt:2130,566,565,0,0

16:33:33.948 > mcnt:2131,566,565,0,0

16:33:34.043 > mcnt:2132,566,565,0,0

16:33:34.140 > mcnt:2133,566,565,0,0

16:33:34.235 > mcnt:2134,566,565,0,0

16:33:34.347 > mcnt:2135,566,565,0,0

16:33:34.444 > mcnt:2136,566,565,0,0

16:33:34.539 > mcnt:2137,566,565,0,0

16:33:34.635 > mcnt:2138,566,565,0,0

16:33:34.747 > mcnt:2139,566,565,0,0

16:33:34.852 > mcnt:2140,566,565,0,0

16:33:34.939 > mcnt:2141,566,565,0,0

16:33:35.035 > mcnt:2142,566,565,0,0

16:33:35.147 > mcnt:2143,566,565,0,0

16:33:35.243 > mcnt:2144,566,565,0,0

16:33:35.339 > mcnt:2145,566,565,0,0

16:33:35.436 > mcnt:2146,566,565,0,0

16:33:35.547 > mcnt:2147,566,565,0,0

16:33:35.644 > mcnt:2148,566,565,0,0

16:33:35.739 > mcnt:2149,566,565,0,0

16:33:35.835 > mcnt:2150,566,565,0,0

16:33:35.947 > mcnt:2151,566,565,0,0

16:33:36.043 > mcnt:2152,566,565,0,0

16:33:36.139 > mcnt:2153,566,565,0,0

16:33:36.236 > mcnt:2154,566,565,0,0

16:33:36.348 > mcnt:2155,566,565,0,0

16:33:36.443 > mcnt:2156,566,565,0,0

16:33:36.539 > mcnt:2157,566,565,0,0

16:33:36.636 > mcnt:2158,566,565,0,0

16:33:36.747 > mcnt:2159,566,565,0,0

16:33:36.844 > mcnt:2160,566,565,0,0

16:33:36.939 > mcnt:2161,566,565,0,0

16:33:37.035 > mcnt:2162,566,565,0,0

16:33:37.147 > mcnt:2163,566,565,0,0

16:33:37.243 > mcnt:2164,566,565,0,0

16:33:37.339 > mcnt:2165,566,565,0,0

16:33:37.436 > mcnt:2166,566,565,0,0

16:33:37.547 > mcnt:2167,566,565,0,0

16:33:37.644 > mcnt:2168,566,565,0,0

16:33:37.739 > mcnt:2169,566,565,0,0

16:33:37.836 > mcnt:2170,566,565,0,0

16:33:37.947 > mcnt:2171,566,565,0,0

16:33:38.043 > mcnt:2172,566,565,0,0

16:33:38.139 > mcnt:2173,566,565,0,0

16:33:38.235 > mcnt:2174,566,565,0,0

16:33:38.337 > mcnt:2175,566,565,0,0

16:33:38.443 > mcnt:2176,566,565,0,0

16:33:38.539 > mcnt:2177,566,565,0,0

16:33:38.636 > mcnt:2178,566,565,0,0

16:33:38.747 > mcnt:2179,566,565,0,0

16:33:38.844 > mcnt:2180,566,565,0,0

16:33:38.939 > mcnt:2181,566,565,0,0

16:33:39.036 > mcnt:2182,566,565,0,0

16:33:39.147 > mcnt:2183,566,565,0,0

16:33:39.243 > mcnt:2184,566,565,0,0

16:33:39.339 > mcnt:2185,566,565,0,0

16:33:39.435 > mcnt:2186,566,565,0,0

16:33:39.547 > mcnt:2187,566,565,0,0

16:33:39.644 > mcnt:2188,566,565,0,0

16:33:39.739 > mcnt:2189,566,565,0,0

16:33:39.835 > mcnt:2190,566,565,0,0

16:33:39.947 > mcnt:2191,566,565,0,0

16:33:40.044 > mcnt:2192,566,565,0,0

16:33:40.139 > mcnt:2193,566,565,0,0

16:33:40.236 > mcnt:2194,566,565,0,0

16:33:40.347 > mcnt:2195,566,565,0,0

16:33:40.444 > mcnt:2196,566,565,0,0

16:33:40.539 > mcnt:2197,566,565,0,0

16:33:40.635 > mcnt:2198,566,565,0,0

16:33:40.747 > mcnt:2199,566,565,0,0

16:33:40.843 > mcnt:2200,566,565,0,0

16:33:40.940 > mcnt:2201,566,565,0,0

16:33:41.035 > mcnt:2202,566,565,0,0

16:33:41.147 > mcnt:2203,566,565,0,0

16:33:41.244 > mcnt:2204,566,565,0,0

16:33:41.339 > mcnt:2205,566,565,0,0

16:33:41.435 > mcnt:2206,566,565,0,0

16:33:41.547 > mcnt:2207,566,565,0,0

16:33:41.643 > mcnt:2208,566,565,0,0

16:33:41.739 > mcnt:2209,566,565,0,0

16:33:41.835 > mcnt:2210,566,565,0,0

16:33:41.947 > mcnt:2211,566,565,0,0

16:33:42.043 > mcnt:2212,566,565,0,0

16:33:42.140 > mcnt:2213,566,565,0,0

16:33:42.235 > mcnt:2214,566,565,0,0

16:33:42.347 > mcnt:2215,566,565,0,0

16:33:42.443 > mcnt:2216,566,565,0,0

16:33:42.539 > mcnt:2217,566,565,0,0

16:33:42.635 > mcnt:2218,566,565,0,0

16:33:42.747 > mcnt:2219,566,565,0,0

16:33:42.844 > mcnt:2220,566,565,0,0

16:33:42.939 > mcnt:2221,566,565,0,0

16:33:43.036 > mcnt:2222,566,565,0,0

16:33:43.147 > mcnt:2223,566,565,0,0

16:33:43.243 > mcnt:2224,566,565,0,0

16:33:43.339 > mcnt:2225,566,565,0,0

16:33:43.435 > mcnt:2226,566,566,0,0

16:33:43.547 > mcnt:2227,566,566,0,0

16:33:43.643 > mcnt:2228,566,566,0,0

16:33:43.739 > mcnt:2229,566,566,0,0

16:33:43.835 > mcnt:2230,566,566,0,0

16:33:43.947 > mcnt:2231,566,566,0,0

16:33:44.043 > mcnt:2232,566,566,0,0

16:33:44.139 > mcnt:2233,566,566,0,0

16:33:44.235 > mcnt:2234,566,566,0,0

16:33:44.348 > mcnt:2235,566,566,0,0

16:33:44.443 > mcnt:2236,566,566,0,0

16:33:44.540 > mcnt:2237,566,566,0,0

16:33:44.635 > mcnt:2238,566,566,0,0

16:33:44.747 > mcnt:2239,566,566,0,0

16:33:44.843 > mcnt:2240,566,566,0,0

16:33:44.939 > mcnt:2241,566,566,0,0

16:33:45.035 > mcnt:2242,566,566,0,0

16:33:45.147 > mcnt:2243,566,566,0,0

16:33:45.243 > mcnt:2244,566,566,0,0

16:33:45.339 > mcnt:2245,566,566,0,0

16:33:45.434 > mcnt:2246,566,566,0,0

16:33:45.547 > mcnt:2247,566,566,0,0

16:33:45.643 > mcnt:2248,566,566,0,0

16:33:45.739 > mcnt:2249,566,566,0,0

16:33:45.835 > mcnt:2250,566,566,0,0

16:33:45.947 > mcnt:2251,566,566,0,0

16:33:46.043 > mcnt:2252,566,566,0,0

16:33:46.139 > mcnt:2253,566,566,0,0

16:33:46.235 > mcnt:2254,566,566,0,0

16:33:46.347 > mcnt:2255,566,566,0,0

16:33:46.443 > mcnt:2256,566,566,0,0

16:33:46.539 > mcnt:2257,566,566,0,0

16:33:46.635 > mcnt:2258,566,566,0,0

16:33:46.747 > mcnt:2259,566,566,0,0

16:33:46.843 > mcnt:2260,566,566,0,0

16:33:46.938 > mcnt:2261,566,566,0,0

16:33:47.036 > mcnt:2262,566,566,0,0

16:33:47.147 > mcnt:2263,566,566,0,0

16:33:47.243 > mcnt:2264,566,566,0,0

16:33:47.354 > mcnt:2265,566,566,0,0

16:33:47.435 > mcnt:2266,566,566,0,0

16:33:47.548 > mcnt:2267,566,566,0,0

16:33:47.643 > mcnt:2268,566,566,0,0

16:33:47.740 > mcnt:2269,566,566,0,0

16:33:47.835 > mcnt:2270,566,566,0,0

16:33:47.947 > mcnt:2271,566,566,0,0

16:33:48.043 > mcnt:2272,566,566,0,0

16:33:48.140 > mcnt:2273,566,566,0,0

16:33:48.235 > mcnt:2274,566,566,0,0

16:33:48.346 > mcnt:2275,566,566,0,0

16:33:48.444 > mcnt:2276,566,566,0,0

16:33:48.539 > mcnt:2277,566,566,0,0

16:33:48.635 > mcnt:2278,566,566,0,0

16:33:48.747 > mcnt:2279,566,566,0,0

16:33:48.843 > mcnt:2280,566,566,0,0

16:33:48.939 > mcnt:2281,566,566,0,0

16:33:49.035 > mcnt:2282,566,566,0,0

16:33:49.147 > mcnt:2283,566,566,0,0

16:33:49.243 > mcnt:2284,566,566,0,0

16:33:49.339 > mcnt:2285,566,566,0,0

16:33:49.435 > mcnt:2286,566,566,0,0

16:33:49.547 > mcnt:2287,566,566,0,0

16:33:49.643 > mcnt:2288,566,566,0,0

16:33:49.739 > mcnt:2289,566,566,0,0

16:33:49.835 > mcnt:2290,566,566,0,0

16:33:49.947 > mcnt:2291,566,566,0,0

16:33:50.043 > mcnt:2292,566,566,0,0

16:33:50.139 > mcnt:2293,566,566,0,0

16:33:50.235 > mcnt:2294,566,566,0,0

16:33:50.348 > mcnt:2295,566,566,0,0

16:33:50.443 > mcnt:2296,566,566,0,0

16:33:50.539 > mcnt:2297,566,566,0,0

16:33:50.635 > mcnt:2298,566,566,0,0

16:33:50.747 > mcnt:2299,566,566,0,0

16:33:50.843 > mcnt:2300,566,566,0,0

16:33:50.939 > mcnt:2301,566,566,0,0

16:33:51.035 > mcnt:2302,566,566,0,0

16:33:51.148 > mcnt:2303,566,566,0,0

16:33:51.243 > mcnt:2304,566,566,0,0

16:33:51.340 > mcnt:2305,566,566,0,0

16:33:51.435 > mcnt:2306,566,566,0,0

16:33:51.547 > mcnt:2307,566,566,0,0

16:33:51.644 > mcnt:2308,566,566,0,0

16:33:51.739 > mcnt:2309,566,566,0,0

16:33:51.835 > mcnt:2310,566,566,0,0

16:33:51.947 > mcnt:2311,566,566,0,0

16:33:52.043 > mcnt:2312,566,566,0,0

16:33:52.139 > mcnt:2313,566,566,0,0

16:33:52.234 > mcnt:2314,566,566,0,0

16:33:52.348 > mcnt:2315,566,566,0,0

16:33:52.443 > mcnt:2316,566,566,0,0

16:33:52.539 > mcnt:2317,566,566,0,0

16:33:52.635 > mcnt:2318,566,566,0,0

16:33:52.747 > mcnt:2319,566,566,0,0

16:33:52.843 > mcnt:2320,566,566,0,0

16:33:52.939 > mcnt:2321,566,566,0,0

16:33:53.035 > mcnt:2322,566,566,0,0

16:33:53.147 > mcnt:2323,566,566,0,0

16:33:53.243 > mcnt:2324,566,566,0,0

16:33:53.339 > mcnt:2325,566,566,0,0

16:33:53.435 > mcnt:2326,566,566,0,0

16:33:53.547 > mcnt:2327,566,566,0,0

16:33:53.644 > mcnt:2328,566,566,0,0

16:33:53.740 > mcnt:2329,566,566,0,0

16:33:53.835 > mcnt:2330,566,566,0,0

16:33:53.947 > mcnt:2331,566,566,0,0

16:33:54.042 > mcnt:2332,566,566,0,0

16:33:54.139 > mcnt:2333,566,566,0,0

16:33:54.235 > mcnt:2334,566,566,0,0

16:33:54.346 > mcnt:2335,566,566,0,0

16:33:54.443 > mcnt:2336,566,566,0,0

16:33:54.538 > mcnt:2337,566,565,0,0

16:33:54.635 > mcnt:2338,566,565,0,0

16:33:54.746 > mcnt:2339,566,565,0,0

16:33:54.843 > mcnt:2340,566,565,0,0

16:33:54.939 > mcnt:2341,566,565,0,0

16:33:55.034 > mcnt:2342,566,565,0,0

16:33:55.146 > mcnt:2343,566,565,0,0

16:33:55.243 > mcnt:2344,566,565,0,0

16:33:55.339 > mcnt:2345,566,565,0,0

16:33:55.435 > mcnt:2346,566,565,0,0

16:33:55.547 > mcnt:2347,566,565,0,0

16:33:55.644 > mcnt:2348,566,565,0,0

16:33:55.739 > mcnt:2349,566,565,0,0

16:33:55.835 > mcnt:2350,566,565,0,0

16:33:55.947 > mcnt:2351,566,565,0,0

16:33:56.043 > mcnt:2352,566,565,0,0

16:33:56.139 > mcnt:2353,566,565,0,0

16:33:56.235 > mcnt:2354,566,565,0,0

16:33:56.346 > mcnt:2355,566,565,0,0

16:33:56.443 > mcnt:2356,566,565,0,0

16:33:56.538 > mcnt:2357,566,565,0,0

16:33:56.635 > mcnt:2358,566,565,0,0

16:33:56.746 > mcnt:2359,566,565,0,0

16:33:56.843 > mcnt:2360,566,565,0,0

16:33:56.939 > mcnt:2361,566,565,0,0

16:33:57.035 > mcnt:2362,566,565,0,0

16:33:57.147 > mcnt:2363,566,565,0,0

16:33:57.243 > mcnt:2364,566,565,0,0

16:33:57.339 > mcnt:2365,566,565,0,0

16:33:57.434 > mcnt:2366,566,565,0,0

16:33:57.546 > mcnt:2367,566,565,0,0

16:33:57.643 > mcnt:2368,566,565,0,0

16:33:57.739 > mcnt:2369,566,565,0,0

16:33:57.835 > mcnt:2370,566,565,0,0

16:33:57.947 > mcnt:2371,566,565,0,0

16:33:58.043 > mcnt:2372,566,565,0,0

16:33:58.139 > mcnt:2373,566,565,0,0

16:33:58.235 > mcnt:2374,566,565,0,0

16:33:58.347 > mcnt:2375,566,565,0,0

16:33:58.443 > mcnt:2376,566,565,0,0

16:33:58.538 > mcnt:2377,566,565,0,0

16:33:58.635 > mcnt:2378,566,565,0,0

16:33:58.747 > mcnt:2379,566,565,0,0

16:33:58.843 > mcnt:2380,566,565,0,0

16:33:58.938 > mcnt:2381,566,565,0,0

16:33:59.035 > mcnt:2382,566,565,0,0

16:33:59.146 > mcnt:2383,566,565,0,0

16:33:59.242 > mcnt:2384,566,565,0,0

16:33:59.351 > mcnt:2385,566,565,0,0

16:33:59.435 > mcnt:2386,566,565,0,0

16:33:59.546 > mcnt:2387,566,565,0,0

16:33:59.643 > mcnt:2388,566,565,0,0

16:33:59.739 > mcnt:2389,566,565,0,0

16:33:59.835 > mcnt:2390,566,565,0,0

16:33:59.947 > mcnt:2391,566,565,0,0

16:34:00.043 > mcnt:2392,566,565,0,0

16:34:00.139 > mcnt:2393,566,565,0,0

16:34:00.235 > mcnt:2394,566,565,0,0

16:34:00.347 > mcnt:2395,566,565,0,0

16:34:00.442 > mcnt:2396,566,565,0,0

16:34:00.539 > mcnt:2397,566,565,0,0

16:34:00.635 > mcnt:2398,566,565,0,0

16:34:00.747 > mcnt:2399,566,565,0,0

16:34:00.842 > mcnt:2400,566,565,0,0

16:34:00.939 > mcnt:2401,566,565,0,0

16:34:01.035 > mcnt:2402,566,565,0,0

16:34:01.146 > mcnt:2403,566,565,0,0

16:34:01.243 > mcnt:2404,566,565,0,0

16:34:01.339 > mcnt:2405,566,565,0,0

16:34:01.434 > mcnt:2406,566,565,0,0

16:34:01.546 > mcnt:2407,566,565,0,0

16:34:01.643 > mcnt:2408,566,565,0,0

16:34:01.739 > mcnt:2409,566,565,0,0

16:34:01.834 > mcnt:2410,566,565,0,0

16:34:01.947 > mcnt:2411,566,566,0,0

16:34:02.043 > mcnt:2412,566,565,0,0

16:34:02.139 > mcnt:2413,566,566,0,0

16:34:02.234 > mcnt:2414,566,566,0,0

16:34:02.347 > mcnt:2415,566,566,0,0

16:34:02.442 > mcnt:2416,566,566,0,0

16:34:02.538 > mcnt:2417,566,566,0,0

16:34:02.635 > mcnt:2418,566,566,0,0

16:34:02.747 > mcnt:2419,566,566,0,0

16:34:02.843 > mcnt:2420,566,566,0,0

16:34:02.938 > mcnt:2421,566,566,0,0

16:34:03.035 > mcnt:2422,566,566,0,0

16:34:03.146 > mcnt:2423,566,566,0,0

16:34:03.243 > mcnt:2424,566,566,0,0

16:34:03.353 > mcnt:2425,566,566,0,0

16:34:03.437 > mcnt:2426,566,566,0,0

16:34:03.546 > mcnt:2427,566,566,0,0

16:34:03.643 > mcnt:2428,566,566,0,0

16:34:03.739 > mcnt:2429,566,566,0,0

16:34:03.835 > mcnt:2430,566,566,0,0

16:34:03.947 > mcnt:2431,566,566,0,0

16:34:04.043 > mcnt:2432,566,566,0,0

16:34:04.139 > mcnt:2433,566,566,0,0

16:34:04.235 > mcnt:2434,566,566,0,0

16:34:04.346 > mcnt:2435,566,566,0,0

16:34:04.443 > mcnt:2436,566,566,0,0

16:34:04.539 > mcnt:2437,566,566,0,0

16:34:04.634 > mcnt:2438,566,566,0,0

16:34:04.747 > mcnt:2439,566,566,0,0

16:34:04.842 > mcnt:2440,566,566,0,0

16:34:04.938 > mcnt:2441,566,566,0,0

16:34:05.035 > mcnt:2442,566,566,0,0

16:34:05.147 > mcnt:2443,566,566,0,0

16:34:05.242 > mcnt:2444,566,566,0,0

16:34:05.339 > mcnt:2445,566,566,0,0

16:34:05.434 > mcnt:2446,566,566,0,0

16:34:05.546 > mcnt:2447,566,566,0,0

16:34:05.642 > mcnt:2448,566,566,0,0

16:34:05.738 > mcnt:2449,566,566,0,0

16:34:05.834 > mcnt:2450,566,566,0,0

16:34:05.946 > mcnt:2451,566,566,0,0

16:34:06.043 > mcnt:2452,566,566,0,0

16:34:06.138 > mcnt:2453,566,566,0,0

16:34:06.234 > mcnt:2454,566,566,0,0

16:34:06.347 > mcnt:2455,566,566,0,0

16:34:06.442 > mcnt:2456,566,566,0,0

16:34:06.539 > mcnt:2457,566,566,0,0

16:34:06.634 > mcnt:2458,566,566,0,0

16:34:06.746 > mcnt:2459,566,566,0,0

16:34:06.843 > mcnt:2460,566,566,0,0

16:34:06.939 > mcnt:2461,566,566,0,0

16:34:07.035 > mcnt:2462,566,566,0,0

16:34:07.154 > mcnt:2463,566,566,0,0

16:34:07.241 > mcnt:2464,566,566,0,0

16:34:07.347 > mcnt:2465,566,566,0,0

16:34:07.443 > mcnt:2466,566,566,0,0

16:34:07.539 > mcnt:2467,566,566,0,0

16:34:07.634 > mcnt:2468,566,566,0,0

16:34:07.746 > mcnt:2469,566,566,0,0

16:34:07.842 > mcnt:2470,566,566,0,0

16:34:07.939 > mcnt:2471,566,566,0,0

16:34:08.034 > mcnt:2472,566,566,0,0

16:34:08.146 > mcnt:2473,566,566,0,0

16:34:08.242 > mcnt:2474,566,566,0,0

16:34:08.338 > mcnt:2475,566,566,0,0

16:34:08.433 > mcnt:2476,566,566,0,0

16:34:08.546 > mcnt:2477,566,566,0,0

16:34:08.643 > mcnt:2478,566,566,0,0

16:34:08.739 > mcnt:2479,566,566,0,0

16:34:08.834 > mcnt:2480,566,566,0,0

16:34:08.946 > mcnt:2481,566,566,0,0

16:34:09.043 > mcnt:2482,566,566,0,0

16:34:09.139 > mcnt:2483,566,566,0,0

16:34:09.235 > mcnt:2484,566,566,0,0

16:34:09.346 > mcnt:2485,566,566,0,0

16:34:09.442 > mcnt:2486,566,566,0,0

16:34:09.538 > mcnt:2487,566,566,0,0

16:34:09.634 > mcnt:2488,566,566,0,0

16:34:09.747 > mcnt:2489,566,566,0,0

16:34:09.842 > mcnt:2490,566,566,0,0

16:34:09.939 > mcnt:2491,566,566,0,0

16:34:10.035 > mcnt:2492,566,566,0,0

16:34:10.147 > mcnt:2493,566,566,0,0

16:34:10.242 > mcnt:2494,566,566,0,0

16:34:10.339 > mcnt:2495,566,566,0,0

16:34:10.434 > mcnt:2496,566,566,0,0

16:34:10.546 > mcnt:2497,566,566,0,0

16:34:10.643 > mcnt:2498,566,566,0,0

16:34:10.739 > mcnt:2499,566,566,0,0

16:34:10.835 > mcnt:2500,566,566,0,0

16:34:10.946 > mcnt:2501,566,566,0,0

16:34:11.042 > mcnt:2502,566,566,0,0

16:34:11.139 > mcnt:2503,566,566,0,0

16:34:11.234 > mcnt:2504,566,566,0,0

16:34:11.352 > mcnt:2505,566,566,0,0

16:34:11.442 > mcnt:2506,566,566,0,0

16:34:11.539 > mcnt:2507,566,566,0,0

16:34:11.634 > mcnt:2508,566,566,0,0

16:34:11.746 > mcnt:2509,566,566,0,0

16:34:11.842 > mcnt:2510,566,566,0,0

16:34:11.938 > mcnt:2511,566,566,0,0

16:34:12.034 > mcnt:2512,566,566,0,0

16:34:12.147 > mcnt:2513,566,566,0,0

16:34:12.242 > mcnt:2514,566,566,0,0

16:34:12.339 > mcnt:2515,566,566,0,0

16:34:12.434 > mcnt:2516,566,566,0,0

16:34:12.546 > mcnt:2517,566,566,0,0

16:34:12.643 > mcnt:2518,566,566,0,0

16:34:12.738 > mcnt:2519,566,566,0,0

16:34:12.835 > mcnt:2520,566,566,0,0

16:34:12.946 > mcnt:2521,566,565,0,0

16:34:13.042 > mcnt:2522,566,565,0,0

16:34:13.139 > mcnt:2523,566,565,0,0

16:34:13.234 > mcnt:2524,566,565,0,0

16:34:13.346 > mcnt:2525,566,565,0,0

16:34:13.442 > mcnt:2526,566,565,0,0

16:34:13.538 > mcnt:2527,566,565,0,0

16:34:13.634 > mcnt:2528,566,565,0,0

16:34:13.746 > mcnt:2529,566,565,0,0

16:34:13.843 > mcnt:2530,566,565,0,0

16:34:13.938 > mcnt:2531,566,565,0,0

16:34:14.034 > mcnt:2532,566,565,0,0

16:34:14.147 > mcnt:2533,566,565,0,0

16:34:14.242 > mcnt:2534,566,565,0,0

16:34:14.338 > mcnt:2535,566,565,0,0

16:34:14.434 > mcnt:2536,566,565,0,0

16:34:14.546 > mcnt:2537,566,565,0,0

16:34:14.643 > mcnt:2538,566,565,0,0

16:34:14.738 > mcnt:2539,566,565,0,0

16:34:14.835 > mcnt:2540,566,565,0,0

16:34:14.946 > mcnt:2541,566,565,0,0

16:34:15.042 > mcnt:2542,566,565,0,0

16:34:15.139 > mcnt:2543,566,565,0,0

16:34:15.234 > mcnt:2544,566,565,0,0

16:34:15.346 > mcnt:2545,566,565,0,0

16:34:15.442 > mcnt:2546,566,565,0,0

16:34:15.539 > mcnt:2547,566,565,0,0

16:34:15.634 > mcnt:2548,566,565,0,0

16:34:15.746 > mcnt:2549,566,565,0,0

16:34:15.842 > mcnt:2550,566,565,0,0

16:34:15.939 > mcnt:2551,566,565,0,0

16:34:16.034 > mcnt:2552,566,565,0,0

16:34:16.146 > mcnt:2553,566,565,0,0

16:34:16.243 > mcnt:2554,566,565,0,0

16:34:16.338 > mcnt:2555,566,565,0,0

16:34:16.435 > mcnt:2556,566,565,0,0

16:34:16.546 > mcnt:2557,566,565,0,0

16:34:16.642 > mcnt:2558,566,565,0,0

16:34:16.738 > mcnt:2559,566,565,0,0

16:34:16.835 > mcnt:2560,566,565,0,0

16:34:16.946 > mcnt:2561,566,565,0,0

16:34:17.042 > mcnt:2562,566,565,0,0

16:34:17.138 > mcnt:2563,566,565,0,0

16:34:17.234 > mcnt:2564,566,565,0,0

16:34:17.346 > mcnt:2565,566,565,0,0

16:34:17.442 > mcnt:2566,566,565,0,0

16:34:17.538 > mcnt:2567,566,565,0,0

16:34:17.634 > mcnt:2568,566,565,0,0

16:34:17.747 > mcnt:2569,566,565,0,0

16:34:17.843 > mcnt:2570,566,565,0,0

16:34:17.938 > mcnt:2571,566,565,0,0

16:34:18.034 > mcnt:2572,566,565,0,0

16:34:18.146 > mcnt:2573,566,565,0,0

16:34:18.242 > mcnt:2574,566,565,0,0

16:34:18.338 > mcnt:2575,566,565,0,0

16:34:18.435 > mcnt:2576,566,565,0,0

16:34:18.546 > mcnt:2577,566,565,0,0

16:34:18.642 > mcnt:2578,566,565,0,0

16:34:18.739 > mcnt:2579,566,565,0,0

16:34:18.834 > mcnt:2580,566,565,0,0

16:34:18.947 > mcnt:2581,566,565,0,0

16:34:19.042 > mcnt:2582,566,565,0,0

16:34:19.138 > mcnt:2583,566,565,0,0

16:34:19.234 > mcnt:2584,566,565,0,0

16:34:19.346 > mcnt:2585,566,565,0,0

16:34:19.442 > mcnt:2586,566,565,0,0

16:34:19.538 > mcnt:2587,566,565,0,0

16:34:19.635 > mcnt:2588,566,565,0,0

16:34:19.746 > mcnt:2589,566,565,0,0

16:34:19.842 > mcnt:2590,566,565,0,0

16:34:19.938 > mcnt:2591,566,565,0,0

16:34:20.035 > mcnt:2592,566,565,0,0

16:34:20.147 > mcnt:2593,566,565,0,0

16:34:20.242 > mcnt:2594,566,565,0,0

16:34:20.339 > mcnt:2595,566,565,0,0

16:34:20.434 > mcnt:2596,566,565,0,0

16:34:20.546 > mcnt:2597,566,565,0,0

16:34:20.643 > mcnt:2598,566,566,0,0

16:34:20.738 > mcnt:2599,566,565,0,0

16:34:20.834 > mcnt:2600,566,566,0,0

16:34:20.946 > mcnt:2601,566,566,0,0

16:34:21.042 > mcnt:2602,566,566,0,0

16:34:21.139 > mcnt:2603,566,566,0,0

16:34:21.235 > mcnt:2604,566,566,0,0

16:34:21.346 > mcnt:2605,566,566,0,0

16:34:21.442 > mcnt:2606,566,566,0,0

16:34:21.538 > mcnt:2607,566,566,0,0

16:34:21.634 > mcnt:2608,566,566,0,0

16:34:21.746 > mcnt:2609,566,566,0,0

16:34:21.842 > mcnt:2610,566,566,0,0

16:34:21.938 > mcnt:2611,566,566,0,0

16:34:22.034 > mcnt:2612,566,566,0,0

16:34:22.146 > mcnt:2613,566,566,0,0

16:34:22.242 > mcnt:2614,566,566,0,0

16:34:22.338 > mcnt:2615,566,566,0,0

16:34:22.434 > mcnt:2616,566,566,0,0

16:34:22.546 > mcnt:2617,566,566,0,0

16:34:22.642 > mcnt:2618,566,566,0,0

16:34:22.738 > mcnt:2619,566,566,0,0

16:34:22.834 > mcnt:2620,566,566,0,0

16:34:22.946 > mcnt:2621,566,566,0,0

16:34:23.042 > mcnt:2622,566,566,0,0

16:34:23.138 > mcnt:2623,566,566,0,0

16:34:23.234 > mcnt:2624,566,566,0,0

16:34:23.346 > mcnt:2625,566,566,0,0

16:34:23.442 > mcnt:2626,566,566,0,0

16:34:23.538 > mcnt:2627,566,566,0,0

16:34:23.634 > mcnt:2628,566,566,0,0

16:34:23.746 > mcnt:2629,566,566,0,0

16:34:23.842 > mcnt:2630,566,566,0,0

16:34:23.938 > mcnt:2631,566,566,0,0

16:34:24.035 > mcnt:2632,566,566,0,0

16:34:24.147 > mcnt:2633,566,566,0,0

16:34:24.242 > mcnt:2634,566,566,0,0

16:34:24.339 > mcnt:2635,566,566,0,0

16:34:24.434 > mcnt:2636,566,566,0,0

16:34:24.546 > mcnt:2637,566,566,0,0

16:34:24.642 > mcnt:2638,566,566,0,0

16:34:24.738 > mcnt:2639,566,566,0,0

16:34:24.834 > mcnt:2640,566,566,0,0

16:34:24.946 > mcnt:2641,566,566,0,0

16:34:25.042 > mcnt:2642,566,566,0,0

16:34:25.138 > mcnt:2643,566,566,0,0

16:34:25.234 > mcnt:2644,566,566,0,0

16:34:25.346 > mcnt:2645,566,566,0,0

16:34:25.443 > mcnt:2646,566,566,0,0

16:34:25.538 > mcnt:2647,566,566,0,0

16:34:25.634 > mcnt:2648,566,566,0,0

16:34:25.746 > mcnt:2649,566,566,0,0

16:34:25.842 > mcnt:2650,566,566,0,0

16:34:25.938 > mcnt:2651,566,566,0,0

16:34:26.034 > mcnt:2652,566,566,0,0

16:34:26.147 > mcnt:2653,566,566,0,0

16:34:26.242 > mcnt:2654,566,566,0,0

16:34:26.338 > mcnt:2655,566,566,0,0

16:34:26.435 > mcnt:2656,566,566,0,0

16:34:26.546 > mcnt:2657,566,566,0,0

16:34:26.642 > mcnt:2658,566,566,0,0

16:34:26.738 > mcnt:2659,566,566,0,0

16:34:26.850 > mcnt:2660,566,566,0,0

16:34:26.946 > mcnt:2661,566,566,0,0

16:34:27.042 > mcnt:2662,566,566,0,0

16:34:27.144 > mcnt:2663,566,566,0,0

16:34:27.234 > mcnt:2664,566,566,0,0

16:34:27.346 > mcnt:2665,566,566,0,0

16:34:27.442 > mcnt:2666,566,566,0,0

16:34:27.538 > mcnt:2667,566,566,0,0

16:34:27.634 > mcnt:2668,566,566,0,0

16:34:27.746 > mcnt:2669,566,566,0,0

16:34:27.842 > mcnt:2670,566,566,0,0

16:34:27.938 > mcnt:2671,566,566,0,0

16:34:28.050 > mcnt:2672,566,566,0,0

16:34:28.146 > mcnt:2673,566,566,0,0

16:34:28.243 > mcnt:2674,566,566,0,0

16:34:28.338 > mcnt:2675,566,566,0,0

16:34:28.434 > mcnt:2676,566,566,0,0

16:34:28.546 > mcnt:2677,566,566,0,0

16:34:28.643 > mcnt:2678,566,566,0,0

16:34:28.738 > mcnt:2679,566,566,0,0

16:34:28.850 > mcnt:2680,566,566,0,0

16:34:28.946 > mcnt:2681,566,566,0,0

16:34:29.042 > mcnt:2682,566,566,0,0

16:34:29.138 > mcnt:2683,566,566,0,0

16:34:29.234 > mcnt:2684,566,566,0,0

16:34:29.346 > mcnt:2685,566,566,0,0

16:34:29.442 > mcnt:2686,566,566,0,0

16:34:29.538 > mcnt:2687,566,566,0,0

16:34:29.634 > mcnt:2688,566,566,0,0

16:34:29.746 > mcnt:2689,566,566,0,0

16:34:29.842 > mcnt:2690,566,566,0,0

16:34:29.938 > mcnt:2691,566,566,0,0

16:34:30.033 > mcnt:2692,566,566,0,0

16:34:30.146 > mcnt:2693,566,566,0,0

16:34:30.243 > mcnt:2694,566,566,0,0

16:34:30.338 > mcnt:2695,566,566,0,0

16:34:30.434 > mcnt:2696,566,566,0,0

16:34:30.546 > mcnt:2697,566,566,0,0

16:34:30.641 > mcnt:2698,566,566,0,0

16:34:30.737 > mcnt:2699,566,566,0,0

16:34:30.850 > mcnt:2700,566,566,0,0

16:34:30.946 > mcnt:2701,566,566,0,0

16:34:31.042 > mcnt:2702,566,566,0,0

16:34:31.138 > mcnt:2703,566,566,0,0

16:34:31.234 > mcnt:2704,566,566,0,0

16:34:31.346 > mcnt:2705,566,566,0,0

16:34:31.442 > mcnt:2706,566,566,0,0

16:34:31.538 > mcnt:2707,566,566,0,0

16:34:31.650 > mcnt:2708,566,566,0,0

16:34:31.745 > mcnt:2709,566,566,0,0

16:34:31.841 > mcnt:2710,566,566,0,0

16:34:31.957 > mcnt:2711,566,566,0,0

16:34:32.050 > mcnt:2712,566,566,0,0

16:34:32.146 > mcnt:2713,566,566,0,0

16:34:32.242 > mcnt:2714,566,566,0,0

16:34:32.338 > mcnt:2715,566,566,0,0

16:34:32.450 > mcnt:2716,566,566,0,0

16:34:32.546 > mcnt:2717,566,566,0,0

16:34:32.642 > mcnt:2718,566,566,0,0

16:34:32.738 > mcnt:2719,566,566,0,0

16:34:32.834 > mcnt:2720,566,566,0,0

16:34:32.946 > mcnt:2721,566,566,0,0

16:34:33.042 > mcnt:2722,566,566,0,0

16:34:33.138 > mcnt:2723,566,566,0,0

16:34:33.234 > mcnt:2724,566,566,0,0

16:34:33.345 > mcnt:2725,566,566,0,0

16:34:33.442 > mcnt:2726,566,566,0,0

16:34:33.538 > mcnt:2727,566,566,0,0

16:34:33.650 > mcnt:2728,566,566,0,0

16:34:33.746 > mcnt:2729,566,566,0,0

16:34:33.841 > mcnt:2730,566,566,0,0

16:34:33.937 > mcnt:2731,566,566,0,0

16:34:34.050 > mcnt:2732,566,566,0,0

16:34:34.146 > mcnt:2733,566,566,0,0

16:34:34.243 > mcnt:2734,566,566,0,0

16:34:34.337 > mcnt:2735,566,566,0,0

16:34:34.450 > mcnt:2736,566,566,0,0

16:34:34.546 > mcnt:2737,566,566,0,0

16:34:34.641 > mcnt:2738,566,565,0,0

16:34:34.737 > mcnt:2739,566,565,0,0

16:34:34.850 > mcnt:2740,566,565,0,0

16:34:34.945 > mcnt:2741,566,565,0,0

16:34:35.042 > mcnt:2742,566,565,0,0

16:34:35.138 > mcnt:2743,566,565,0,0

16:34:35.250 > mcnt:2744,566,565,0,0

16:34:35.345 > mcnt:2745,566,565,0,0

16:34:35.441 > mcnt:2746,566,565,0,0

16:34:35.538 > mcnt:2747,566,565,0,0

16:34:35.650 > mcnt:2748,566,565,0,0

16:34:35.746 > mcnt:2749,566,565,0,0

16:34:35.842 > mcnt:2750,566,565,0,0

16:34:35.938 > mcnt:2751,566,565,0,0

16:34:36.050 > mcnt:2752,566,565,0,0

16:34:36.146 > mcnt:2753,566,565,0,0

16:34:36.242 > mcnt:2754,566,565,0,0

16:34:36.338 > mcnt:2755,566,565,0,0

16:34:36.450 > mcnt:2756,566,565,0,0

16:34:36.546 > mcnt:2757,566,565,0,0

16:34:36.642 > mcnt:2758,566,565,0,0

16:34:36.738 > mcnt:2759,566,565,0,0

16:34:36.849 > mcnt:2760,566,565,0,0

16:34:36.946 > mcnt:2761,566,565,0,0

16:34:37.042 > mcnt:2762,566,565,0,0

16:34:37.138 > mcnt:2763,566,565,0,0

16:34:37.250 > mcnt:2764,566,565,0,0

16:34:37.346 > mcnt:2765,566,565,0,0

16:34:37.441 > mcnt:2766,566,565,0,0

16:34:37.538 > mcnt:2767,566,565,0,0

16:34:37.650 > mcnt:2768,566,565,0,0

16:34:37.746 > mcnt:2769,566,565,0,0

16:34:37.841 > mcnt:2770,566,565,0,0

16:34:37.938 > mcnt:2771,566,565,0,0

16:34:38.050 > mcnt:2772,566,565,0,0

16:34:38.146 > mcnt:2773,566,565,0,0

16:34:38.241 > mcnt:2774,566,565,0,0

16:34:38.338 > mcnt:2775,566,565,0,0

16:34:38.450 > mcnt:2776,566,565,0,0

16:34:38.546 > mcnt:2777,566,565,0,0

16:34:38.641 > mcnt:2778,566,565,0,0

16:34:38.738 > mcnt:2779,566,565,0,0

16:34:38.849 > mcnt:2780,566,565,0,0

16:34:38.946 > mcnt:2781,566,565,0,0

16:34:39.041 > mcnt:2782,566,565,0,0

16:34:39.137 > mcnt:2783,566,565,0,0

16:34:39.249 > mcnt:2784,566,565,0,0

16:34:39.345 > mcnt:2785,566,565,0,0

16:34:39.442 > mcnt:2786,566,565,0,0

16:34:39.538 > mcnt:2787,566,565,0,0

16:34:39.650 > mcnt:2788,566,565,0,0

16:34:39.745 > mcnt:2789,566,565,0,0

16:34:39.841 > mcnt:2790,566,565,0,0

16:34:39.938 > mcnt:2791,566,565,0,0

16:34:40.050 > mcnt:2792,566,565,0,0

16:34:40.146 > mcnt:2793,566,565,0,0

16:34:40.241 > mcnt:2794,566,565,0,0

16:34:40.338 > mcnt:2795,566,565,0,0

16:34:40.449 > mcnt:2796,566,565,0,0

16:34:40.546 > mcnt:2797,566,565,0,0

16:34:40.641 > mcnt:2798,566,565,0,0

16:34:40.737 > mcnt:2799,566,565,0,0

16:34:40.850 > mcnt:2800,566,565,0,0

16:34:40.946 > mcnt:2801,566,565,0,0

16:34:41.042 > mcnt:2802,566,565,0,0

16:34:41.138 > mcnt:2803,566,565,0,0

16:34:41.250 > mcnt:2804,566,565,0,0

16:34:41.345 > mcnt:2805,566,565,0,0

16:34:41.442 > mcnt:2806,566,565,0,0

16:34:41.538 > mcnt:2807,566,565,0,0

16:34:41.650 > mcnt:2808,566,565,0,0

16:34:41.746 > mcnt:2809,566,565,0,0

16:34:41.842 > mcnt:2810,566,565,0,0

16:34:41.937 > mcnt:2811,566,565,0,0

16:34:42.050 > mcnt:2812,566,565,0,0

16:34:42.146 > mcnt:2813,566,565,0,0

16:34:42.242 > mcnt:2814,566,565,0,0

16:34:42.337 > mcnt:2815,566,565,0,0

16:34:42.450 > mcnt:2816,566,565,0,0

16:34:42.545 > mcnt:2817,566,565,0,0

16:34:42.642 > mcnt:2818,566,565,0,0

16:34:42.738 > mcnt:2819,566,565,0,0

16:34:42.850 > mcnt:2820,566,565,0,0

16:34:42.945 > mcnt:2821,566,565,0,0

16:34:43.041 > mcnt:2822,566,565,0,0

16:34:43.137 > mcnt:2823,566,565,0,0

16:34:43.249 > mcnt:2824,566,565,0,0

16:34:43.346 > mcnt:2825,566,565,0,0

16:34:43.441 > mcnt:2826,566,565,0,0

16:34:43.538 > mcnt:2827,566,565,0,0

16:34:43.650 > mcnt:2828,566,565,0,0

16:34:43.746 > mcnt:2829,566,565,0,0

16:34:43.841 > mcnt:2830,566,566,0,0

16:34:43.937 > mcnt:2831,566,565,0,0

16:34:44.050 > mcnt:2832,566,565,0,0

16:34:44.146 > mcnt:2833,566,566,0,0

16:34:44.242 > mcnt:2834,566,566,0,0

16:34:44.338 > mcnt:2835,566,566,0,0

16:34:44.449 > mcnt:2836,566,566,0,0

16:34:44.546 > mcnt:2837,566,566,0,0

16:34:44.641 > mcnt:2838,566,566,0,0

16:34:44.738 > mcnt:2839,566,566,0,0

16:34:44.850 > mcnt:2840,566,566,0,0

16:34:44.946 > mcnt:2841,566,566,0,0

16:34:45.042 > mcnt:2842,566,566,0,0

16:34:45.138 > mcnt:2843,566,566,0,0

16:34:45.250 > mcnt:2844,566,566,0,0

16:34:45.345 > mcnt:2845,566,566,0,0

16:34:45.441 > mcnt:2846,566,566,0,0

16:34:45.538 > mcnt:2847,566,566,0,0

16:34:45.650 > mcnt:2848,566,566,0,0

16:34:45.746 > mcnt:2849,566,566,0,0

16:34:45.841 > mcnt:2850,566,566,0,0

16:34:45.938 > mcnt:2851,566,566,0,0

16:34:46.050 > mcnt:2852,566,566,0,0

16:34:46.145 > mcnt:2853,566,566,0,0

16:34:46.241 > mcnt:2854,566,566,0,0

16:34:46.338 > mcnt:2855,566,566,0,0

16:34:46.450 > mcnt:2856,566,566,0,0

16:34:46.545 > mcnt:2857,566,566,0,0

16:34:46.641 > mcnt:2858,566,566,0,0

16:34:46.737 > mcnt:2859,566,566,0,0

16:34:46.849 > mcnt:2860,566,566,0,0

16:34:46.946 > mcnt:2861,566,566,0,0

16:34:47.041 > mcnt:2862,566,566,0,0

16:34:47.138 > mcnt:2863,566,566,0,0

16:34:47.250 > mcnt:2864,566,566,0,0

16:34:47.346 > mcnt:2865,566,566,0,0

16:34:47.442 > mcnt:2866,566,566,0,0

16:34:47.538 > mcnt:2867,566,566,0,0

16:34:47.650 > mcnt:2868,566,566,0,0

16:34:47.746 > mcnt:2869,566,566,0,0

16:34:47.842 > mcnt:2870,566,566,0,0

16:34:47.938 > mcnt:2871,566,566,0,0

16:34:48.050 > mcnt:2872,566,566,0,0

16:34:48.145 > mcnt:2873,566,566,0,0

16:34:48.241 > mcnt:2874,566,566,0,0

16:34:48.337 > mcnt:2875,566,566,0,0

16:34:48.450 > mcnt:2876,566,566,0,0

16:34:48.545 > mcnt:2877,566,566,0,0

16:34:48.641 > mcnt:2878,566,566,0,0

16:34:48.738 > mcnt:2879,566,566,0,0

16:34:48.849 > mcnt:2880,566,566,0,0

16:34:48.946 > mcnt:2881,566,566,0,0

16:34:49.041 > mcnt:2882,566,566,0,0

16:34:49.137 > mcnt:2883,566,566,0,0

16:34:49.249 > mcnt:2884,566,566,0,0

16:34:49.345 > mcnt:2885,566,566,0,0

16:34:49.442 > mcnt:2886,566,566,0,0

16:34:49.538 > mcnt:2887,566,566,0,0

16:34:49.650 > mcnt:2888,566,566,0,0

16:34:49.746 > mcnt:2889,566,566,0,0

16:34:49.841 > mcnt:2890,566,566,0,0

16:34:49.938 > mcnt:2891,566,566,0,0

16:34:50.050 > mcnt:2892,566,566,0,0

16:34:50.145 > mcnt:2893,566,566,0,0

16:34:50.241 > mcnt:2894,566,566,0,0

16:34:50.338 > mcnt:2895,566,566,0,0

16:34:50.449 > mcnt:2896,566,566,0,0

16:34:50.546 > mcnt:2897,566,566,0,0

16:34:50.641 > mcnt:2898,566,566,0,0

16:34:50.737 > mcnt:2899,566,566,0,0

16:34:50.850 > mcnt:2900,566,566,0,0

16:34:50.946 > mcnt:2901,566,566,0,0

16:34:51.042 > mcnt:2902,566,566,0,0

16:34:51.137 > mcnt:2903,566,566,0,0

16:34:51.249 > mcnt:2904,566,566,0,0

16:34:51.346 > mcnt:2905,566,566,0,0

16:34:51.441 > mcnt:2906,566,566,0,0

16:34:51.538 > mcnt:2907,566,566,0,0

16:34:51.650 > mcnt:2908,566,566,0,0

16:34:51.745 > mcnt:2909,566,566,0,0

16:34:51.841 > mcnt:2910,566,566,0,0

16:34:51.938 > mcnt:2911,566,566,0,0

16:34:52.049 > mcnt:2912,566,566,0,0

16:34:52.146 > mcnt:2913,566,566,0,0

16:34:52.241 > mcnt:2914,566,566,0,0

16:34:52.339 > mcnt:2915,566,566,0,0

16:34:52.449 > mcnt:2916,566,566,0,0

16:34:52.546 > mcnt:2917,566,566,0,0

16:34:52.642 > mcnt:2918,566,566,0,0

16:34:52.737 > mcnt:2919,566,566,0,0

16:34:52.870 > mcnt:2920,566,566,0,0

16:34:52.946 > mcnt:2921,566,566,0,0

16:34:53.042 > mcnt:2922,566,566,0,0

16:34:53.137 > mcnt:2923,566,566,0,0

16:34:53.249 > mcnt:2924,566,566,0,0

16:34:53.346 > mcnt:2925,566,566,0,0

16:34:53.441 > mcnt:2926,566,566,0,0

16:34:53.538 > mcnt:2927,566,566,0,0

16:34:53.649 > mcnt:2928,566,566,0,0

16:34:53.746 > mcnt:2929,566,566,0,0

16:34:53.842 > mcnt:2930,566,566,0,0

16:34:53.938 > mcnt:2931,566,566,0,0

16:34:54.049 > mcnt:2932,566,566,0,0

16:34:54.145 > mcnt:2933,566,566,0,0

16:34:54.242 > mcnt:2934,566,566,0,0

16:34:54.337 > mcnt:2935,566,566,0,0

16:34:54.450 > mcnt:2936,566,566,0,0

16:34:54.546 > mcnt:2937,566,566,0,0

16:34:54.642 > mcnt:2938,566,566,0,0

16:34:54.738 > mcnt:2939,566,566,0,0

16:34:54.849 > mcnt:2940,566,566,0,0

16:34:54.946 > mcnt:2941,566,566,0,0

16:34:55.041 > mcnt:2942,566,566,0,0

16:34:55.137 > mcnt:2943,566,566,0,0

16:34:55.250 > mcnt:2944,566,566,0,0

16:34:55.346 > mcnt:2945,566,566,0,0

16:34:55.441 > mcnt:2946,566,566,0,0

16:34:55.537 > mcnt:2947,566,566,0,0

16:34:55.650 > mcnt:2948,566,566,0,0

16:34:55.745 > mcnt:2949,566,566,0,0

16:34:55.842 > mcnt:2950,566,566,0,0

16:34:55.938 > mcnt:2951,566,566,0,0

16:34:56.049 > mcnt:2952,566,566,0,0

16:34:56.145 > mcnt:2953,566,566,0,0

16:34:56.242 > mcnt:2954,566,566,0,0

16:34:56.337 > mcnt:2955,566,566,0,0

16:34:56.449 > mcnt:2956,566,566,0,0

16:34:56.545 > mcnt:2957,566,566,0,0

16:34:56.641 > mcnt:2958,566,566,0,0

16:34:56.737 > mcnt:2959,566,566,0,0

16:34:56.850 > mcnt:2960,566,566,0,0

16:34:56.945 > mcnt:2961,566,566,0,0

16:34:57.041 > mcnt:2962,566,566,0,0

16:34:57.138 > mcnt:2963,566,565,0,0

16:34:57.250 > mcnt:2964,566,566,0,0

16:34:57.345 > mcnt:2965,566,565,0,0

16:34:57.442 > mcnt:2966,566,565,0,0

16:34:57.537 > mcnt:2967,566,565,0,0

16:34:57.650 > mcnt:2968,566,565,0,0

16:34:57.746 > mcnt:2969,566,565,0,0

16:34:57.842 > mcnt:2970,566,565,0,0

16:34:57.937 > mcnt:2971,566,565,0,0

16:34:58.049 > mcnt:2972,566,565,0,0

16:34:58.146 > mcnt:2973,566,565,0,0

16:34:58.241 > mcnt:2974,566,565,0,0

16:34:58.337 > mcnt:2975,566,565,0,0

16:34:58.449 > mcnt:2976,566,565,0,0

16:34:58.545 > mcnt:2977,566,565,0,0

16:34:58.641 > mcnt:2978,566,565,0,0

16:34:58.738 > mcnt:2979,566,565,0,0

16:34:58.850 > mcnt:2980,566,565,0,0

16:34:58.946 > mcnt:2981,566,565,0,0

16:34:59.041 > mcnt:2982,566,565,0,0

16:34:59.137 > mcnt:2983,566,565,0,0

16:34:59.249 > mcnt:2984,566,565,0,0

16:34:59.345 > mcnt:2985,566,565,0,0

16:34:59.441 > mcnt:2986,566,565,0,0

16:34:59.537 > mcnt:2987,566,565,0,0

16:34:59.649 > mcnt:2988,566,565,0,0

16:34:59.745 > mcnt:2989,566,565,0,0

16:34:59.841 > mcnt:2990,566,565,0,0

16:34:59.938 > mcnt:2991,566,565,0,0

16:35:00.049 > mcnt:2992,566,565,0,0

16:35:00.146 > mcnt:2993,566,565,0,0

16:35:00.241 > mcnt:2994,566,565,0,0

16:35:00.338 > mcnt:2995,566,565,0,0

16:35:00.465 > mcnt:2996,566,565,0,0

16:35:00.546 > mcnt:2997,566,565,0,0

16:35:00.641 > mcnt:2998,566,565,0,0

16:35:00.738 > mcnt:2999,566,565,0,0

16:35:00.850 > mcnt:3000,566,565,0,0

16:35:00.945 > mcnt:3001,566,565,0,0

16:35:01.042 > mcnt:3002,566,565,0,0

16:35:01.138 > mcnt:3003,566,565,0,0

16:35:01.249 > mcnt:3004,566,565,0,0

16:35:01.345 > mcnt:3005,566,565,0,0

16:35:01.441 > mcnt:3006,566,565,0,0

16:35:01.545 > mcnt:3007,566,565,0,0

16:35:01.649 > mcnt:3008,566,565,0,0

16:35:01.745 > mcnt:3009,566,565,0,0

16:35:01.841 > mcnt:3010,566,565,0,0

16:35:01.937 > mcnt:3011,566,565,0,0

16:35:02.049 > mcnt:3012,566,565,0,0

16:35:02.145 > mcnt:3013,566,565,0,0

16:35:02.241 > mcnt:3014,566,565,0,0

16:35:02.337 > mcnt:3015,566,565,0,0

16:35:02.449 > mcnt:3016,566,565,0,0

16:35:02.545 > mcnt:3017,566,565,0,0

16:35:02.641 > mcnt:3018,566,565,0,0

16:35:02.737 > mcnt:3019,566,565,0,0

16:35:02.850 > mcnt:3020,566,565,0,0

16:35:02.945 > mcnt:3021,566,565,0,0

16:35:03.041 > mcnt:3022,566,565,0,0

16:35:03.137 > mcnt:3023,566,565,0,0

16:35:03.249 > mcnt:3024,566,565,0,0

16:35:03.345 > mcnt:3025,566,565,0,0

16:35:03.441 > mcnt:3026,566,565,0,0

16:35:03.538 > mcnt:3027,566,565,0,0

16:35:03.650 > mcnt:3028,566,565,0,0

16:35:03.745 > mcnt:3029,566,565,0,0

16:35:03.841 > mcnt:3030,566,565,0,0

16:35:03.937 > mcnt:3031,566,565,0,0

16:35:04.050 > mcnt:3032,566,565,0,0

16:35:04.145 > mcnt:3033,566,565,0,0

16:35:04.241 > mcnt:3034,566,565,0,0

16:35:04.337 > mcnt:3035,566,565,0,0

16:35:04.449 > mcnt:3036,566,565,0,0

16:35:04.546 > mcnt:3037,566,565,0,0

16:35:04.641 > mcnt:3038,566,565,0,0

16:35:04.737 > mcnt:3039,566,565,0,0

16:35:04.849 > mcnt:3040,566,565,0,0

16:35:04.945 > mcnt:3041,566,565,0,0

16:35:05.042 > mcnt:3042,566,565,0,0

16:35:05.137 > mcnt:3043,566,565,0,0

16:35:05.249 > mcnt:3044,566,565,0,0

16:35:05.345 > mcnt:3045,566,565,0,0

16:35:05.441 > mcnt:3046,566,565,0,0

16:35:05.537 > mcnt:3047,566,565,0,0

16:35:05.649 > mcnt:3048,566,565,0,0

16:35:05.745 > mcnt:3049,566,565,0,0

16:35:05.841 > mcnt:3050,566,565,0,0

16:35:05.937 > mcnt:3051,566,565,0,0

16:35:06.049 > mcnt:3052,566,565,0,0

16:35:06.145 > mcnt:3053,566,565,0,0

16:35:06.241 > mcnt:3054,566,565,0,0

16:35:06.337 > mcnt:3055,566,566,0,0

16:35:06.449 > mcnt:3056,566,566,0,0

16:35:06.544 > mcnt:3057,566,566,0,0

16:35:06.641 > mcnt:3058,566,566,0,0

16:35:06.737 > mcnt:3059,566,566,0,0

16:35:06.849 > mcnt:3060,566,566,0,0

16:35:06.945 > mcnt:3061,566,566,0,0

16:35:07.041 > mcnt:3062,566,566,0,0

16:35:07.137 > mcnt:3063,566,566,0,0

16:35:07.249 > mcnt:3064,566,566,0,0

16:35:07.345 > mcnt:3065,566,566,0,0

16:35:07.441 > mcnt:3066,566,566,0,0

16:35:07.537 > mcnt:3067,566,566,0,0

16:35:07.649 > mcnt:3068,566,566,0,0

16:35:07.745 > mcnt:3069,566,566,0,0

16:35:07.841 > mcnt:3070,566,566,0,0

16:35:07.937 > mcnt:3071,566,566,0,0

16:35:08.049 > mcnt:3072,566,566,0,0

16:35:08.145 > mcnt:3073,566,566,0,0

16:35:08.241 > mcnt:3074,566,566,0,0

16:35:08.337 > mcnt:3075,566,566,0,0

16:35:08.449 > mcnt:3076,566,566,0,0

16:35:08.545 > mcnt:3077,566,566,0,0

16:35:08.641 > mcnt:3078,566,566,0,0

16:35:08.737 > mcnt:3079,566,566,0,0

16:35:08.849 > mcnt:3080,566,566,0,0

16:35:08.944 > mcnt:3081,566,566,0,0

16:35:09.041 > mcnt:3082,566,566,0,0

16:35:09.137 > mcnt:3083,566,566,0,0

16:35:09.248 > mcnt:3084,566,566,0,0

16:35:09.345 > mcnt:3085,566,566,0,0

16:35:09.441 > mcnt:3086,566,566,0,0

16:35:09.537 > mcnt:3087,566,566,0,0

16:35:09.649 > mcnt:3088,566,566,0,0

16:35:09.745 > mcnt:3089,566,566,0,0

16:35:09.840 > mcnt:3090,566,566,0,0

16:35:09.937 > mcnt:3091,566,566,0,0

16:35:10.049 > mcnt:3092,566,566,0,0

16:35:10.145 > mcnt:3093,566,566,0,0

16:35:10.241 > mcnt:3094,566,566,0,0

16:35:10.337 > mcnt:3095,566,566,0,0

16:35:10.457 > mcnt:3096,566,566,0,0

16:35:10.545 > mcnt:3097,566,566,0,0

16:35:10.641 > mcnt:3098,566,566,0,0

16:35:10.737 > mcnt:3099,566,566,0,0

16:35:10.849 > mcnt:3100,566,566,0,0

16:35:10.945 > mcnt:3101,566,566,0,0

16:35:11.041 > mcnt:3102,566,566,0,0

16:35:11.137 > mcnt:3103,566,566,0,0

16:35:11.249 > mcnt:3104,566,566,0,0

16:35:11.345 > mcnt:3105,566,566,0,0

16:35:11.441 > mcnt:3106,566,566,0,0

16:35:11.537 > mcnt:3107,566,566,0,0

16:35:11.649 > mcnt:3108,566,566,0,0

16:35:11.745 > mcnt:3109,566,566,0,0

16:35:11.841 > mcnt:3110,566,566,0,0

16:35:11.937 > mcnt:3111,566,566,0,0

16:35:12.049 > mcnt:3112,566,566,0,0

16:35:12.145 > mcnt:3113,566,566,0,0

16:35:12.241 > mcnt:3114,566,566,0,0

16:35:12.337 > mcnt:3115,566,566,0,0

16:35:12.449 > mcnt:3116,566,566,0,0

16:35:12.544 > mcnt:3117,566,566,0,0

16:35:12.641 > mcnt:3118,566,566,0,0

16:35:12.737 > mcnt:3119,566,566,0,0

16:35:12.849 > mcnt:3120,566,566,0,0

16:35:12.945 > mcnt:3121,566,566,0,0

16:35:13.041 > mcnt:3122,566,566,0,0

16:35:13.136 > mcnt:3123,566,566,0,0

16:35:13.249 > mcnt:3124,566,566,0,0

16:35:13.345 > mcnt:3125,566,566,0,0

16:35:13.440 > mcnt:3126,566,566,0,0

16:35:13.537 > mcnt:3127,566,566,0,0

16:35:13.649 > mcnt:3128,566,566,0,0

16:35:13.745 > mcnt:3129,566,566,0,0

16:35:13.841 > mcnt:3130,566,566,0,0

16:35:13.937 > mcnt:3131,566,566,0,0

16:35:14.049 > mcnt:3132,566,566,0,0

16:35:14.145 > mcnt:3133,566,566,0,0

16:35:14.241 > mcnt:3134,566,566,0,0

16:35:14.337 > mcnt:3135,566,566,0,0

16:35:14.449 > mcnt:3136,566,566,0,0

16:35:14.545 > mcnt:3137,566,566,0,0

16:35:14.641 > mcnt:3138,566,566,0,0

16:35:14.738 > mcnt:3139,566,566,0,0

16:35:14.848 > mcnt:3140,566,566,0,0

16:35:14.944 > mcnt:3141,566,566,0,0

16:35:15.040 > mcnt:3142,566,566,0,0

16:35:15.137 > mcnt:3143,566,566,0,0

16:35:15.249 > mcnt:3144,566,566,0,0

16:35:15.345 > mcnt:3145,566,566,0,0

16:35:15.441 > mcnt:3146,566,566,0,0

16:35:15.537 > mcnt:3147,566,566,0,0

16:35:15.649 > mcnt:3148,566,566,0,0

16:35:15.745 > mcnt:3149,566,566,0,0

16:35:15.840 > mcnt:3150,566,566,0,0

16:35:15.937 > mcnt:3151,566,566,0,0

16:35:16.049 > mcnt:3152,566,566,0,0

16:35:16.145 > mcnt:3153,566,566,0,0

16:35:16.242 > mcnt:3154,566,566,0,0

16:35:16.337 > mcnt:3155,566,566,0,0

16:35:16.449 > mcnt:3156,566,566,0,0

16:35:16.545 > mcnt:3157,566,566,0,0

16:35:16.641 > mcnt:3158,566,566,0,0

16:35:16.737 > mcnt:3159,566,566,0,0

16:35:16.849 > mcnt:3160,566,566,0,0

16:35:16.945 > mcnt:3161,566,566,0,0

16:35:17.041 > mcnt:3162,566,566,0,0

16:35:17.137 > mcnt:3163,566,566,0,0

16:35:17.249 > mcnt:3164,566,565,0,0

16:35:17.345 > mcnt:3165,566,565,0,0

16:35:17.441 > mcnt:3166,566,565,0,0

16:35:17.537 > mcnt:3167,566,565,0,0

16:35:17.649 > mcnt:3168,566,565,0,0

16:35:17.744 > mcnt:3169,566,565,0,0

16:35:17.872 > mcnt:3170,566,565,0,0

16:35:17.945 > mcnt:3171,566,565,0,0

16:35:18.040 > mcnt:3172,566,565,0,0

16:35:18.137 > mcnt:3173,566,565,0,0

16:35:18.249 > mcnt:3174,566,565,0,0

16:35:18.345 > mcnt:3175,566,565,0,0

16:35:18.441 > mcnt:3176,566,565,0,0

16:35:18.537 > mcnt:3177,566,565,0,0

16:35:18.648 > mcnt:3178,566,565,0,0

16:35:18.745 > mcnt:3179,566,565,0,0

16:35:18.841 > mcnt:3180,566,565,0,0

16:35:18.936 > mcnt:3181,566,565,0,0

16:35:19.049 > mcnt:3182,566,565,0,0

16:35:19.145 > mcnt:3183,566,565,0,0

16:35:19.241 > mcnt:3184,566,565,0,0

16:35:19.348 > mcnt:3185,566,565,0,0

16:35:19.449 > mcnt:3186,566,565,0,0

16:35:19.545 > mcnt:3187,566,565,0,0

16:35:19.641 > mcnt:3188,566,565,0,0

16:35:19.737 > mcnt:3189,566,565,0,0

16:35:19.849 > mcnt:3190,566,565,0,0

16:35:19.945 > mcnt:3191,566,565,0,0

16:35:20.041 > mcnt:3192,566,565,0,0

16:35:20.137 > mcnt:3193,566,565,0,0

16:35:20.249 > mcnt:3194,566,565,0,0

16:35:20.345 > mcnt:3195,566,565,0,0

16:35:20.440 > mcnt:3196,566,565,0,0

16:35:20.537 > mcnt:3197,566,565,0,0

16:35:20.649 > mcnt:3198,566,565,0,0

16:35:20.745 > mcnt:3199,566,565,0,0

16:35:20.851 > mcnt:3200,566,565,0,0

16:35:20.937 > mcnt:3201,566,565,0,0

16:35:21.049 > mcnt:3202,566,565,0,0

16:35:21.144 > mcnt:3203,566,565,0,0

16:35:21.241 > mcnt:3204,566,565,0,0

16:35:21.337 > mcnt:3205,566,565,0,0

16:35:21.449 > mcnt:3206,566,565,0,0

16:35:21.544 > mcnt:3207,566,565,0,0

16:35:21.641 > mcnt:3208,566,565,0,0

16:35:21.737 > mcnt:3209,566,565,0,0

16:35:21.849 > mcnt:3210,566,565,0,0

16:35:21.944 > mcnt:3211,566,565,0,0

16:35:22.041 > mcnt:3212,566,565,0,0

16:35:22.137 > mcnt:3213,566,565,0,0

16:35:22.249 > mcnt:3214,566,565,0,0

16:35:22.345 > mcnt:3215,566,565,0,0

16:35:22.441 > mcnt:3216,566,565,0,0

16:35:22.537 > mcnt:3217,566,565,0,0

16:35:22.649 > mcnt:3218,566,565,0,0

16:35:22.744 > mcnt:3219,566,565,0,0

16:35:22.841 > mcnt:3220,566,565,0,0

16:35:22.937 > mcnt:3221,566,565,0,0

16:35:23.049 > mcnt:3222,566,565,0,0

16:35:23.145 > mcnt:3223,566,565,0,0

16:35:23.241 > mcnt:3224,566,565,0,0

16:35:23.337 > mcnt:3225,566,565,0,0

16:35:23.449 > mcnt:3226,566,565,0,0

16:35:23.544 > mcnt:3227,566,565,0,0

16:35:23.641 > mcnt:3228,566,565,0,0

16:35:23.737 > mcnt:3229,566,565,0,0

16:35:23.848 > mcnt:3230,566,565,0,0

16:35:23.945 > mcnt:3231,566,565,0,0

16:35:24.041 > mcnt:3232,566,565,0,0

16:35:24.137 > mcnt:3233,566,565,0,0

16:35:24.248 > mcnt:3234,566,565,0,0

16:35:24.345 > mcnt:3235,566,565,0,0

16:35:24.441 > mcnt:3236,566,565,0,0

16:35:24.537 > mcnt:3237,566,565,0,0

16:35:24.648 > mcnt:3238,566,565,0,0

16:35:24.745 > mcnt:3239,566,565,0,0

16:35:24.841 > mcnt:3240,566,565,0,0

16:35:24.936 > mcnt:3241,566,565,0,0

16:35:25.049 > mcnt:3242,566,565,0,0

16:35:25.145 > mcnt:3243,566,565,0,0

16:35:25.241 > mcnt:3244,566,565,0,0

16:35:25.337 > mcnt:3245,566,565,0,0

16:35:25.448 > mcnt:3246,566,565,0,0

16:35:25.544 > mcnt:3247,566,565,0,0

16:35:25.640 > mcnt:3248,566,565,0,0

16:35:25.737 > mcnt:3249,566,565,0,0

16:35:25.848 > mcnt:3250,566,565,0,0

16:35:25.945 > mcnt:3251,566,565,0,0

16:35:26.040 > mcnt:3252,566,565,0,0

16:35:26.137 > mcnt:3253,566,565,0,0

16:35:26.249 > mcnt:3254,566,565,0,0

16:35:26.344 > mcnt:3255,566,565,0,0

16:35:26.441 > mcnt:3256,566,565,0,0

16:35:26.537 > mcnt:3257,566,565,0,0

16:35:26.649 > mcnt:3258,566,565,0,0

16:35:26.745 > mcnt:3259,566,565,0,0

16:35:26.840 > mcnt:3260,566,565,0,0

16:35:26.937 > mcnt:3261,566,565,0,0

16:35:27.048 > mcnt:3262,566,565,0,0

16:35:27.145 > mcnt:3263,566,565,0,0

16:35:27.241 > mcnt:3264,566,565,0,0

16:35:27.337 > mcnt:3265,566,565,0,0

16:35:27.448 > mcnt:3266,566,565,0,0

16:35:27.544 > mcnt:3267,566,565,0,0

16:35:27.641 > mcnt:3268,566,565,0,0

16:35:27.737 > mcnt:3269,566,565,0,0

16:35:27.849 > mcnt:3270,566,565,0,0

16:35:27.945 > mcnt:3271,566,565,0,0

16:35:28.041 > mcnt:3272,566,565,0,0

16:35:28.137 > mcnt:3273,566,565,0,0

16:35:28.249 > mcnt:3274,566,565,0,0

16:35:28.345 > mcnt:3275,566,565,0,0

16:35:28.441 > mcnt:3276,566,565,0,0

16:35:28.537 > mcnt:3277,566,565,0,0

16:35:28.649 > mcnt:3278,566,565,0,0

16:35:28.744 > mcnt:3279,566,565,0,0

16:35:28.841 > mcnt:3280,566,565,0,0

16:35:28.937 > mcnt:3281,566,565,0,0

16:35:29.048 > mcnt:3282,566,565,0,0

16:35:29.144 > mcnt:3283,566,565,0,0

16:35:29.240 > mcnt:3284,566,565,0,0

16:35:29.337 > mcnt:3285,566,565,0,0

16:35:29.449 > mcnt:3286,566,565,0,0

16:35:29.544 > mcnt:3287,566,565,0,0

16:35:29.642 > mcnt:3288,566,565,0,0

16:35:29.736 > mcnt:3289,566,565,0,0

16:35:29.848 > mcnt:3290,566,565,0,0

16:35:29.945 > mcnt:3291,566,565,0,0

16:35:30.041 > mcnt:3292,566,565,0,0

16:35:30.137 > mcnt:3293,566,565,0,0

16:35:30.249 > mcnt:3294,566,565,0,0

16:35:30.345 > mcnt:3295,566,565,0,0

16:35:30.440 > mcnt:3296,566,565,0,0

16:35:30.537 > mcnt:3297,566,565,0,0

16:35:30.649 > mcnt:3298,566,565,0,0

16:35:30.745 > mcnt:3299,566,565,0,0

16:35:30.841 > mcnt:3300,566,565,0,0

16:35:30.936 > mcnt:3301,566,565,0,0

16:35:31.049 > mcnt:3302,566,565,0,0

16:35:31.145 > mcnt:3303,566,565,0,0

16:35:31.241 > mcnt:3304,566,565,0,0

16:35:31.337 > mcnt:3305,566,565,0,0

16:35:31.449 > mcnt:3306,566,565,0,0

16:35:31.545 > mcnt:3307,566,565,0,0

16:35:31.640 > mcnt:3308,566,565,0,0

16:35:31.737 > mcnt:3309,566,565,0,0

16:35:31.848 > mcnt:3310,566,565,0,0

16:35:31.945 > mcnt:3311,566,565,0,0

16:35:32.041 > mcnt:3312,566,565,0,0

16:35:32.136 > mcnt:3313,566,565,0,0

16:35:32.249 > mcnt:3314,566,565,0,0

16:35:32.345 > mcnt:3315,566,565,0,0

16:35:32.441 > mcnt:3316,566,565,0,0

16:35:32.537 > mcnt:3317,566,565,0,0

16:35:32.648 > mcnt:3318,566,565,0,0

16:35:32.745 > mcnt:3319,566,565,0,0

16:35:32.841 > mcnt:3320,566,565,0,0

16:35:32.936 > mcnt:3321,566,565,0,0

16:35:33.049 > mcnt:3322,566,565,0,0

16:35:33.145 > mcnt:3323,566,565,0,0

16:35:33.241 > mcnt:3324,566,565,0,0

16:35:33.337 > mcnt:3325,566,565,0,0

16:35:33.448 > mcnt:3326,566,565,0,0

16:35:33.545 > mcnt:3327,566,565,0,0

16:35:33.641 > mcnt:3328,566,565,0,0

16:35:33.737 > mcnt:3329,566,565,0,0

16:35:33.848 > mcnt:3330,566,565,0,0

16:35:33.945 > mcnt:3331,566,565,0,0

16:35:34.041 > mcnt:3332,566,565,0,0

16:35:34.137 > mcnt:3333,566,565,0,0

16:35:34.249 > mcnt:3334,566,565,0,0

16:35:34.344 > mcnt:3335,566,565,0,0

16:35:34.441 > mcnt:3336,566,565,0,0

16:35:34.536 > mcnt:3337,566,565,0,0

16:35:34.649 > mcnt:3338,566,565,0,0

16:35:34.745 > mcnt:3339,566,565,0,0

16:35:34.841 > mcnt:3340,566,565,0,0

16:35:34.937 > mcnt:3341,566,565,0,0

16:35:35.049 > mcnt:3342,566,565,0,0

16:35:35.144 > mcnt:3343,566,565,0,0

16:35:35.241 > mcnt:3344,566,565,0,0

16:35:35.336 > mcnt:3345,566,565,0,0

16:35:35.449 > mcnt:3346,566,565,0,0

16:35:35.544 > mcnt:3347,566,565,0,0

16:35:35.640 > mcnt:3348,566,566,0,0

16:35:35.736 > mcnt:3349,566,565,0,0

16:35:35.848 > mcnt:3350,566,565,0,0

16:35:35.950 > mcnt:3351,566,565,0,0

16:35:36.041 > mcnt:3352,566,565,0,0

16:35:36.137 > mcnt:3353,566,565,0,0

16:35:36.249 > mcnt:3354,566,565,0,0

16:35:36.345 > mcnt:3355,566,565,0,0

16:35:36.440 > mcnt:3356,566,565,0,0

16:35:36.536 > mcnt:3357,566,565,0,0

16:35:36.649 > mcnt:3358,566,565,0,0

16:35:36.744 > mcnt:3359,566,565,0,0

16:35:36.841 > mcnt:3360,566,565,0,0

16:35:36.937 > mcnt:3361,566,565,0,0

16:35:37.049 > mcnt:3362,566,565,0,0

16:35:37.145 > mcnt:3363,566,565,0,0

16:35:37.241 > mcnt:3364,566,565,0,0

16:35:37.337 > mcnt:3365,566,565,0,0

16:35:37.449 > mcnt:3366,566,565,0,0

16:35:37.544 > mcnt:3367,566,565,0,0

16:35:37.641 > mcnt:3368,566,565,0,0

16:35:37.736 > mcnt:3369,566,565,0,0

16:35:37.849 > mcnt:3370,566,565,0,0

16:35:37.945 > mcnt:3371,566,565,0,0

16:35:38.041 > mcnt:3372,566,565,0,0

16:35:38.143 > mcnt:3373,566,565,0,0

16:35:38.249 > mcnt:3374,566,565,0,0

16:35:38.344 > mcnt:3375,566,565,0,0

16:35:38.440 > mcnt:3376,566,565,0,0

16:35:38.536 > mcnt:3377,566,565,0,0

16:35:38.649 > mcnt:3378,566,565,0,0

16:35:38.744 > mcnt:3379,566,565,0,0

16:35:38.840 > mcnt:3380,566,565,0,0

16:35:38.937 > mcnt:3381,566,565,0,0

16:35:39.049 > mcnt:3382,566,565,0,0

16:35:39.145 > mcnt:3383,566,565,0,0

16:35:39.240 > mcnt:3384,566,565,0,0

16:35:39.336 > mcnt:3385,566,565,0,0

16:35:39.449 > mcnt:3386,566,565,0,0

16:35:39.544 > mcnt:3387,566,565,0,0

16:35:39.640 > mcnt:3388,566,565,0,0

16:35:39.736 > mcnt:3389,566,565,0,0

16:35:39.849 > mcnt:3390,566,565,0,0

16:35:39.944 > mcnt:3391,566,565,0,0

16:35:40.041 > mcnt:3392,566,565,0,0

16:35:40.136 > mcnt:3393,566,565,0,0

16:35:40.249 > mcnt:3394,566,565,0,0

16:35:40.344 > mcnt:3395,566,565,0,0

16:35:40.440 > mcnt:3396,566,565,0,0

16:35:40.537 > mcnt:3397,566,565,0,0

16:35:40.649 > mcnt:3398,566,565,0,0

16:35:40.744 > mcnt:3399,566,565,0,0

16:35:40.840 > mcnt:3400,566,565,0,0

16:35:40.937 > mcnt:3401,566,565,0,0

16:35:41.048 > mcnt:3402,566,565,0,0

16:35:41.145 > mcnt:3403,566,565,0,0

16:35:41.241 > mcnt:3404,566,565,0,0

16:35:41.336 > mcnt:3405,566,565,0,0

16:35:41.448 > mcnt:3406,566,565,0,0

16:35:41.544 > mcnt:3407,566,565,0,0

16:35:41.641 > mcnt:3408,566,565,0,0

16:35:41.736 > mcnt:3409,566,565,0,0

16:35:41.849 > mcnt:3410,566,565,0,0

16:35:41.944 > mcnt:3411,566,565,0,0

16:35:42.040 > mcnt:3412,566,565,0,0

16:35:42.136 > mcnt:3413,566,565,0,0

16:35:42.249 > mcnt:3414,566,565,0,0

16:35:42.344 > mcnt:3415,566,565,0,0

16:35:42.440 > mcnt:3416,566,565,0,0

16:35:42.537 > mcnt:3417,566,565,0,0

16:35:42.649 > mcnt:3418,566,565,0,0

16:35:42.745 > mcnt:3419,566,565,0,0

16:35:42.840 > mcnt:3420,566,565,0,0

16:35:42.936 > mcnt:3421,566,565,0,0

16:35:43.048 > mcnt:3422,566,565,0,0

16:35:43.144 > mcnt:3423,566,565,0,0

16:35:43.240 > mcnt:3424,566,565,0,0

16:35:43.336 > mcnt:3425,566,565,0,0

16:35:43.448 > mcnt:3426,566,565,0,0

16:35:43.544 > mcnt:3427,566,565,0,0

16:35:43.640 > mcnt:3428,566,565,0,0

16:35:43.736 > mcnt:3429,566,565,0,0

16:35:43.848 > mcnt:3430,566,565,0,0

16:35:43.944 > mcnt:3431,566,565,0,0

16:35:44.040 > mcnt:3432,566,565,0,0

16:35:44.136 > mcnt:3433,566,565,0,0

16:35:44.256 > mcnt:3434,566,565,0,0

16:35:44.350 > mcnt:3435,566,565,0,0

16:35:44.446 > mcnt:3436,566,565,0,0

16:35:44.542 > mcnt:3437,566,565,0,0

16:35:44.638 > mcnt:3438,566,565,0,0

16:35:44.751 > mcnt:3439,566,565,0,0

16:35:44.846 > mcnt:3440,566,565,0,0

16:35:44.942 > mcnt:3441,566,565,0,0

16:35:45.038 > mcnt:3442,566,565,0,0

16:35:45.150 > mcnt:3443,566,565,0,0

16:35:45.246 > mcnt:3444,566,565,0,0

16:35:45.342 > mcnt:3445,566,565,0,0

16:35:45.438 > mcnt:3446,566,565,0,0

16:35:45.550 > mcnt:3447,566,565,0,0

16:35:45.646 > mcnt:3448,566,565,0,0

16:35:45.742 > mcnt:3449,566,565,0,0

16:35:45.839 > mcnt:3450,566,565,0,0

16:35:45.950 > mcnt:3451,566,565,0,0

16:35:46.046 > mcnt:3452,566,565,0,0

16:35:46.142 > mcnt:3453,566,565,0,0

16:35:46.238 > mcnt:3454,566,565,0,0

16:35:46.350 > mcnt:3455,566,565,0,0

16:35:46.446 > mcnt:3456,566,565,0,0

16:35:46.542 > mcnt:3457,566,565,0,0

16:35:46.639 > mcnt:3458,566,565,0,0

16:35:46.750 > mcnt:3459,566,565,0,0

16:35:46.846 > mcnt:3460,566,565,0,0

16:35:46.942 > mcnt:3461,566,565,0,0

16:35:47.038 > mcnt:3462,566,565,0,0

16:35:47.150 > mcnt:3463,566,565,0,0

16:35:47.246 > mcnt:3464,566,565,0,0

16:35:47.342 > mcnt:3465,566,565,0,0

16:35:47.438 > mcnt:3466,566,565,0,0

16:35:47.550 > mcnt:3467,566,565,0,0

16:35:47.646 > mcnt:3468,566,565,0,0

16:35:47.742 > mcnt:3469,566,565,0,0

16:35:47.838 > mcnt:3470,566,565,0,0

16:35:47.950 > mcnt:3471,566,565,0,0

16:35:48.046 > mcnt:3472,566,565,0,0

16:35:48.142 > mcnt:3473,566,565,0,0

16:35:48.238 > mcnt:3474,566,565,0,0

16:35:48.350 > mcnt:3475,566,565,0,0

16:35:48.446 > mcnt:3476,566,565,0,0

16:35:48.541 > mcnt:3477,566,565,0,0

16:35:48.638 > mcnt:3478,566,565,0,0

16:35:48.750 > mcnt:3479,566,565,0,0

16:35:48.846 > mcnt:3480,566,565,0,0

16:35:48.942 > mcnt:3481,566,565,0,0

16:35:49.038 > mcnt:3482,566,565,0,0

16:35:49.150 > mcnt:3483,566,565,0,0

16:35:49.246 > mcnt:3484,566,565,0,0

16:35:49.342 > mcnt:3485,566,565,0,0

16:35:49.438 > mcnt:3486,566,565,0,0

16:35:49.550 > mcnt:3487,566,565,0,0

16:35:49.646 > mcnt:3488,566,565,0,0

16:35:49.741 > mcnt:3489,566,565,0,0

16:35:49.838 > mcnt:3490,566,565,0,0

16:35:49.950 > mcnt:3491,566,565,0,0

16:35:50.046 > mcnt:3492,566,565,0,0

16:35:50.141 > mcnt:3493,566,565,0,0

16:35:50.239 > mcnt:3494,566,565,0,0

16:35:50.350 > mcnt:3495,566,565,0,0

16:35:50.446 > mcnt:3496,566,565,0,0

16:35:50.542 > mcnt:3497,566,565,0,0

16:35:50.638 > mcnt:3498,566,565,0,0

16:35:50.750 > mcnt:3499,566,565,0,0

16:35:50.845 > mcnt:3500,566,565,0,0

16:35:50.942 > mcnt:3501,566,565,0,0

16:35:51.038 > mcnt:3502,566,565,0,0

16:35:51.150 > mcnt:3503,566,565,0,0

16:35:51.246 > mcnt:3504,566,565,0,0

16:35:51.342 > mcnt:3505,566,565,0,0

16:35:51.437 > mcnt:3506,566,565,0,0

16:35:51.550 > mcnt:3507,566,565,0,0

16:35:51.645 > mcnt:3508,566,565,0,0

16:35:51.742 > mcnt:3509,566,565,0,0

16:35:51.838 > mcnt:3510,566,565,0,0

16:35:51.952 > mcnt:3511,566,565,0,0

16:35:52.046 > mcnt:3512,566,565,0,0

16:35:52.142 > mcnt:3513,566,565,0,0

16:35:52.238 > mcnt:3514,566,565,0,0

16:35:52.350 > mcnt:3515,566,565,0,0

16:35:52.446 > mcnt:3516,566,565,0,0

16:35:52.542 > mcnt:3517,566,565,0,0

16:35:52.638 > mcnt:3518,566,565,0,0

16:35:52.750 > mcnt:3519,566,565,0,0

16:35:52.845 > mcnt:3520,566,565,0,0

16:35:52.942 > mcnt:3521,566,565,0,0

16:35:53.039 > mcnt:3522,566,565,0,0

16:35:53.150 > mcnt:3523,566,565,0,0

16:35:53.246 > mcnt:3524,566,565,0,0

16:35:53.342 > mcnt:3525,566,565,0,0

16:35:53.438 > mcnt:3526,566,565,0,0

16:35:53.550 > mcnt:3527,566,565,0,0

16:35:53.646 > mcnt:3528,566,565,0,0

16:35:53.742 > mcnt:3529,566,565,0,0

16:35:53.838 > mcnt:3530,566,565,0,0

16:35:53.950 > mcnt:3531,566,565,0,0

16:35:54.046 > mcnt:3532,566,565,0,0

16:35:54.142 > mcnt:3533,566,565,0,0

16:35:54.238 > mcnt:3534,566,565,0,0

16:35:54.350 > mcnt:3535,566,565,0,0

16:35:54.446 > mcnt:3536,566,565,0,0

16:35:54.542 > mcnt:3537,566,565,0,0

16:35:54.638 > mcnt:3538,566,565,0,0

16:35:54.750 > mcnt:3539,566,565,0,0

16:35:54.846 > mcnt:3540,566,565,0,0

16:35:54.942 > mcnt:3541,566,565,0,0

16:35:55.039 > mcnt:3542,566,565,0,0

16:35:55.149 > mcnt:3543,566,565,0,0

16:35:55.246 > mcnt:3544,566,565,0,0

16:35:55.342 > mcnt:3545,566,565,0,0

16:35:55.438 > mcnt:3546,566,565,0,0

16:35:55.550 > mcnt:3547,566,565,0,0

16:35:55.645 > mcnt:3548,566,565,0,0

16:35:55.741 > mcnt:3549,566,565,0,0

16:35:55.838 > mcnt:3550,566,565,0,0

16:35:55.955 > mcnt:3551,566,565,0,0

16:35:56.046 > mcnt:3552,566,565,0,0

16:35:56.142 > mcnt:3553,566,565,0,0

16:35:56.238 > mcnt:3554,566,565,0,0

16:35:56.350 > mcnt:3555,566,565,0,0

16:35:56.447 > mcnt:3556,566,565,0,0

16:35:56.541 > mcnt:3557,566,565,0,0

16:35:56.638 > mcnt:3558,566,565,0,0

16:35:56.750 > mcnt:3559,566,565,0,0

16:35:56.846 > mcnt:3560,566,565,0,0

16:35:56.942 > mcnt:3561,566,565,0,0

16:35:57.038 > mcnt:3562,566,565,0,0

16:35:57.150 > mcnt:3563,566,565,0,0

16:35:57.246 > mcnt:3564,566,565,0,0

16:35:57.342 > mcnt:3565,566,565,0,0

16:35:57.438 > mcnt:3566,566,565,0,0

16:35:57.550 > mcnt:3567,566,565,0,0

16:35:57.646 > mcnt:3568,566,565,0,0

16:35:57.742 > mcnt:3569,566,565,0,0

16:35:57.838 > mcnt:3570,566,565,0,0

16:35:57.950 > mcnt:3571,566,565,0,0

16:35:58.046 > mcnt:3572,566,565,0,0

16:35:58.142 > mcnt:3573,566,565,0,0

16:35:58.238 > mcnt:3574,566,565,0,0

16:35:58.349 > mcnt:3575,566,565,0,0

16:35:58.446 > mcnt:3576,566,565,0,0

16:35:58.543 > mcnt:3577,566,565,0,0

16:35:58.638 > mcnt:3578,566,565,0,0

16:35:58.750 > mcnt:3579,566,565,0,0

16:35:58.846 > mcnt:3580,566,565,0,0

16:35:58.942 > mcnt:3581,566,565,0,0

16:35:59.038 > mcnt:3582,566,565,0,0

16:35:59.150 > mcnt:3583,566,565,0,0

16:35:59.246 > mcnt:3584,566,565,0,0

16:35:59.341 > mcnt:3585,566,565,0,0

16:35:59.437 > mcnt:3586,566,565,0,0

16:35:59.549 > mcnt:3587,566,565,0,0

16:35:59.646 > mcnt:3588,566,565,0,0

16:35:59.742 > mcnt:3589,566,565,0,0

16:35:59.838 > mcnt:3590,566,565,0,0

16:35:59.951 > mcnt:3591,566,565,0,0

16:36:00.046 > mcnt:3592,566,565,0,0

16:36:00.141 > mcnt:3593,566,565,0,0

16:36:00.238 > mcnt:3594,566,565,0,0

16:36:00.350 > mcnt:3595,566,565,0,0

16:36:00.446 > mcnt:3596,566,565,0,0

16:36:00.542 > mcnt:3597,566,565,0,0

16:36:00.638 > mcnt:3598,566,565,0,0

16:36:00.750 > mcnt:3599,566,565,0,0

16:36:00.846 > mcnt:3600,566,565,0,0

16:36:00.942 > mcnt:3601,566,565,0,0

16:36:01.038 > mcnt:3602,566,565,0,0

16:36:01.150 > mcnt:3603,566,565,0,0

16:36:01.246 > mcnt:3604,566,565,0,0

16:36:01.342 > mcnt:3605,566,565,0,0

16:36:01.438 > mcnt:3606,566,565,0,0

16:36:01.550 > mcnt:3607,566,565,0,0

16:36:01.646 > mcnt:3608,566,565,0,0

16:36:01.742 > mcnt:3609,566,565,0,0

16:36:01.837 > mcnt:3610,566,565,0,0

16:36:01.950 > mcnt:3611,566,565,0,0

16:36:02.046 > mcnt:3612,566,565,0,0

16:36:02.141 > mcnt:3613,566,565,0,0

16:36:02.238 > mcnt:3614,566,565,0,0

16:36:02.350 > mcnt:3615,566,565,0,0

16:36:02.446 > mcnt:3616,566,565,0,0

16:36:02.542 > mcnt:3617,566,565,0,0

16:36:02.638 > mcnt:3618,566,565,0,0

16:36:02.750 > mcnt:3619,566,565,0,0

16:36:02.846 > mcnt:3620,566,565,0,0

16:36:02.942 > mcnt:3621,566,565,0,0

16:36:03.038 > mcnt:3622,566,565,0,0

16:36:03.150 > mcnt:3623,566,565,0,0

16:36:03.246 > mcnt:3624,566,565,0,0

16:36:03.349 > mcnt:3625,566,565,0,0

16:36:03.438 > mcnt:3626,566,565,0,0

16:36:03.550 > mcnt:3627,566,565,0,0

16:36:03.645 > mcnt:3628,566,565,0,0

16:36:03.742 > mcnt:3629,566,565,0,0

16:36:03.837 > mcnt:3630,566,565,0,0

16:36:03.949 > mcnt:3631,566,565,0,0

16:36:04.045 > mcnt:3632,566,565,0,0

16:36:04.142 > mcnt:3633,566,565,0,0

16:36:04.238 > mcnt:3634,566,565,0,0

16:36:04.350 > mcnt:3635,566,565,0,0

16:36:04.446 > mcnt:3636,566,565,0,0

16:36:04.542 > mcnt:3637,566,565,0,0

16:36:04.638 > mcnt:3638,566,565,0,0

16:36:04.749 > mcnt:3639,566,565,0,0

16:36:04.846 > mcnt:3640,566,565,0,0

16:36:04.942 > mcnt:3641,566,565,0,0

16:36:05.038 > mcnt:3642,566,565,0,0

16:36:05.150 > mcnt:3643,566,565,0,0

16:36:05.246 > mcnt:3644,566,565,0,0

16:36:05.341 > mcnt:3645,566,565,0,0

16:36:05.437 > mcnt:3646,566,565,0,0

16:36:05.550 > mcnt:3647,566,565,0,0

16:36:05.646 > mcnt:3648,566,565,0,0

16:36:05.742 > mcnt:3649,566,565,0,0

16:36:05.837 > mcnt:3650,566,565,0,0

16:36:05.949 > mcnt:3651,566,565,0,0

16:36:06.046 > mcnt:3652,566,565,0,0

16:36:06.142 > mcnt:3653,566,565,0,0

16:36:06.238 > mcnt:3654,566,565,0,0

16:36:06.350 > mcnt:3655,566,565,0,0

16:36:06.445 > mcnt:3656,566,565,0,0

16:36:06.542 > mcnt:3657,566,565,0,0

16:36:06.638 > mcnt:3658,566,565,0,0

16:36:06.749 > mcnt:3659,566,565,0,0

16:36:06.846 > mcnt:3660,566,565,0,0

16:36:06.942 > mcnt:3661,566,565,0,0

16:36:07.038 > mcnt:3662,566,565,0,0

16:36:07.150 > mcnt:3663,566,565,0,0

16:36:07.245 > mcnt:3664,566,565,0,0

16:36:07.342 > mcnt:3665,566,565,0,0

16:36:07.438 > mcnt:3666,566,565,0,0

16:36:07.550 > mcnt:3667,566,565,0,0

16:36:07.646 > mcnt:3668,566,565,0,0

16:36:07.741 > mcnt:3669,566,565,0,0

16:36:07.838 > mcnt:3670,566,565,0,0

16:36:07.949 > mcnt:3671,566,565,0,0

16:36:08.046 > mcnt:3672,566,565,0,0

16:36:08.142 > mcnt:3673,566,565,0,0

16:36:08.237 > mcnt:3674,566,565,0,0

16:36:08.349 > mcnt:3675,566,565,0,0

16:36:08.446 > mcnt:3676,566,565,0,0

16:36:08.542 > mcnt:3677,566,565,0,0

16:36:08.637 > mcnt:3678,566,565,0,0

16:36:08.749 > mcnt:3679,566,565,0,0

16:36:08.846 > mcnt:3680,566,565,0,0

16:36:08.942 > mcnt:3681,566,565,0,0

16:36:09.038 > mcnt:3682,566,565,0,0

16:36:09.150 > mcnt:3683,566,565,0,0

16:36:09.246 > mcnt:3684,566,565,0,0

16:36:09.342 > mcnt:3685,566,565,0,0

16:36:09.438 > mcnt:3686,566,565,0,0

16:36:09.549 > mcnt:3687,566,565,0,0

16:36:09.646 > mcnt:3688,566,565,0,0

16:36:09.741 > mcnt:3689,566,565,0,0

16:36:09.837 > mcnt:3690,566,565,0,0

16:36:09.949 > mcnt:3691,566,565,0,0

16:36:10.046 > mcnt:3692,566,565,0,0

16:36:10.141 > mcnt:3693,566,565,0,0

16:36:10.237 > mcnt:3694,566,565,0,0

16:36:10.350 > mcnt:3695,566,565,0,0

16:36:10.446 > mcnt:3696,566,565,0,0

16:36:10.542 > mcnt:3697,566,565,0,0

16:36:10.637 > mcnt:3698,566,565,0,0

16:36:10.750 > mcnt:3699,566,565,0,0

16:36:10.846 > mcnt:3700,566,565,0,0

16:36:10.941 > mcnt:3701,566,565,0,0

16:36:11.038 > mcnt:3702,566,565,0,0

16:36:11.149 > mcnt:3703,566,565,0,0

16:36:11.246 > mcnt:3704,566,565,0,0

16:36:11.342 > mcnt:3705,566,565,0,0

16:36:11.438 > mcnt:3706,566,565,0,0

16:36:11.551 > mcnt:3707,566,565,0,0

16:36:11.645 > mcnt:3708,566,565,0,0

16:36:11.742 > mcnt:3709,566,565,0,0

16:36:11.838 > mcnt:3710,566,565,0,0

16:36:11.949 > mcnt:3711,566,565,0,0

16:36:12.045 > mcnt:3712,566,565,0,0

16:36:12.142 > mcnt:3713,566,565,0,0

16:36:12.238 > mcnt:3714,566,565,0,0

16:36:12.350 > mcnt:3715,566,565,0,0

16:36:12.446 > mcnt:3716,566,565,0,0

16:36:12.541 > mcnt:3717,566,565,0,0

16:36:12.638 > mcnt:3718,566,565,0,0

16:36:12.750 > mcnt:3719,566,565,0,0

16:36:12.846 > mcnt:3720,566,565,0,0

16:36:12.942 > mcnt:3721,566,565,0,0

16:36:13.037 > mcnt:3722,566,565,0,0

16:36:13.149 > mcnt:3723,566,565,0,0

16:36:13.246 > mcnt:3724,566,565,0,0

16:36:13.341 > mcnt:3725,566,565,0,0

16:36:13.438 > mcnt:3726,566,565,0,0

16:36:13.550 > mcnt:3727,566,565,0,0

16:36:13.646 > mcnt:3728,566,565,0,0

16:36:13.741 > mcnt:3729,566,565,0,0

16:36:13.837 > mcnt:3730,566,565,0,0

16:36:13.950 > mcnt:3731,566,565,0,0

16:36:14.046 > mcnt:3732,566,565,0,0

16:36:14.141 > mcnt:3733,566,565,0,0

16:36:14.238 > mcnt:3734,566,565,0,0

16:36:14.350 > mcnt:3735,566,565,0,0

16:36:14.446 > mcnt:3736,566,565,0,0

16:36:14.541 > mcnt:3737,566,565,0,0

16:36:14.637 > mcnt:3738,566,565,0,0

16:36:14.750 > mcnt:3739,566,565,0,0

16:36:14.846 > mcnt:3740,566,566,0,0

16:36:14.942 > mcnt:3741,566,566,0,0

16:36:15.038 > mcnt:3742,566,566,0,0

16:36:15.150 > mcnt:3743,566,566,0,0

16:36:15.246 > mcnt:3744,566,566,0,0

16:36:15.341 > mcnt:3745,566,566,0,0

16:36:15.437 > mcnt:3746,566,566,0,0

16:36:15.550 > mcnt:3747,566,566,0,0

16:36:15.646 > mcnt:3748,566,566,0,0

16:36:15.741 > mcnt:3749,566,566,0,0

16:36:15.837 > mcnt:3750,566,566,0,0

16:36:15.949 > mcnt:3751,566,566,0,0

16:36:16.046 > mcnt:3752,566,566,0,0

16:36:16.141 > mcnt:3753,566,566,0,0

16:36:16.238 > mcnt:3754,566,566,0,0

16:36:16.350 > mcnt:3755,566,566,0,0

16:36:16.445 > mcnt:3756,566,566,0,0

16:36:16.541 > mcnt:3757,566,566,0,0

16:36:16.637 > mcnt:3758,566,566,0,0

16:36:16.750 > mcnt:3759,566,566,0,0

16:36:16.845 > mcnt:3760,566,566,0,0

16:36:16.941 > mcnt:3761,566,566,0,0

16:36:17.038 > mcnt:3762,566,566,0,0

16:36:17.150 > mcnt:3763,566,566,0,0

16:36:17.246 > mcnt:3764,566,566,0,0

16:36:17.341 > mcnt:3765,566,566,0,0

16:36:17.437 > mcnt:3766,566,566,0,0

16:36:17.549 > mcnt:3767,566,566,0,0

16:36:17.645 > mcnt:3768,566,566,0,0

16:36:17.741 > mcnt:3769,566,566,0,0

16:36:17.837 > mcnt:3770,566,566,0,0

16:36:17.949 > mcnt:3771,566,566,0,0

16:36:18.046 > mcnt:3772,566,566,0,0

16:36:18.142 > mcnt:3773,566,566,0,0

16:36:18.237 > mcnt:3774,566,566,0,0

16:36:18.350 > mcnt:3775,566,566,0,0

16:36:18.446 > mcnt:3776,566,566,0,0

16:36:18.541 > mcnt:3777,566,566,0,0

16:36:18.637 > mcnt:3778,566,566,0,0

16:36:18.749 > mcnt:3779,566,566,0,0

16:36:18.845 > mcnt:3780,566,566,0,0

16:36:18.941 > mcnt:3781,566,566,0,0

16:36:19.038 > mcnt:3782,566,566,0,0

16:36:19.150 > mcnt:3783,566,566,0,0

16:36:19.246 > mcnt:3784,566,566,0,0

16:36:19.341 > mcnt:3785,566,566,0,0

16:36:19.437 > mcnt:3786,566,566,0,0

16:36:19.549 > mcnt:3787,566,566,0,0

16:36:19.646 > mcnt:3788,566,566,0,0

16:36:19.741 > mcnt:3789,566,566,0,0

16:36:19.838 > mcnt:3790,566,566,0,0

16:36:19.949 > mcnt:3791,566,566,0,0

16:36:20.046 > mcnt:3792,566,566,0,0

16:36:20.141 > mcnt:3793,566,566,0,0

16:36:20.237 > mcnt:3794,566,566,0,0

16:36:20.350 > mcnt:3795,566,566,0,0

16:36:20.446 > mcnt:3796,566,566,0,0

16:36:20.542 > mcnt:3797,566,566,0,0

16:36:20.638 > mcnt:3798,566,566,0,0

16:36:20.750 > mcnt:3799,566,566,0,0

16:36:20.846 > mcnt:3800,566,566,0,0

16:36:20.941 > mcnt:3801,566,566,0,0

16:36:21.038 > mcnt:3802,566,566,0,0

16:36:21.150 > mcnt:3803,566,566,0,0

16:36:21.245 > mcnt:3804,566,566,0,0

16:36:21.341 > mcnt:3805,566,566,0,0

16:36:21.437 > mcnt:3806,566,566,0,0

16:36:21.549 > mcnt:3807,566,566,0,0

16:36:21.646 > mcnt:3808,566,566,0,0

16:36:21.741 > mcnt:3809,566,566,0,0

16:36:21.838 > mcnt:3810,566,566,0,0

16:36:21.950 > mcnt:3811,566,566,0,0

16:36:22.046 > mcnt:3812,566,566,0,0

16:36:22.141 > mcnt:3813,566,566,0,0

16:36:22.237 > mcnt:3814,566,566,0,0

16:36:22.349 > mcnt:3815,566,566,0,0

16:36:22.446 > mcnt:3816,566,566,0,0

16:36:22.542 > mcnt:3817,566,566,0,0

16:36:22.638 > mcnt:3818,566,566,0,0

16:36:22.749 > mcnt:3819,566,566,0,0

16:36:22.845 > mcnt:3820,566,566,0,0

16:36:22.942 > mcnt:3821,566,566,0,0

16:36:23.038 > mcnt:3822,566,566,0,0

16:36:23.150 > mcnt:3823,566,566,0,0

16:36:23.246 > mcnt:3824,566,566,0,0

16:36:23.341 > mcnt:3825,566,566,0,0

16:36:23.438 > mcnt:3826,566,566,0,0

16:36:23.549 > mcnt:3827,566,566,0,0

16:36:23.645 > mcnt:3828,566,566,0,0

16:36:23.741 > mcnt:3829,566,566,0,0

16:36:23.837 > mcnt:3830,566,566,0,0

16:36:23.949 > mcnt:3831,566,566,0,0

16:36:24.045 > mcnt:3832,566,566,0,0

16:36:24.141 > mcnt:3833,566,566,0,0

16:36:24.237 > mcnt:3834,566,566,0,0

16:36:24.349 > mcnt:3835,566,566,0,0

16:36:24.450 > mcnt:3836,566,566,0,0

16:36:24.542 > mcnt:3837,566,566,0,0

16:36:24.637 > mcnt:3838,566,566,0,0

16:36:24.749 > mcnt:3839,566,566,0,0

16:36:24.845 > mcnt:3840,566,566,0,0

16:36:24.941 > mcnt:3841,566,566,0,0

16:36:25.038 > mcnt:3842,566,566,0,0

16:36:25.149 > mcnt:3843,566,566,0,0

16:36:25.245 > mcnt:3844,566,566,0,0

16:36:25.341 > mcnt:3845,566,566,0,0

16:36:25.438 > mcnt:3846,566,566,0,0

16:36:25.550 > mcnt:3847,566,566,0,0

16:36:25.645 > mcnt:3848,566,566,0,0

16:36:25.741 > mcnt:3849,566,566,0,0

16:36:25.837 > mcnt:3850,566,566,0,0

16:36:25.949 > mcnt:3851,566,566,0,0

16:36:26.046 > mcnt:3852,566,566,0,0

16:36:26.142 > mcnt:3853,566,566,0,0

16:36:26.237 > mcnt:3854,566,566,0,0

16:36:26.349 > mcnt:3855,566,566,0,0

16:36:26.445 > mcnt:3856,566,566,0,0

16:36:26.541 > mcnt:3857,566,566,0,0

16:36:26.638 > mcnt:3858,566,566,0,0

16:36:26.749 > mcnt:3859,566,566,0,0

16:36:26.845 > mcnt:3860,566,566,0,0

16:36:26.941 > mcnt:3861,566,566,0,0

16:36:27.037 > mcnt:3862,566,566,0,0

16:36:27.150 > mcnt:3863,566,566,0,0

16:36:27.245 > mcnt:3864,566,566,0,0

16:36:27.341 > mcnt:3865,566,566,0,0

16:36:27.438 > mcnt:3866,566,566,0,0

16:36:27.549 > mcnt:3867,566,566,0,0

16:36:27.645 > mcnt:3868,566,566,0,0

16:36:27.741 > mcnt:3869,566,566,0,0

16:36:27.837 > mcnt:3870,566,566,0,0

16:36:27.949 > mcnt:3871,566,566,0,0

16:36:28.045 > mcnt:3872,566,566,0,0

16:36:28.141 > mcnt:3873,566,566,0,0

16:36:28.237 > mcnt:3874,566,566,0,0

16:36:28.349 > mcnt:3875,566,566,0,0

16:36:28.445 > mcnt:3876,566,566,0,0

16:36:28.541 > mcnt:3877,566,566,0,0

16:36:28.637 > mcnt:3878,566,566,0,0

16:36:28.749 > mcnt:3879,566,566,0,0

16:36:28.845 > mcnt:3880,566,566,0,0

16:36:28.942 > mcnt:3881,566,566,0,0

16:36:29.038 > mcnt:3882,566,566,0,0

16:36:29.149 > mcnt:3883,566,566,0,0

16:36:29.245 > mcnt:3884,566,566,0,0

16:36:29.341 > mcnt:3885,566,566,0,0

16:36:29.437 > mcnt:3886,566,565,0,0

16:36:29.549 > mcnt:3887,566,565,0,0

16:36:29.645 > mcnt:3888,566,565,0,0

16:36:29.742 > mcnt:3889,566,565,0,0

16:36:29.837 > mcnt:3890,566,565,0,0

16:36:29.949 > mcnt:3891,566,565,0,0

16:36:30.045 > mcnt:3892,566,565,0,0

16:36:30.141 > mcnt:3893,566,565,0,0

16:36:30.237 > mcnt:3894,566,565,0,0

16:36:30.349 > mcnt:3895,566,565,0,0

16:36:30.445 > mcnt:3896,566,565,0,0

16:36:30.541 > mcnt:3897,566,565,0,0

16:36:30.637 > mcnt:3898,566,565,0,0

16:36:30.749 > mcnt:3899,566,565,0,0

16:36:30.845 > mcnt:3900,566,565,0,0

16:36:30.942 > mcnt:3901,566,565,0,0

16:36:31.037 > mcnt:3902,566,565,0,0

16:36:31.149 > mcnt:3903,566,565,0,0

16:36:31.245 > mcnt:3904,566,565,0,0

16:36:31.341 > mcnt:3905,566,565,0,0

16:36:31.438 > mcnt:3906,566,565,0,0

16:36:31.549 > mcnt:3907,566,565,0,0

16:36:31.645 > mcnt:3908,566,565,0,0

16:36:31.742 > mcnt:3909,566,565,0,0

16:36:31.837 > mcnt:3910,566,565,0,0

16:36:31.949 > mcnt:3911,566,565,0,0

16:36:32.045 > mcnt:3912,566,565,0,0

16:36:32.141 > mcnt:3913,566,565,0,0

16:36:32.238 > mcnt:3914,566,565,0,0

16:36:32.349 > mcnt:3915,566,565,0,0

16:36:32.445 > mcnt:3916,566,565,0,0

16:36:32.540 > mcnt:3917,566,565,0,0

16:36:32.637 > mcnt:3918,566,565,0,0

16:36:32.749 > mcnt:3919,566,565,0,0

16:36:32.845 > mcnt:3920,566,565,0,0

16:36:32.941 > mcnt:3921,566,565,0,0

16:36:33.037 > mcnt:3922,566,565,0,0

16:36:33.149 > mcnt:3923,566,565,0,0

16:36:33.245 > mcnt:3924,566,565,0,0

16:36:33.341 > mcnt:3925,566,565,0,0

16:36:33.437 > mcnt:3926,566,565,0,0

16:36:33.549 > mcnt:3927,566,565,0,0

16:36:33.645 > mcnt:3928,566,565,0,0

16:36:33.741 > mcnt:3929,566,565,0,0

16:36:33.838 > mcnt:3930,566,565,0,0

16:36:33.949 > mcnt:3931,566,565,0,0

16:36:34.045 > mcnt:3932,566,565,0,0

16:36:34.140 > mcnt:3933,566,565,0,0

16:36:34.237 > mcnt:3934,566,565,0,0

16:36:34.351 > mcnt:3935,566,565,0,0

16:36:34.445 > mcnt:3936,566,565,0,0

16:36:34.541 > mcnt:3937,566,565,0,0

16:36:34.637 > mcnt:3938,566,565,0,0

16:36:34.749 > mcnt:3939,566,565,0,0

16:36:34.845 > mcnt:3940,566,565,0,0

16:36:34.941 > mcnt:3941,566,565,0,0

16:36:35.037 > mcnt:3942,566,565,0,0

16:36:35.149 > mcnt:3943,566,565,0,0

16:36:35.244 > mcnt:3944,566,565,0,0

16:36:35.341 > mcnt:3945,566,565,0,0

16:36:35.437 > mcnt:3946,566,565,0,0

16:36:35.549 > mcnt:3947,566,565,0,0

16:36:35.645 > mcnt:3948,566,565,0,0

16:36:35.741 > mcnt:3949,566,565,0,0

16:36:35.837 > mcnt:3950,566,565,0,0

16:36:35.949 > mcnt:3951,566,565,0,0

16:36:36.045 > mcnt:3952,566,565,0,0

16:36:36.141 > mcnt:3953,566,565,0,0

16:36:36.237 > mcnt:3954,566,565,0,0

16:36:36.350 > mcnt:3955,566,565,0,0

16:36:36.445 > mcnt:3956,566,565,0,0

16:36:36.541 > mcnt:3957,566,565,0,0

16:36:36.637 > mcnt:3958,566,565,0,0

16:36:36.749 > mcnt:3959,566,565,0,0

16:36:36.845 > mcnt:3960,566,565,0,0

16:36:36.941 > mcnt:3961,566,565,0,0

16:36:37.037 > mcnt:3962,566,565,0,0

16:36:37.149 > mcnt:3963,566,565,0,0

16:36:37.245 > mcnt:3964,566,565,0,0

16:36:37.340 > mcnt:3965,566,565,0,0

16:36:37.437 > mcnt:3966,566,565,0,0

16:36:37.549 > mcnt:3967,566,565,0,0

16:36:37.645 > mcnt:3968,566,565,0,0

16:36:37.741 > mcnt:3969,566,565,0,0

16:36:37.837 > mcnt:3970,566,565,0,0

16:36:37.950 > mcnt:3971,566,565,0,0

16:36:38.045 > mcnt:3972,566,565,0,0

16:36:38.141 > mcnt:3973,566,565,0,0

16:36:38.237 > mcnt:3974,566,565,0,0

16:36:38.349 > mcnt:3975,566,565,0,0

16:36:38.445 > mcnt:3976,566,565,0,0

16:36:38.541 > mcnt:3977,566,565,0,0

16:36:38.637 > mcnt:3978,566,565,0,0

16:36:38.749 > mcnt:3979,566,565,0,0

16:36:38.845 > mcnt:3980,566,565,0,0

16:36:38.941 > mcnt:3981,566,565,0,0

16:36:39.037 > mcnt:3982,566,565,0,0

16:36:39.149 > mcnt:3983,566,565,0,0

16:36:39.244 > mcnt:3984,566,565,0,0

16:36:39.340 > mcnt:3985,566,566,0,0

16:36:39.437 > mcnt:3986,566,565,0,0

16:36:39.549 > mcnt:3987,566,566,0,0

16:36:39.644 > mcnt:3988,566,566,0,0

16:36:39.741 > mcnt:3989,566,566,0,0

16:36:39.837 > mcnt:3990,566,566,0,0

16:36:39.949 > mcnt:3991,566,566,0,0

16:36:40.045 > mcnt:3992,566,566,0,0

16:36:40.141 > mcnt:3993,566,566,0,0

16:36:40.237 > mcnt:3994,566,566,0,0

16:36:40.349 > mcnt:3995,566,566,0,0

16:36:40.445 > mcnt:3996,566,566,0,0

16:36:40.541 > mcnt:3997,566,566,0,0

16:36:40.637 > mcnt:3998,566,566,0,0

16:36:40.749 > mcnt:3999,566,566,0,0

16:36:40.846 > mcnt:4000,566,566,0,0

16:36:40.941 > mcnt:4001,566,566,0,0

16:36:41.037 > mcnt:4002,566,566,0,0

16:36:41.149 > mcnt:4003,566,566,0,0

16:36:41.245 > mcnt:4004,566,566,0,0

16:36:41.340 > mcnt:4005,566,566,0,0

16:36:41.437 > mcnt:4006,566,566,0,0

16:36:41.548 > mcnt:4007,566,566,0,0

16:36:41.645 > mcnt:4008,566,566,0,0

16:36:41.741 > mcnt:4009,566,566,0,0

16:36:41.837 > mcnt:4010,566,566,0,0

16:36:41.949 > mcnt:4011,566,566,0,0

16:36:42.045 > mcnt:4012,566,566,0,0

16:36:42.140 > mcnt:4013,566,566,0,0

16:36:42.237 > mcnt:4014,566,566,0,0

16:36:42.349 > mcnt:4015,566,566,0,0

16:36:42.445 > mcnt:4016,566,566,0,0

16:36:42.541 > mcnt:4017,566,566,0,0

16:36:42.637 > mcnt:4018,566,566,0,0

16:36:42.749 > mcnt:4019,566,566,0,0

16:36:42.844 > mcnt:4020,566,566,0,0

16:36:42.940 > mcnt:4021,566,566,0,0

16:36:43.037 > mcnt:4022,566,566,0,0

16:36:43.149 > mcnt:4023,566,566,0,0

16:36:43.245 > mcnt:4024,566,566,0,0

16:36:43.341 > mcnt:4025,566,566,0,0

16:36:43.437 > mcnt:4026,566,566,0,0

16:36:43.549 > mcnt:4027,566,566,0,0

16:36:43.645 > mcnt:4028,566,566,0,0

16:36:43.741 > mcnt:4029,566,566,0,0

16:36:43.837 > mcnt:4030,566,566,0,0

16:36:43.949 > mcnt:4031,566,566,0,0

16:36:44.045 > mcnt:4032,566,566,0,0

16:36:44.141 > mcnt:4033,566,566,0,0

16:36:44.236 > mcnt:4034,566,566,0,0

16:36:44.350 > mcnt:4035,566,566,0,0

16:36:44.445 > mcnt:4036,566,566,0,0

16:36:44.540 > mcnt:4037,566,566,0,0

16:36:44.637 > mcnt:4038,566,566,0,0

16:36:44.749 > mcnt:4039,566,566,0,0

16:36:44.845 > mcnt:4040,566,566,0,0

16:36:44.940 > mcnt:4041,566,566,0,0

16:36:45.036 > mcnt:4042,566,566,0,0

16:36:45.148 > mcnt:4043,566,566,0,0

16:36:45.245 > mcnt:4044,566,566,0,0

16:36:45.340 > mcnt:4045,566,566,0,0

16:36:45.437 > mcnt:4046,566,566,0,0

16:36:45.548 > mcnt:4047,566,566,0,0

16:36:45.645 > mcnt:4048,566,566,0,0

16:36:45.741 > mcnt:4049,566,566,0,0

16:36:45.837 > mcnt:4050,566,566,0,0

16:36:45.949 > mcnt:4051,566,566,0,0

16:36:46.045 > mcnt:4052,566,566,0,0

16:36:46.140 > mcnt:4053,566,566,0,0

16:36:46.237 > mcnt:4054,566,566,0,0

16:36:46.349 > mcnt:4055,566,566,0,0

16:36:46.445 > mcnt:4056,566,566,0,0

16:36:46.541 > mcnt:4057,566,566,0,0

16:36:46.637 > mcnt:4058,566,566,0,0

16:36:46.749 > mcnt:4059,566,566,0,0

16:36:46.844 > mcnt:4060,566,566,0,0

16:36:46.941 > mcnt:4061,566,566,0,0

16:36:47.037 > mcnt:4062,566,566,0,0

16:36:47.149 > mcnt:4063,566,566,0,0

16:36:47.244 > mcnt:4064,566,566,0,0

16:36:47.341 > mcnt:4065,566,566,0,0

16:36:47.437 > mcnt:4066,566,566,0,0

16:36:47.548 > mcnt:4067,566,566,0,0

16:36:47.644 > mcnt:4068,566,566,0,0

16:36:47.740 > mcnt:4069,566,566,0,0

16:36:47.836 > mcnt:4070,566,566,0,0

16:36:47.949 > mcnt:4071,566,566,0,0

16:36:48.045 > mcnt:4072,566,566,0,0

16:36:48.141 > mcnt:4073,566,566,0,0

16:36:48.237 > mcnt:4074,566,566,0,0

16:36:48.349 > mcnt:4075,566,566,0,0

16:36:48.445 > mcnt:4076,566,566,0,0

16:36:48.540 > mcnt:4077,566,566,0,0

16:36:48.637 > mcnt:4078,566,566,0,0

16:36:48.749 > mcnt:4079,566,566,0,0

16:36:48.845 > mcnt:4080,566,566,0,0

16:36:48.940 > mcnt:4081,566,566,0,0

16:36:49.053 > mcnt:4082,566,565,0,0

16:36:49.149 > mcnt:4083,566,566,0,0

16:36:49.245 > mcnt:4084,566,565,0,0

16:36:49.341 > mcnt:4085,566,565,0,0

16:36:49.437 > mcnt:4086,566,565,0,0

16:36:49.548 > mcnt:4087,566,565,0,0

16:36:49.645 > mcnt:4088,566,565,0,0

16:36:49.741 > mcnt:4089,566,565,0,0

16:36:49.836 > mcnt:4090,566,565,0,0

16:36:49.948 > mcnt:4091,566,565,0,0

16:36:50.044 > mcnt:4092,566,565,0,0

16:36:50.141 > mcnt:4093,566,565,0,0

16:36:50.236 > mcnt:4094,566,565,0,0

16:36:50.348 > mcnt:4095,566,565,0,0

16:36:50.445 > mcnt:4096,566,565,0,0

16:36:50.541 > mcnt:4097,566,565,0,0

16:36:50.637 > mcnt:4098,566,565,0,0

16:36:50.749 > mcnt:4099,566,565,0,0

16:36:50.844 > mcnt:4100,566,565,0,0

16:36:50.940 > mcnt:4101,566,565,0,0

16:36:51.053 > mcnt:4102,566,565,0,0

16:36:51.149 > mcnt:4103,566,565,0,0

16:36:51.245 > mcnt:4104,566,565,0,0

16:36:51.340 > mcnt:4105,566,565,0,0

16:36:51.436 > mcnt:4106,566,565,0,0

16:36:51.548 > mcnt:4107,566,565,0,0

16:36:51.645 > mcnt:4108,566,565,0,0

16:36:51.740 > mcnt:4109,566,565,0,0

16:36:51.837 > mcnt:4110,566,565,0,0

16:36:51.949 > mcnt:4111,566,565,0,0

16:36:52.044 > mcnt:4112,566,565,0,0

16:36:52.141 > mcnt:4113,566,565,0,0

16:36:52.237 > mcnt:4114,566,565,0,0

16:36:52.349 > mcnt:4115,566,565,0,0

16:36:52.444 > mcnt:4116,566,565,0,0

16:36:52.541 > mcnt:4117,566,565,0,0

16:36:52.636 > mcnt:4118,566,565,0,0

16:36:52.748 > mcnt:4119,566,565,0,0

16:36:52.844 > mcnt:4120,566,565,0,0

16:36:52.941 > mcnt:4121,566,565,0,0

16:36:53.036 > mcnt:4122,566,565,0,0

16:36:53.148 > mcnt:4123,566,565,0,0

16:36:53.244 > mcnt:4124,566,565,0,0

16:36:53.341 > mcnt:4125,566,565,0,0

16:36:53.437 > mcnt:4126,566,565,0,0

16:36:53.548 > mcnt:4127,566,565,0,0

16:36:53.644 > mcnt:4128,566,565,0,0

16:36:53.740 > mcnt:4129,566,565,0,0

16:36:53.844 > mcnt:4130,566,565,0,0

16:36:53.948 > mcnt:4131,566,565,0,0

16:36:54.044 > mcnt:4132,566,565,0,0

16:36:54.141 > mcnt:4133,566,565,0,0

16:36:54.236 > mcnt:4134,566,565,0,0

16:36:54.348 > mcnt:4135,566,565,0,0

16:36:54.445 > mcnt:4136,566,565,0,0

16:36:54.541 > mcnt:4137,566,565,0,0

16:36:54.653 > mcnt:4138,566,565,0,0

16:36:54.749 > mcnt:4139,566,565,0,0

16:36:54.845 > mcnt:4140,566,565,0,0

16:36:54.941 > mcnt:4141,566,565,0,0

16:36:55.052 > mcnt:4142,566,565,0,0

16:36:55.148 > mcnt:4143,566,565,0,0

16:36:55.244 > mcnt:4144,566,565,0,0

16:36:55.340 > mcnt:4145,566,565,0,0

16:36:55.452 > mcnt:4146,566,565,0,0

16:36:55.549 > mcnt:4147,566,565,0,0

16:36:55.645 > mcnt:4148,566,565,0,0

16:36:55.742 > mcnt:4149,566,565,0,0

16:36:55.852 > mcnt:4150,566,565,0,0

16:36:55.949 > mcnt:4151,566,565,0,0

16:36:56.044 > mcnt:4152,566,565,0,0

16:36:56.141 > mcnt:4153,566,565,0,0

16:36:56.252 > mcnt:4154,566,565,0,0

16:36:56.348 > mcnt:4155,566,565,0,0

16:36:56.444 > mcnt:4156,566,565,0,0

16:36:56.540 > mcnt:4157,566,566,0,0

16:36:56.652 > mcnt:4158,566,566,0,0

16:36:56.749 > mcnt:4159,566,566,0,0

16:36:56.844 > mcnt:4160,566,566,0,0

16:36:56.940 > mcnt:4161,566,566,0,0

16:36:57.052 > mcnt:4162,566,566,0,0

16:36:57.148 > mcnt:4163,566,566,0,0

16:36:57.244 > mcnt:4164,566,566,0,0

16:36:57.340 > mcnt:4165,566,566,0,0

16:36:57.453 > mcnt:4166,566,566,0,0

16:36:57.548 > mcnt:4167,566,566,0,0

16:36:57.644 > mcnt:4168,566,566,0,0

16:36:57.740 > mcnt:4169,566,566,0,0

16:36:57.836 > mcnt:4170,566,566,0,0

16:36:57.948 > mcnt:4171,566,566,0,0

16:36:58.044 > mcnt:4172,566,566,0,0

16:36:58.140 > mcnt:4173,566,566,0,0

16:36:58.252 > mcnt:4174,566,566,0,0

16:36:58.349 > mcnt:4175,566,566,0,0

16:36:58.444 > mcnt:4176,566,566,0,0

16:36:58.541 > mcnt:4177,566,566,0,0

16:36:58.636 > mcnt:4178,566,566,0,0

16:36:58.749 > mcnt:4179,566,566,0,0

16:36:58.845 > mcnt:4180,566,566,0,0

16:36:58.940 > mcnt:4181,566,566,0,0

16:36:59.053 > mcnt:4182,566,566,0,0

16:36:59.148 > mcnt:4183,566,566,0,0

16:36:59.244 > mcnt:4184,566,566,0,0

16:36:59.340 > mcnt:4185,566,566,0,0

16:36:59.437 > mcnt:4186,566,566,0,0

16:36:59.548 > mcnt:4187,566,566,0,0

16:36:59.644 > mcnt:4188,566,566,0,0

16:36:59.741 > mcnt:4189,566,566,0,0

16:36:59.837 > mcnt:4190,566,566,0,0

16:36:59.948 > mcnt:4191,566,566,0,0

16:37:00.044 > mcnt:4192,566,566,0,0

16:37:00.140 > mcnt:4193,566,566,0,0

16:37:00.252 > mcnt:4194,566,566,0,0

16:37:00.348 > mcnt:4195,566,566,0,0

16:37:00.445 > mcnt:4196,566,566,0,0

16:37:00.540 > mcnt:4197,566,566,0,0

16:37:00.652 > mcnt:4198,566,566,0,0

16:37:00.749 > mcnt:4199,566,566,0,0

16:37:00.844 > mcnt:4200,566,566,0,0

16:37:00.941 > mcnt:4201,566,566,0,0

16:37:01.052 > mcnt:4202,566,566,0,0

16:37:01.149 > mcnt:4203,566,566,0,0

16:37:01.244 > mcnt:4204,566,566,0,0

16:37:01.340 > mcnt:4205,566,566,0,0

16:37:01.452 > mcnt:4206,566,566,0,0

16:37:01.549 > mcnt:4207,566,566,0,0

16:37:01.645 > mcnt:4208,566,566,0,0

16:37:01.741 > mcnt:4209,566,566,0,0

16:37:01.852 > mcnt:4210,566,566,0,0

16:37:01.948 > mcnt:4211,566,566,0,0

16:37:02.044 > mcnt:4212,566,566,0,0

16:37:02.141 > mcnt:4213,566,566,0,0

16:37:02.252 > mcnt:4214,566,566,0,0

16:37:02.348 > mcnt:4215,566,566,0,0

16:37:02.445 > mcnt:4216,566,566,0,0

16:37:02.540 > mcnt:4217,566,566,0,0

16:37:02.652 > mcnt:4218,566,566,0,0

16:37:02.748 > mcnt:4219,566,566,0,0

16:37:02.844 > mcnt:4220,566,566,0,0

16:37:02.940 > mcnt:4221,566,566,0,0

16:37:03.052 > mcnt:4222,566,566,0,0

16:37:03.148 > mcnt:4223,566,566,0,0

16:37:03.245 > mcnt:4224,566,566,0,0

16:37:03.341 > mcnt:4225,566,566,0,0

16:37:03.453 > mcnt:4226,566,566,0,0

16:37:03.548 > mcnt:4227,566,566,0,0

16:37:03.644 > mcnt:4228,566,566,0,0

16:37:03.740 > mcnt:4229,566,566,0,0

16:37:03.852 > mcnt:4230,566,566,0,0

16:37:03.948 > mcnt:4231,566,566,0,0

16:37:04.045 > mcnt:4232,566,566,0,0

16:37:04.140 > mcnt:4233,566,566,0,0

16:37:04.252 > mcnt:4234,566,566,0,0

16:37:04.348 > mcnt:4235,566,566,0,0

16:37:04.444 > mcnt:4236,566,566,0,0

16:37:04.540 > mcnt:4237,566,566,0,0

16:37:04.652 > mcnt:4238,566,566,0,0

16:37:04.748 > mcnt:4239,566,566,0,0

16:37:04.844 > mcnt:4240,566,566,0,0

16:37:04.940 > mcnt:4241,566,566,0,0

16:37:05.052 > mcnt:4242,566,566,0,0

16:37:05.148 > mcnt:4243,566,566,0,0

16:37:05.244 > mcnt:4244,566,566,0,0

16:37:05.340 > mcnt:4245,566,566,0,0

16:37:05.452 > mcnt:4246,566,566,0,0

16:37:05.549 > mcnt:4247,566,566,0,0

16:37:05.644 > mcnt:4248,566,566,0,0

16:37:05.741 > mcnt:4249,566,566,0,0

16:37:05.852 > mcnt:4250,566,566,0,0

16:37:05.948 > mcnt:4251,566,566,0,0

16:37:06.044 > mcnt:4252,566,566,0,0

16:37:06.140 > mcnt:4253,566,566,0,0

16:37:06.252 > mcnt:4254,566,566,0,0

16:37:06.348 > mcnt:4255,566,566,0,0

16:37:06.445 > mcnt:4256,566,565,0,0

16:37:06.541 > mcnt:4257,566,566,0,0

16:37:06.652 > mcnt:4258,566,566,0,0

16:37:06.749 > mcnt:4259,566,565,0,0

16:37:06.844 > mcnt:4260,566,565,0,0

16:37:06.940 > mcnt:4261,566,565,0,0

16:37:07.052 > mcnt:4262,566,565,0,0

16:37:07.149 > mcnt:4263,566,565,0,0

16:37:07.244 > mcnt:4264,566,565,0,0

16:37:07.341 > mcnt:4265,566,565,0,0

16:37:07.453 > mcnt:4266,566,565,0,0

16:37:07.548 > mcnt:4267,566,565,0,0

16:37:07.644 > mcnt:4268,566,565,0,0

16:37:07.741 > mcnt:4269,566,565,0,0

16:37:07.852 > mcnt:4270,566,565,0,0

16:37:07.948 > mcnt:4271,566,565,0,0

16:37:08.044 > mcnt:4272,566,565,0,0

16:37:08.140 > mcnt:4273,566,565,0,0

16:37:08.252 > mcnt:4274,566,565,0,0

16:37:08.348 > mcnt:4275,566,565,0,0

16:37:08.445 > mcnt:4276,566,565,0,0

16:37:08.541 > mcnt:4277,566,565,0,0

16:37:08.652 > mcnt:4278,566,565,0,0

16:37:08.748 > mcnt:4279,566,565,0,0

16:37:08.844 > mcnt:4280,566,565,0,0

16:37:08.940 > mcnt:4281,566,565,0,0

16:37:09.052 > mcnt:4282,566,565,0,0

16:37:09.148 > mcnt:4283,566,565,0,0

16:37:09.245 > mcnt:4284,566,565,0,0

16:37:09.340 > mcnt:4285,566,565,0,0

16:37:09.452 > mcnt:4286,566,565,0,0

16:37:09.548 > mcnt:4287,566,565,0,0

16:37:09.644 > mcnt:4288,566,565,0,0

16:37:09.740 > mcnt:4289,566,565,0,0

16:37:09.852 > mcnt:4290,566,565,0,0

16:37:09.948 > mcnt:4291,566,565,0,0

16:37:10.044 > mcnt:4292,566,565,0,0

16:37:10.140 > mcnt:4293,566,565,0,0

16:37:10.252 > mcnt:4294,566,565,0,0

16:37:10.348 > mcnt:4295,566,565,0,0

16:37:10.445 > mcnt:4296,566,565,0,0

16:37:10.540 > mcnt:4297,566,565,0,0

16:37:10.671 > mcnt:4298,566,565,0,0

16:37:10.748 > mcnt:4299,566,565,0,0

16:37:10.844 > mcnt:4300,566,565,0,0

16:37:10.940 > mcnt:4301,566,565,0,0

16:37:11.052 > mcnt:4302,566,565,0,0

16:37:11.148 > mcnt:4303,566,565,0,0

16:37:11.244 > mcnt:4304,566,565,0,0

16:37:11.341 > mcnt:4305,566,565,0,0

16:37:11.452 > mcnt:4306,566,565,0,0

16:37:11.548 > mcnt:4307,566,565,0,0

16:37:11.644 > mcnt:4308,566,565,0,0

16:37:11.740 > mcnt:4309,566,565,0,0

16:37:11.852 > mcnt:4310,566,565,0,0

16:37:11.948 > mcnt:4311,566,565,0,0

16:37:12.044 > mcnt:4312,566,565,0,0

16:37:12.140 > mcnt:4313,566,565,0,0

16:37:12.251 > mcnt:4314,566,565,0,0

16:37:12.348 > mcnt:4315,566,565,0,0

16:37:12.444 > mcnt:4316,566,565,0,0

16:37:12.541 > mcnt:4317,566,565,0,0

16:37:12.652 > mcnt:4318,566,565,0,0

16:37:12.748 > mcnt:4319,566,565,0,0

16:37:12.844 > mcnt:4320,566,565,0,0

16:37:12.940 > mcnt:4321,566,565,0,0

16:37:13.052 > mcnt:4322,566,565,0,0

16:37:13.148 > mcnt:4323,566,565,0,0

16:37:13.244 > mcnt:4324,566,565,0,0

16:37:13.340 > mcnt:4325,566,565,0,0

16:37:13.452 > mcnt:4326,566,565,0,0

16:37:13.548 > mcnt:4327,566,565,0,0

16:37:13.644 > mcnt:4328,566,565,0,0

16:37:13.740 > mcnt:4329,566,565,0,0

16:37:13.853 > mcnt:4330,566,565,0,0

16:37:13.948 > mcnt:4331,566,565,0,0

16:37:14.044 > mcnt:4332,566,565,0,0

16:37:14.140 > mcnt:4333,566,565,0,0

16:37:14.252 > mcnt:4334,566,565,0,0

16:37:14.348 > mcnt:4335,566,565,0,0

16:37:14.444 > mcnt:4336,566,565,0,0

16:37:14.540 > mcnt:4337,566,565,0,0

16:37:14.652 > mcnt:4338,566,565,0,0

16:37:14.749 > mcnt:4339,566,565,0,0

16:37:14.844 > mcnt:4340,566,565,0,0

16:37:14.940 > mcnt:4341,566,565,0,0

16:37:15.052 > mcnt:4342,566,565,0,0

16:37:15.148 > mcnt:4343,566,565,0,0

16:37:15.245 > mcnt:4344,566,565,0,0

16:37:15.340 > mcnt:4345,566,565,0,0

16:37:15.452 > mcnt:4346,566,565,0,0

16:37:15.547 > mcnt:4347,566,565,0,0

16:37:15.644 > mcnt:4348,566,565,0,0

16:37:15.740 > mcnt:4349,566,565,0,0

16:37:15.852 > mcnt:4350,566,565,0,0

16:37:15.948 > mcnt:4351,566,565,0,0

16:37:16.045 > mcnt:4352,566,565,0,0

16:37:16.140 > mcnt:4353,566,565,0,0

16:37:16.252 > mcnt:4354,566,565,0,0

16:37:16.348 > mcnt:4355,566,566,0,0

16:37:16.445 > mcnt:4356,566,566,0,0

16:37:16.540 > mcnt:4357,566,566,0,0

16:37:16.651 > mcnt:4358,566,566,0,0

16:37:16.748 > mcnt:4359,566,566,0,0

16:37:16.844 > mcnt:4360,566,566,0,0

16:37:16.940 > mcnt:4361,566,566,0,0

16:37:17.052 > mcnt:4362,566,566,0,0

16:37:17.148 > mcnt:4363,566,566,0,0

16:37:17.243 > mcnt:4364,566,566,0,0

16:37:17.340 > mcnt:4365,566,566,0,0

16:37:17.452 > mcnt:4366,566,566,0,0

16:37:17.548 > mcnt:4367,566,566,0,0

16:37:17.645 > mcnt:4368,566,566,0,0

16:37:17.740 > mcnt:4369,566,566,0,0

16:37:17.852 > mcnt:4370,566,566,0,0

16:37:17.947 > mcnt:4371,566,566,0,0

16:37:18.044 > mcnt:4372,566,566,0,0

16:37:18.140 > mcnt:4373,566,566,0,0

16:37:18.251 > mcnt:4374,566,566,0,0

16:37:18.348 > mcnt:4375,566,566,0,0

16:37:18.444 > mcnt:4376,566,566,0,0

16:37:18.540 > mcnt:4377,566,566,0,0

16:37:18.652 > mcnt:4378,566,566,0,0

16:37:18.748 > mcnt:4379,566,566,0,0

16:37:18.844 > mcnt:4380,566,566,0,0

16:37:18.940 > mcnt:4381,566,566,0,0

16:37:19.052 > mcnt:4382,566,566,0,0

16:37:19.148 > mcnt:4383,566,566,0,0

16:37:19.244 > mcnt:4384,566,566,0,0

16:37:19.340 > mcnt:4385,566,566,0,0

16:37:19.451 > mcnt:4386,566,566,0,0

16:37:19.548 > mcnt:4387,566,566,0,0

16:37:19.644 > mcnt:4388,566,566,0,0

16:37:19.740 > mcnt:4389,566,566,0,0

16:37:19.852 > mcnt:4390,566,566,0,0

16:37:19.948 > mcnt:4391,566,566,0,0

16:37:20.044 > mcnt:4392,566,566,0,0

16:37:20.140 > mcnt:4393,566,566,0,0

16:37:20.252 > mcnt:4394,566,566,0,0

16:37:20.348 > mcnt:4395,566,566,0,0

16:37:20.443 > mcnt:4396,566,566,0,0

16:37:20.540 > mcnt:4397,566,566,0,0

16:37:20.652 > mcnt:4398,566,566,0,0

16:37:20.748 > mcnt:4399,566,566,0,0

16:37:20.843 > mcnt:4400,566,566,0,0

16:37:20.940 > mcnt:4401,566,566,0,0

16:37:21.052 > mcnt:4402,566,566,0,0

16:37:21.148 > mcnt:4403,566,566,0,0

16:37:21.244 > mcnt:4404,566,566,0,0

16:37:21.340 > mcnt:4405,566,566,0,0

16:37:21.452 > mcnt:4406,566,566,0,0

16:37:21.548 > mcnt:4407,566,566,0,0

16:37:21.644 > mcnt:4408,566,566,0,0

16:37:21.740 > mcnt:4409,566,566,0,0

16:37:21.852 > mcnt:4410,566,566,0,0

16:37:21.948 > mcnt:4411,566,566,0,0

16:37:22.044 > mcnt:4412,566,566,0,0

16:37:22.140 > mcnt:4413,566,566,0,0

16:37:22.252 > mcnt:4414,566,566,0,0

16:37:22.347 > mcnt:4415,566,566,0,0

16:37:22.444 > mcnt:4416,566,566,0,0

16:37:22.539 > mcnt:4417,566,566,0,0

16:37:22.652 > mcnt:4418,566,566,0,0

16:37:22.748 > mcnt:4419,566,566,0,0

16:37:22.844 > mcnt:4420,566,566,0,0

16:37:22.940 > mcnt:4421,566,566,0,0

16:37:23.052 > mcnt:4422,566,566,0,0

16:37:23.148 > mcnt:4423,566,566,0,0

16:37:23.244 > mcnt:4424,566,566,0,0

16:37:23.340 > mcnt:4425,566,566,0,0

16:37:23.452 > mcnt:4426,566,566,0,0

16:37:23.548 > mcnt:4427,566,566,0,0

16:37:23.643 > mcnt:4428,566,566,0,0

16:37:23.740 > mcnt:4429,566,566,0,0

16:37:23.852 > mcnt:4430,566,566,0,0

16:37:23.948 > mcnt:4431,566,566,0,0

16:37:24.043 > mcnt:4432,566,566,0,0

16:37:24.140 > mcnt:4433,566,566,0,0

16:37:24.252 > mcnt:4434,566,566,0,0

16:37:24.347 > mcnt:4435,566,566,0,0

16:37:24.443 > mcnt:4436,566,566,0,0

16:37:24.539 > mcnt:4437,566,566,0,0

16:37:24.652 > mcnt:4438,566,566,0,0

16:37:24.748 > mcnt:4439,566,566,0,0

16:37:24.844 > mcnt:4440,566,566,0,0

16:37:24.940 > mcnt:4441,566,566,0,0

16:37:25.052 > mcnt:4442,566,566,0,0

16:37:25.148 > mcnt:4443,566,566,0,0

16:37:25.244 > mcnt:4444,566,565,0,0

16:37:25.340 > mcnt:4445,566,565,0,0

16:37:25.452 > mcnt:4446,566,565,0,0

16:37:25.548 > mcnt:4447,566,565,0,0

16:37:25.644 > mcnt:4448,566,565,0,0

16:37:25.739 > mcnt:4449,566,565,0,0

16:37:25.851 > mcnt:4450,566,565,0,0

16:37:25.948 > mcnt:4451,566,565,0,0

16:37:26.044 > mcnt:4452,566,565,0,0

16:37:26.140 > mcnt:4453,566,565,0,0

16:37:26.252 > mcnt:4454,566,565,0,0

16:37:26.348 > mcnt:4455,566,565,0,0

16:37:26.443 > mcnt:4456,566,565,0,0

16:37:26.539 > mcnt:4457,566,565,0,0

16:37:26.652 > mcnt:4458,566,565,0,0

16:37:26.748 > mcnt:4459,566,565,0,0

16:37:26.844 > mcnt:4460,566,565,0,0

16:37:26.940 > mcnt:4461,566,565,0,0

16:37:27.052 > mcnt:4462,566,565,0,0

16:37:27.148 > mcnt:4463,566,565,0,0

16:37:27.243 > mcnt:4464,566,565,0,0

16:37:27.340 > mcnt:4465,566,565,0,0

16:37:27.452 > mcnt:4466,566,565,0,0

16:37:27.548 > mcnt:4467,566,565,0,0

16:37:27.644 > mcnt:4468,566,565,0,0

16:37:27.739 > mcnt:4469,566,565,0,0

16:37:27.852 > mcnt:4470,566,565,0,0

16:37:27.948 > mcnt:4471,566,565,0,0

16:37:28.044 > mcnt:4472,566,565,0,0

16:37:28.140 > mcnt:4473,566,565,0,0

16:37:28.252 > mcnt:4474,566,565,0,0

16:37:28.348 > mcnt:4475,566,565,0,0

16:37:28.443 > mcnt:4476,566,565,0,0

16:37:28.540 > mcnt:4477,566,565,0,0

16:37:28.652 > mcnt:4478,566,565,0,0

16:37:28.747 > mcnt:4479,566,565,0,0

16:37:28.844 > mcnt:4480,566,565,0,0

16:37:28.940 > mcnt:4481,566,565,0,0

16:37:29.052 > mcnt:4482,566,565,0,0

16:37:29.148 > mcnt:4483,566,565,0,0

16:37:29.243 > mcnt:4484,566,565,0,0

16:37:29.339 > mcnt:4485,566,565,0,0

16:37:29.451 > mcnt:4486,566,565,0,0

16:37:29.548 > mcnt:4487,566,565,0,0

16:37:29.643 > mcnt:4488,566,565,0,0

16:37:29.740 > mcnt:4489,566,565,0,0

16:37:29.852 > mcnt:4490,566,565,0,0

16:37:29.948 > mcnt:4491,566,565,0,0

16:37:30.044 > mcnt:4492,566,565,0,0

16:37:30.140 > mcnt:4493,566,565,0,0

16:37:30.252 > mcnt:4494,566,565,0,0

16:37:30.348 > mcnt:4495,566,565,0,0

16:37:30.443 > mcnt:4496,566,565,0,0

16:37:30.540 > mcnt:4497,566,565,0,0

16:37:30.652 > mcnt:4498,566,565,0,0

16:37:30.748 > mcnt:4499,566,565,0,0

16:37:30.844 > mcnt:4500,566,565,0,0

16:37:30.940 > mcnt:4501,566,565,0,0

16:37:31.052 > mcnt:4502,566,565,0,0

16:37:31.147 > mcnt:4503,566,565,0,0

16:37:31.243 > mcnt:4504,566,565,0,0

16:37:31.340 > mcnt:4505,566,565,0,0

16:37:31.452 > mcnt:4506,566,565,0,0

16:37:31.548 > mcnt:4507,566,565,0,0

16:37:31.644 > mcnt:4508,566,565,0,0

16:37:31.740 > mcnt:4509,566,565,0,0

16:37:31.852 > mcnt:4510,566,565,0,0

16:37:31.947 > mcnt:4511,566,565,0,0

16:37:32.044 > mcnt:4512,566,565,0,0

16:37:32.140 > mcnt:4513,566,565,0,0

16:37:32.251 > mcnt:4514,566,565,0,0

16:37:32.347 > mcnt:4515,566,565,0,0

16:37:32.443 > mcnt:4516,566,565,0,0

16:37:32.540 > mcnt:4517,566,565,0,0

16:37:32.651 > mcnt:4518,566,565,0,0

16:37:32.747 > mcnt:4519,566,565,0,0

16:37:32.843 > mcnt:4520,566,565,0,0

16:37:32.940 > mcnt:4521,566,565,0,0

16:37:33.052 > mcnt:4522,566,565,0,0

16:37:33.148 > mcnt:4523,566,566,0,0

16:37:33.243 > mcnt:4524,566,566,0,0

16:37:33.340 > mcnt:4525,566,566,0,0

16:37:33.452 > mcnt:4526,566,566,0,0

16:37:33.547 > mcnt:4527,566,566,0,0

16:37:33.643 > mcnt:4528,566,566,0,0

16:37:33.739 > mcnt:4529,566,566,0,0

16:37:33.852 > mcnt:4530,566,566,0,0

16:37:33.947 > mcnt:4531,566,566,0,0

16:37:34.044 > mcnt:4532,566,566,0,0

16:37:34.140 > mcnt:4533,566,566,0,0

16:37:34.252 > mcnt:4534,566,566,0,0

16:37:34.347 > mcnt:4535,566,566,0,0

16:37:34.444 > mcnt:4536,566,566,0,0

16:37:34.540 > mcnt:4537,566,566,0,0

16:37:34.652 > mcnt:4538,566,566,0,0

16:37:34.748 > mcnt:4539,566,566,0,0

16:37:34.844 > mcnt:4540,566,566,0,0

16:37:34.939 > mcnt:4541,566,566,0,0

16:37:35.051 > mcnt:4542,566,566,0,0

16:37:35.147 > mcnt:4543,566,566,0,0

16:37:35.243 > mcnt:4544,566,566,0,0

16:37:35.339 > mcnt:4545,566,566,0,0

16:37:35.452 > mcnt:4546,566,566,0,0

16:37:35.547 > mcnt:4547,566,566,0,0

16:37:35.644 > mcnt:4548,566,566,0,0

16:37:35.740 > mcnt:4549,566,566,0,0

16:37:35.851 > mcnt:4550,566,566,0,0

16:37:35.948 > mcnt:4551,566,566,0,0

16:37:36.044 > mcnt:4552,566,566,0,0

16:37:36.140 > mcnt:4553,566,566,0,0

16:37:36.252 > mcnt:4554,566,566,0,0

16:37:36.348 > mcnt:4555,566,566,0,0

16:37:36.444 > mcnt:4556,566,566,0,0

16:37:36.540 > mcnt:4557,566,566,0,0

16:37:36.651 > mcnt:4558,566,566,0,0

16:37:36.748 > mcnt:4559,566,566,0,0

16:37:36.843 > mcnt:4560,566,566,0,0

16:37:36.940 > mcnt:4561,566,566,0,0

16:37:37.051 > mcnt:4562,566,566,0,0

16:37:37.165 > mcnt:4563,566,566,0,0

16:37:37.243 > mcnt:4564,566,566,0,0

16:37:37.340 > mcnt:4565,566,566,0,0

16:37:37.451 > mcnt:4566,566,566,0,0

16:37:37.548 > mcnt:4567,566,566,0,0

16:37:37.643 > mcnt:4568,566,566,0,0

16:37:37.739 > mcnt:4569,566,566,0,0

16:37:37.852 > mcnt:4570,566,566,0,0

16:37:37.948 > mcnt:4571,566,566,0,0

16:37:38.043 > mcnt:4572,566,566,0,0

16:37:38.140 > mcnt:4573,566,566,0,0

16:37:38.252 > mcnt:4574,566,566,0,0

16:37:38.347 > mcnt:4575,566,566,0,0

16:37:38.444 > mcnt:4576,566,566,0,0

16:37:38.540 > mcnt:4577,566,566,0,0

16:37:38.652 > mcnt:4578,566,566,0,0

16:37:38.748 > mcnt:4579,566,566,0,0

16:37:38.844 > mcnt:4580,566,566,0,0

16:37:38.940 > mcnt:4581,566,566,0,0

16:37:39.051 > mcnt:4582,566,566,0,0

16:37:39.147 > mcnt:4583,566,566,0,0

16:37:39.243 > mcnt:4584,566,566,0,0

16:37:39.339 > mcnt:4585,566,566,0,0

16:37:39.452 > mcnt:4586,566,566,0,0

16:37:39.547 > mcnt:4587,566,566,0,0

16:37:39.643 > mcnt:4588,566,566,0,0

16:37:39.739 > mcnt:4589,566,566,0,0

16:37:39.852 > mcnt:4590,566,566,0,0

16:37:39.948 > mcnt:4591,566,566,0,0

16:37:40.043 > mcnt:4592,566,566,0,0

16:37:40.140 > mcnt:4593,566,566,0,0

16:37:40.251 > mcnt:4594,566,566,0,0

16:37:40.347 > mcnt:4595,566,566,0,0

16:37:40.444 > mcnt:4596,566,566,0,0

16:37:40.539 > mcnt:4597,566,566,0,0

16:37:40.651 > mcnt:4598,566,566,0,0

16:37:40.747 > mcnt:4599,566,566,0,0

16:37:40.843 > mcnt:4600,566,566,0,0

16:37:40.939 > mcnt:4601,566,566,0,0

16:37:41.051 > mcnt:4602,566,566,0,0

16:37:41.147 > mcnt:4603,566,566,0,0

16:37:41.244 > mcnt:4604,566,566,0,0

16:37:41.339 > mcnt:4605,566,566,0,0

16:37:41.451 > mcnt:4606,566,566,0,0

16:37:41.547 > mcnt:4607,566,566,0,0

16:37:41.643 > mcnt:4608,566,566,0,0

16:37:41.740 > mcnt:4609,566,566,0,0

16:37:41.851 > mcnt:4610,566,566,0,0

16:37:41.947 > mcnt:4611,566,566,0,0

16:37:42.043 > mcnt:4612,566,566,0,0

16:37:42.139 > mcnt:4613,566,566,0,0

16:37:42.251 > mcnt:4614,566,566,0,0

16:37:42.348 > mcnt:4615,566,566,0,0

16:37:42.443 > mcnt:4616,566,566,0,0

16:37:42.539 > mcnt:4617,566,566,0,0

16:37:42.651 > mcnt:4618,566,566,0,0

16:37:42.748 > mcnt:4619,566,566,0,0

16:37:42.843 > mcnt:4620,566,566,0,0

16:37:42.939 > mcnt:4621,566,566,0,0

16:37:43.052 > mcnt:4622,566,566,0,0

16:37:43.148 > mcnt:4623,566,566,0,0

16:37:43.244 > mcnt:4624,566,566,0,0

16:37:43.340 > mcnt:4625,566,566,0,0

16:37:43.452 > mcnt:4626,566,566,0,0

16:37:43.547 > mcnt:4627,566,566,0,0

16:37:43.649 > mcnt:4628,566,566,0,0

16:37:43.739 > mcnt:4629,566,566,0,0

16:37:43.852 > mcnt:4630,566,566,0,0

16:37:43.947 > mcnt:4631,566,566,0,0

16:37:44.043 > mcnt:4632,566,566,0,0

16:37:44.140 > mcnt:4633,566,566,0,0

16:37:44.251 > mcnt:4634,566,566,0,0

16:37:44.348 > mcnt:4635,566,566,0,0

16:37:44.443 > mcnt:4636,566,566,0,0

16:37:44.539 > mcnt:4637,566,566,0,0

16:37:44.651 > mcnt:4638,566,566,0,0

16:37:44.748 > mcnt:4639,566,566,0,0

16:37:44.843 > mcnt:4640,566,566,0,0

16:37:44.940 > mcnt:4641,566,566,0,0

16:37:45.051 > mcnt:4642,566,566,0,0

16:37:45.148 > mcnt:4643,566,566,0,0

16:37:45.243 > mcnt:4644,566,566,0,0

16:37:45.340 > mcnt:4645,566,566,0,0

16:37:45.451 > mcnt:4646,566,566,0,0

16:37:45.548 > mcnt:4647,566,566,0,0

16:37:45.644 > mcnt:4648,566,566,0,0

16:37:45.740 > mcnt:4649,566,566,0,0

16:37:45.852 > mcnt:4650,566,566,0,0

16:37:45.948 > mcnt:4651,566,566,0,0

16:37:46.044 > mcnt:4652,566,566,0,0

16:37:46.139 > mcnt:4653,566,566,0,0

16:37:46.252 > mcnt:4654,566,566,0,0

16:37:46.347 > mcnt:4655,566,566,0,0

16:37:46.444 > mcnt:4656,566,566,0,0

16:37:46.539 > mcnt:4657,566,566,0,0

16:37:46.652 > mcnt:4658,566,566,0,0

16:37:46.748 > mcnt:4659,566,566,0,0

16:37:46.843 > mcnt:4660,566,566,0,0

16:37:46.939 > mcnt:4661,566,566,0,0

16:37:47.051 > mcnt:4662,566,566,0,0

16:37:47.148 > mcnt:4663,566,566,0,0

16:37:47.243 > mcnt:4664,566,566,0,0

16:37:47.339 > mcnt:4665,566,566,0,0

16:37:47.451 > mcnt:4666,566,566,0,0

16:37:47.547 > mcnt:4667,566,566,0,0

16:37:47.644 > mcnt:4668,566,566,0,0

16:37:47.739 > mcnt:4669,566,566,0,0

16:37:47.852 > mcnt:4670,566,566,0,0

16:37:47.948 > mcnt:4671,566,566,0,0

16:37:48.043 > mcnt:4672,566,566,0,0

16:37:48.139 > mcnt:4673,566,566,0,0

16:37:48.252 > mcnt:4674,566,566,0,0

16:37:48.347 > mcnt:4675,566,566,0,0

16:37:48.443 > mcnt:4676,566,566,0,0

16:37:48.539 > mcnt:4677,566,566,0,0

16:37:48.651 > mcnt:4678,566,566,0,0

16:37:48.748 > mcnt:4679,566,566,0,0

16:37:48.843 > mcnt:4680,566,566,0,0

16:37:48.939 > mcnt:4681,566,566,0,0

16:37:49.051 > mcnt:4682,566,566,0,0

16:37:49.147 > mcnt:4683,566,566,0,0

16:37:49.243 > mcnt:4684,566,566,0,0

16:37:49.339 > mcnt:4685,566,566,0,0

16:37:49.451 > mcnt:4686,566,566,0,0

16:37:49.547 > mcnt:4687,566,566,0,0

16:37:49.643 > mcnt:4688,566,566,0,0

16:37:49.739 > mcnt:4689,566,566,0,0

16:37:49.851 > mcnt:4690,566,566,0,0

16:37:49.948 > mcnt:4691,566,566,0,0

16:37:50.043 > mcnt:4692,566,566,0,0

16:37:50.139 > mcnt:4693,566,565,0,0

16:37:50.251 > mcnt:4694,566,565,0,0

16:37:50.347 > mcnt:4695,566,565,0,0

16:37:50.443 > mcnt:4696,566,565,0,0

16:37:50.539 > mcnt:4697,566,565,0,0

16:37:50.651 > mcnt:4698,566,565,0,0

16:37:50.747 > mcnt:4699,566,565,0,0

16:37:50.843 > mcnt:4700,566,565,0,0

16:37:50.939 > mcnt:4701,566,565,0,0

16:37:51.052 > mcnt:4702,566,565,0,0

16:37:51.148 > mcnt:4703,566,565,0,0

16:37:51.243 > mcnt:4704,566,565,0,0

16:37:51.339 > mcnt:4705,566,565,0,0

16:37:51.451 > mcnt:4706,566,565,0,0

16:37:51.547 > mcnt:4707,566,565,0,0

16:37:51.644 > mcnt:4708,566,565,0,0

16:37:51.739 > mcnt:4709,566,565,0,0

16:37:51.851 > mcnt:4710,566,565,0,0

16:37:51.947 > mcnt:4711,566,565,0,0

16:37:52.043 > mcnt:4712,566,565,0,0

16:37:52.139 > mcnt:4713,566,565,0,0

16:37:52.251 > mcnt:4714,566,565,0,0

16:37:52.348 > mcnt:4715,566,565,0,0

16:37:52.442 > mcnt:4716,566,565,0,0

16:37:52.539 > mcnt:4717,566,565,0,0

16:37:52.650 > mcnt:4718,566,565,0,0

16:37:52.748 > mcnt:4719,566,565,0,0

16:37:52.843 > mcnt:4720,566,565,0,0

16:37:52.939 > mcnt:4721,566,565,0,0

16:37:53.051 > mcnt:4722,566,565,0,0

16:37:53.147 > mcnt:4723,566,565,0,0

16:37:53.243 > mcnt:4724,566,565,0,0

16:37:53.339 > mcnt:4725,566,565,0,0

16:37:53.451 > mcnt:4726,566,565,0,0

16:37:53.547 > mcnt:4727,566,565,0,0

16:37:53.643 > mcnt:4728,566,565,0,0

16:37:53.739 > mcnt:4729,566,565,0,0

16:37:53.851 > mcnt:4730,566,565,0,0

16:37:53.948 > mcnt:4731,566,565,0,0

16:37:54.043 > mcnt:4732,566,565,0,0

16:37:54.139 > mcnt:4733,566,565,0,0

16:37:54.252 > mcnt:4734,566,565,0,0

16:37:54.347 > mcnt:4735,566,565,0,0

16:37:54.443 > mcnt:4736,566,565,0,0

16:37:54.539 > mcnt:4737,566,565,0,0

16:37:54.651 > mcnt:4738,566,565,0,0

16:37:54.747 > mcnt:4739,566,565,0,0

16:37:54.843 > mcnt:4740,566,565,0,0

16:37:54.939 > mcnt:4741,566,565,0,0

16:37:55.051 > mcnt:4742,566,565,0,0

16:37:55.147 > mcnt:4743,566,565,0,0

16:37:55.243 > mcnt:4744,566,565,0,0

16:37:55.339 > mcnt:4745,566,565,0,0

16:37:55.451 > mcnt:4746,566,565,0,0

16:37:55.547 > mcnt:4747,566,565,0,0

16:37:55.643 > mcnt:4748,566,565,0,0

16:37:55.739 > mcnt:4749,566,565,0,0

16:37:55.851 > mcnt:4750,566,565,0,0

16:37:55.947 > mcnt:4751,566,565,0,0

16:37:56.043 > mcnt:4752,566,565,0,0

16:37:56.139 > mcnt:4753,566,565,0,0

16:37:56.251 > mcnt:4754,566,565,0,0

16:37:56.347 > mcnt:4755,566,565,0,0

16:37:56.443 > mcnt:4756,566,565,0,0

16:37:56.539 > mcnt:4757,566,565,0,0

16:37:56.651 > mcnt:4758,566,565,0,0

16:37:56.747 > mcnt:4759,566,565,0,0

16:37:56.843 > mcnt:4760,566,565,0,0

16:37:56.939 > mcnt:4761,566,565,0,0

16:37:57.051 > mcnt:4762,566,565,0,0

16:37:57.147 > mcnt:4763,566,565,0,0

16:37:57.243 > mcnt:4764,566,565,0,0

16:37:57.339 > mcnt:4765,566,565,0,0

16:37:57.451 > mcnt:4766,566,565,0,0

16:37:57.547 > mcnt:4767,566,565,0,0

16:37:57.643 > mcnt:4768,566,565,0,0

16:37:57.739 > mcnt:4769,566,565,0,0

16:37:57.851 > mcnt:4770,566,565,0,0

16:37:57.947 > mcnt:4771,566,565,0,0

16:37:58.043 > mcnt:4772,566,565,0,0

16:37:58.139 > mcnt:4773,566,565,0,0

16:37:58.251 > mcnt:4774,566,565,0,0

16:37:58.346 > mcnt:4775,566,565,0,0

16:37:58.443 > mcnt:4776,566,565,0,0

16:37:58.539 > mcnt:4777,566,565,0,0

16:37:58.651 > mcnt:4778,566,565,0,0

16:37:58.747 > mcnt:4779,566,565,0,0

16:37:58.843 > mcnt:4780,566,565,0,0

16:37:58.938 > mcnt:4781,566,565,0,0

16:37:59.051 > mcnt:4782,566,565,0,0

16:37:59.147 > mcnt:4783,566,565,0,0

16:37:59.243 > mcnt:4784,566,565,0,0

16:37:59.339 > mcnt:4785,566,565,0,0

16:37:59.451 > mcnt:4786,566,565,0,0

16:37:59.547 > mcnt:4787,566,565,0,0

16:37:59.643 > mcnt:4788,566,565,0,0

16:37:59.739 > mcnt:4789,566,565,0,0

16:37:59.851 > mcnt:4790,566,565,0,0

16:37:59.947 > mcnt:4791,566,565,0,0

16:38:00.043 > mcnt:4792,566,565,0,0

16:38:00.139 > mcnt:4793,566,565,0,0

16:38:00.251 > mcnt:4794,566,565,0,0

16:38:00.347 > mcnt:4795,566,565,0,0

16:38:00.442 > mcnt:4796,566,565,0,0

16:38:00.539 > mcnt:4797,566,565,0,0

16:38:00.651 > mcnt:4798,566,565,0,0

16:38:00.746 > mcnt:4799,566,565,0,0

16:38:00.843 > mcnt:4800,566,565,0,0

16:38:00.939 > mcnt:4801,566,565,0,0

16:38:01.050 > mcnt:4802,566,565,0,0

16:38:01.147 > mcnt:4803,566,565,0,0

16:38:01.243 > mcnt:4804,566,565,0,0

16:38:01.339 > mcnt:4805,566,565,0,0

16:38:01.451 > mcnt:4806,566,565,0,0

16:38:01.546 > mcnt:4807,566,565,0,0

16:38:01.643 > mcnt:4808,566,565,0,0

16:38:01.739 > mcnt:4809,566,565,0,0

16:38:01.851 > mcnt:4810,566,565,0,0

16:38:01.947 > mcnt:4811,566,565,0,0

16:38:02.043 > mcnt:4812,566,565,0,0

16:38:02.139 > mcnt:4813,566,565,0,0

16:38:02.251 > mcnt:4814,566,565,0,0

16:38:02.347 > mcnt:4815,566,565,0,0

16:38:02.443 > mcnt:4816,566,565,0,0

16:38:02.539 > mcnt:4817,566,565,0,0

16:38:02.651 > mcnt:4818,566,565,0,0

16:38:02.746 > mcnt:4819,566,565,0,0

16:38:02.842 > mcnt:4820,566,565,0,0

16:38:02.939 > mcnt:4821,566,565,0,0

16:38:03.050 > mcnt:4822,566,565,0,0

16:38:03.146 > mcnt:4823,566,565,0,0

16:38:03.243 > mcnt:4824,566,565,0,0

16:38:03.339 > mcnt:4825,566,565,0,0

16:38:03.451 > mcnt:4826,566,565,0,0

16:38:03.546 > mcnt:4827,566,565,0,0

16:38:03.643 > mcnt:4828,566,565,0,0

16:38:03.739 > mcnt:4829,566,565,0,0

16:38:03.851 > mcnt:4830,566,565,0,0

16:38:03.947 > mcnt:4831,566,565,0,0

16:38:04.043 > mcnt:4832,566,565,0,0

16:38:04.139 > mcnt:4833,566,565,0,0

16:38:04.251 > mcnt:4834,566,565,0,0

16:38:04.346 > mcnt:4835,566,565,0,0

16:38:04.443 > mcnt:4836,566,565,0,0

16:38:04.539 > mcnt:4837,566,565,0,0

16:38:04.651 > mcnt:4838,566,565,0,0

16:38:04.747 > mcnt:4839,566,565,0,0

16:38:04.844 > mcnt:4840,566,565,0,0

16:38:04.939 > mcnt:4841,566,565,0,0

16:38:05.051 > mcnt:4842,566,565,0,0

16:38:05.146 > mcnt:4843,566,565,0,0

16:38:05.243 > mcnt:4844,566,565,0,0

16:38:05.339 > mcnt:4845,566,565,0,0

16:38:05.451 > mcnt:4846,566,565,0,0

16:38:05.547 > mcnt:4847,566,565,0,0

16:38:05.643 > mcnt:4848,566,565,0,0

16:38:05.738 > mcnt:4849,566,565,0,0

16:38:05.851 > mcnt:4850,566,565,0,0

16:38:05.947 > mcnt:4851,566,565,0,0

16:38:06.050 > mcnt:4852,566,565,0,0

16:38:06.138 > mcnt:4853,566,565,0,0

16:38:06.251 > mcnt:4854,566,565,0,0

16:38:06.347 > mcnt:4855,566,565,0,0

16:38:06.443 > mcnt:4856,566,565,0,0

16:38:06.539 > mcnt:4857,566,565,0,0

16:38:06.651 > mcnt:4858,566,565,0,0

16:38:06.746 > mcnt:4859,566,565,0,0

16:38:06.843 > mcnt:4860,566,566,0,0

16:38:06.940 > mcnt:4861,566,566,0,0

16:38:07.051 > mcnt:4862,566,566,0,0

16:38:07.146 > mcnt:4863,566,566,0,0

16:38:07.243 > mcnt:4864,566,566,0,0

16:38:07.339 > mcnt:4865,566,566,0,0

16:38:07.451 > mcnt:4866,566,566,0,0

16:38:07.546 > mcnt:4867,566,566,0,0

16:38:07.643 > mcnt:4868,566,566,0,0

16:38:07.739 > mcnt:4869,566,566,0,0

16:38:07.851 > mcnt:4870,566,566,0,0

16:38:07.947 > mcnt:4871,566,566,0,0

16:38:08.043 > mcnt:4872,566,566,0,0

16:38:08.138 > mcnt:4873,566,566,0,0

16:38:08.251 > mcnt:4874,566,566,0,0

16:38:08.347 > mcnt:4875,566,566,0,0

16:38:08.443 > mcnt:4876,566,566,0,0

16:38:08.539 > mcnt:4877,566,566,0,0

16:38:08.651 > mcnt:4878,566,566,0,0

16:38:08.747 > mcnt:4879,566,566,0,0

16:38:08.843 > mcnt:4880,566,566,0,0

16:38:08.938 > mcnt:4881,566,566,0,0

16:38:09.050 > mcnt:4882,566,566,0,0

16:38:09.147 > mcnt:4883,566,566,0,0

16:38:09.243 > mcnt:4884,566,566,0,0

16:38:09.339 > mcnt:4885,566,566,0,0

16:38:09.451 > mcnt:4886,566,566,0,0

16:38:09.547 > mcnt:4887,566,566,0,0

16:38:09.642 > mcnt:4888,566,566,0,0

16:38:09.738 > mcnt:4889,566,566,0,0

16:38:09.851 > mcnt:4890,566,566,0,0

16:38:09.947 > mcnt:4891,566,566,0,0

16:38:10.042 > mcnt:4892,566,566,0,0

16:38:10.139 > mcnt:4893,566,566,0,0

16:38:10.251 > mcnt:4894,566,566,0,0

16:38:10.347 > mcnt:4895,566,566,0,0

16:38:10.443 > mcnt:4896,566,566,0,0

16:38:10.539 > mcnt:4897,566,566,0,0

16:38:10.650 > mcnt:4898,566,566,0,0

16:38:10.747 > mcnt:4899,566,566,0,0

16:38:10.843 > mcnt:4900,566,566,0,0

16:38:10.938 > mcnt:4901,566,566,0,0

16:38:11.050 > mcnt:4902,566,566,0,0

16:38:11.147 > mcnt:4903,566,566,0,0

16:38:11.243 > mcnt:4904,566,566,0,0

16:38:11.339 > mcnt:4905,566,566,0,0

16:38:11.451 > mcnt:4906,566,566,0,0

16:38:11.546 > mcnt:4907,566,566,0,0

16:38:11.643 > mcnt:4908,566,566,0,0

16:38:11.739 > mcnt:4909,566,566,0,0

16:38:11.850 > mcnt:4910,566,566,0,0

16:38:11.947 > mcnt:4911,566,566,0,0

16:38:12.042 > mcnt:4912,566,566,0,0

16:38:12.139 > mcnt:4913,566,566,0,0

16:38:12.251 > mcnt:4914,566,566,0,0

16:38:12.347 > mcnt:4915,566,566,0,0

16:38:12.443 > mcnt:4916,566,566,0,0

16:38:12.539 > mcnt:4917,566,566,0,0

16:38:12.651 > mcnt:4918,566,566,0,0

16:38:12.747 > mcnt:4919,566,566,0,0

16:38:12.843 > mcnt:4920,566,566,0,0

16:38:12.939 > mcnt:4921,566,566,0,0

16:38:13.051 > mcnt:4922,566,566,0,0

16:38:13.147 > mcnt:4923,566,566,0,0

16:38:13.243 > mcnt:4924,566,566,0,0

16:38:13.338 > mcnt:4925,566,566,0,0

16:38:13.451 > mcnt:4926,566,566,0,0

16:38:13.547 > mcnt:4927,566,566,0,0

16:38:13.643 > mcnt:4928,566,566,0,0

16:38:13.738 > mcnt:4929,566,566,0,0

16:38:13.851 > mcnt:4930,566,566,0,0

16:38:13.947 > mcnt:4931,566,566,0,0

16:38:14.043 > mcnt:4932,566,566,0,0

16:38:14.139 > mcnt:4933,566,566,0,0

16:38:14.251 > mcnt:4934,566,566,0,0

16:38:14.347 > mcnt:4935,566,566,0,0

16:38:14.443 > mcnt:4936,566,566,0,0

16:38:14.538 > mcnt:4937,566,566,0,0

16:38:14.651 > mcnt:4938,566,566,0,0

16:38:14.747 > mcnt:4939,566,566,0,0

16:38:14.843 > mcnt:4940,566,566,0,0

16:38:14.939 > mcnt:4941,566,566,0,0

16:38:15.051 > mcnt:4942,566,566,0,0

16:38:15.147 > mcnt:4943,566,566,0,0

16:38:15.243 > mcnt:4944,566,566,0,0

16:38:15.339 > mcnt:4945,566,566,0,0

16:38:15.451 > mcnt:4946,566,566,0,0

16:38:15.547 > mcnt:4947,566,566,0,0

16:38:15.643 > mcnt:4948,566,566,0,0

16:38:15.739 > mcnt:4949,566,566,0,0

16:38:15.851 > mcnt:4950,566,566,0,0

16:38:15.947 > mcnt:4951,566,566,0,0

16:38:16.043 > mcnt:4952,566,566,0,0

16:38:16.139 > mcnt:4953,566,566,0,0

16:38:16.251 > mcnt:4954,566,566,0,0

16:38:16.347 > mcnt:4955,566,566,0,0

16:38:16.443 > mcnt:4956,566,566,0,0

16:38:16.538 > mcnt:4957,566,566,0,0

16:38:16.651 > mcnt:4958,566,566,0,0

16:38:16.746 > mcnt:4959,566,566,0,0

16:38:16.843 > mcnt:4960,566,566,0,0

16:38:16.939 > mcnt:4961,566,566,0,0

16:38:17.051 > mcnt:4962,566,566,0,0

16:38:17.147 > mcnt:4963,566,566,0,0

16:38:17.243 > mcnt:4964,566,566,0,0

16:38:17.339 > mcnt:4965,566,566,0,0

16:38:17.451 > mcnt:4966,566,566,0,0

16:38:17.546 > mcnt:4967,566,566,0,0

16:38:17.643 > mcnt:4968,566,566,0,0

16:38:17.739 > mcnt:4969,566,566,0,0

16:38:17.851 > mcnt:4970,566,566,0,0

16:38:17.947 > mcnt:4971,566,566,0,0

16:38:18.042 > mcnt:4972,566,566,0,0

16:38:18.138 > mcnt:4973,566,566,0,0

16:38:18.250 > mcnt:4974,566,566,0,0

16:38:18.346 > mcnt:4975,566,566,0,0

16:38:18.443 > mcnt:4976,566,566,0,0

16:38:18.539 > mcnt:4977,566,566,0,0

16:38:18.651 > mcnt:4978,566,566,0,0

16:38:18.747 > mcnt:4979,566,566,0,0

16:38:18.843 > mcnt:4980,566,566,0,0

16:38:18.938 > mcnt:4981,566,566,0,0

16:38:19.051 > mcnt:4982,566,566,0,0

16:38:19.146 > mcnt:4983,566,566,0,0

16:38:19.243 > mcnt:4984,566,566,0,0

16:38:19.339 > mcnt:4985,566,566,0,0

16:38:19.451 > mcnt:4986,566,566,0,0

16:38:19.547 > mcnt:4987,566,566,0,0

16:38:19.642 > mcnt:4988,566,566,0,0

16:38:19.739 > mcnt:4989,566,566,0,0

16:38:19.851 > mcnt:4990,566,566,0,0

16:38:19.947 > mcnt:4991,566,566,0,0

16:38:20.042 > mcnt:4992,566,566,0,0

16:38:20.139 > mcnt:4993,566,566,0,0

16:38:20.250 > mcnt:4994,566,566,0,0

16:38:20.347 > mcnt:4995,566,566,0,0

16:38:20.442 > mcnt:4996,566,566,0,0

16:38:20.538 > mcnt:4997,566,566,0,0

16:38:20.650 > mcnt:4998,566,566,0,0

16:38:20.747 > mcnt:4999,566,566,0,0

16:38:20.843 > mcnt:5000,566,566,0,0

16:38:20.938 > mcnt:5001,566,566,0,0

16:38:21.050 > mcnt:5002,566,566,0,0

16:38:21.146 > mcnt:5003,566,566,0,0

16:38:21.243 > mcnt:5004,566,566,0,0

16:38:21.339 > mcnt:5005,566,566,0,0

16:38:21.451 > mcnt:5006,566,566,0,0

16:38:21.546 > mcnt:5007,566,566,0,0

16:38:21.642 > mcnt:5008,566,566,0,0

16:38:21.739 > mcnt:5009,566,566,0,0

16:38:21.850 > mcnt:5010,566,566,0,0

16:38:21.946 > mcnt:5011,566,566,0,0

16:38:22.043 > mcnt:5012,566,566,0,0

16:38:22.139 > mcnt:5013,566,566,0,0

16:38:22.251 > mcnt:5014,566,566,0,0

16:38:22.347 > mcnt:5015,566,566,0,0

16:38:22.443 > mcnt:5016,566,566,0,0

16:38:22.538 > mcnt:5017,566,566,0,0

16:38:22.651 > mcnt:5018,566,566,0,0

16:38:22.747 > mcnt:5019,566,566,0,0

16:38:22.842 > mcnt:5020,566,566,0,0

16:38:22.939 > mcnt:5021,566,566,0,0

16:38:23.051 > mcnt:5022,566,566,0,0

16:38:23.147 > mcnt:5023,566,566,0,0

16:38:23.243 > mcnt:5024,566,566,0,0

16:38:23.339 > mcnt:5025,566,566,0,0

16:38:23.451 > mcnt:5026,566,566,0,0

16:38:23.546 > mcnt:5027,566,566,0,0

16:38:23.642 > mcnt:5028,566,566,0,0

16:38:23.739 > mcnt:5029,566,566,0,0

16:38:23.851 > mcnt:5030,566,566,0,0

16:38:23.946 > mcnt:5031,566,566,0,0

16:38:24.042 > mcnt:5032,566,566,0,0

16:38:24.139 > mcnt:5033,566,566,0,0

16:38:24.250 > mcnt:5034,566,566,0,0

16:38:24.347 > mcnt:5035,566,566,0,0

16:38:24.442 > mcnt:5036,566,566,0,0

16:38:24.538 > mcnt:5037,566,566,0,0

16:38:24.651 > mcnt:5038,566,566,0,0

16:38:24.746 > mcnt:5039,566,566,0,0

16:38:24.843 > mcnt:5040,566,566,0,0

16:38:24.938 > mcnt:5041,566,566,0,0

16:38:25.051 > mcnt:5042,566,566,0,0

16:38:25.146 > mcnt:5043,566,566,0,0

16:38:25.242 > mcnt:5044,566,566,0,0

16:38:25.355 > mcnt:5045,566,566,0,0

16:38:25.455 > mcnt:5046,566,566,0,0

16:38:25.546 > mcnt:5047,566,566,0,0

16:38:25.643 > mcnt:5048,566,566,0,0

16:38:25.738 > mcnt:5049,566,566,0,0

16:38:25.850 > mcnt:5050,566,566,0,0

16:38:25.947 > mcnt:5051,566,566,0,0

16:38:26.042 > mcnt:5052,566,566,0,0

16:38:26.139 > mcnt:5053,566,566,0,0

16:38:26.251 > mcnt:5054,566,566,0,0

16:38:26.347 > mcnt:5055,566,566,0,0

16:38:26.443 > mcnt:5056,566,566,0,0

16:38:26.539 > mcnt:5057,566,566,0,0

16:38:26.651 > mcnt:5058,566,566,0,0

16:38:26.759 > mcnt:5059,566,566,0,0

16:38:26.842 > mcnt:5060,566,566,0,0

16:38:26.938 > mcnt:5061,566,566,0,0

16:38:27.050 > mcnt:5062,566,566,0,0

16:38:27.147 > mcnt:5063,566,566,0,0

16:38:27.243 > mcnt:5064,566,566,0,0

16:38:27.338 > mcnt:5065,566,566,0,0

16:38:27.450 > mcnt:5066,566,566,0,0

16:38:27.546 > mcnt:5067,566,566,0,0

16:38:27.642 > mcnt:5068,566,566,0,0

16:38:27.738 > mcnt:5069,566,566,0,0

16:38:27.851 > mcnt:5070,566,566,0,0

16:38:27.947 > mcnt:5071,566,566,0,0

16:38:28.042 > mcnt:5072,566,566,0,0

16:38:28.138 > mcnt:5073,566,566,0,0

16:38:28.251 > mcnt:5074,566,566,0,0

16:38:28.346 > mcnt:5075,566,566,0,0

16:38:28.442 > mcnt:5076,566,566,0,0

16:38:28.539 > mcnt:5077,566,566,0,0

16:38:28.650 > mcnt:5078,566,566,0,0

16:38:28.746 > mcnt:5079,566,566,0,0

16:38:28.842 > mcnt:5080,566,566,0,0

16:38:28.938 > mcnt:5081,566,566,0,0

16:38:29.051 > mcnt:5082,566,566,0,0

16:38:29.146 > mcnt:5083,566,566,0,0

16:38:29.242 > mcnt:5084,566,566,0,0

16:38:29.338 > mcnt:5085,566,566,0,0

16:38:29.451 > mcnt:5086,566,566,0,0

16:38:29.546 > mcnt:5087,566,566,0,0

16:38:29.642 > mcnt:5088,566,566,0,0

16:38:29.738 > mcnt:5089,566,566,0,0

16:38:29.850 > mcnt:5090,566,566,0,0

16:38:29.946 > mcnt:5091,566,566,0,0

16:38:30.042 > mcnt:5092,566,566,0,0

16:38:30.154 > mcnt:5093,566,566,0,0

16:38:30.250 > mcnt:5094,566,566,0,0

16:38:30.346 > mcnt:5095,566,566,0,0

16:38:30.442 > mcnt:5096,566,566,0,0

16:38:30.538 > mcnt:5097,566,566,0,0

16:38:30.650 > mcnt:5098,566,566,0,0

16:38:30.745 > mcnt:5099,566,566,0,0

16:38:30.842 > mcnt:5100,566,566,0,0

16:38:30.954 > mcnt:5101,566,566,0,0

16:38:31.051 > mcnt:5102,566,566,0,0

16:38:31.146 > mcnt:5103,566,566,0,0

16:38:31.243 > mcnt:5104,566,566,0,0

16:38:31.354 > mcnt:5105,566,566,0,0

16:38:31.450 > mcnt:5106,566,566,0,0

16:38:31.546 > mcnt:5107,566,566,0,0

16:38:31.642 > mcnt:5108,566,566,0,0

16:38:31.738 > mcnt:5109,566,566,0,0

16:38:31.850 > mcnt:5110,566,566,0,0

16:38:31.946 > mcnt:5111,566,566,0,0

16:38:32.042 > mcnt:5112,566,566,0,0

16:38:32.154 > mcnt:5113,566,566,0,0

16:38:32.250 > mcnt:5114,566,566,0,0

16:38:32.346 > mcnt:5115,566,566,0,0

16:38:32.442 > mcnt:5116,566,566,0,0

16:38:32.554 > mcnt:5117,566,566,0,0

16:38:32.650 > mcnt:5118,566,566,0,0

16:38:32.746 > mcnt:5119,566,566,0,0

16:38:32.842 > mcnt:5120,566,566,0,0

16:38:32.954 > mcnt:5121,566,566,0,0

16:38:33.050 > mcnt:5122,566,566,0,0

16:38:33.146 > mcnt:5123,566,566,0,0

16:38:33.242 > mcnt:5124,566,566,0,0

16:38:33.354 > mcnt:5125,566,566,0,0

16:38:33.450 > mcnt:5126,566,566,0,0

16:38:33.546 > mcnt:5127,566,566,0,0

16:38:33.642 > mcnt:5128,566,566,0,0

16:38:33.738 > mcnt:5129,566,566,0,0

16:38:33.850 > mcnt:5130,566,566,0,0

16:38:33.946 > mcnt:5131,566,566,0,0

16:38:34.042 > mcnt:5132,566,566,0,0

16:38:34.154 > mcnt:5133,566,566,0,0

16:38:34.250 > mcnt:5134,566,566,0,0

16:38:34.346 > mcnt:5135,566,566,0,0

16:38:34.442 > mcnt:5136,566,566,0,0

16:38:34.554 > mcnt:5137,566,566,0,0

16:38:34.650 > mcnt:5138,566,566,0,0

16:38:34.746 > mcnt:5139,566,566,0,0

16:38:34.841 > mcnt:5140,566,566,0,0

16:38:34.954 > mcnt:5141,566,566,0,0

16:38:35.050 > mcnt:5142,566,566,0,0

16:38:35.146 > mcnt:5143,566,566,0,0

16:38:35.242 > mcnt:5144,566,566,0,0

16:38:35.338 > mcnt:5145,566,566,0,0

16:38:35.450 > mcnt:5146,566,566,0,0

16:38:35.547 > mcnt:5147,566,566,0,0

16:38:35.642 > mcnt:5148,566,566,0,0

16:38:35.754 > mcnt:5149,566,566,0,0

16:38:35.850 > mcnt:5150,566,566,0,0

16:38:35.946 > mcnt:5151,566,566,0,0

16:38:36.042 > mcnt:5152,566,566,0,0

16:38:36.153 > mcnt:5153,566,566,0,0

16:38:36.250 > mcnt:5154,566,566,0,0

16:38:36.346 > mcnt:5155,566,566,0,0

16:38:36.442 > mcnt:5156,566,566,0,0

16:38:36.554 > mcnt:5157,566,566,0,0

16:38:36.650 > mcnt:5158,566,566,0,0

16:38:36.746 > mcnt:5159,566,566,0,0

16:38:36.842 > mcnt:5160,566,566,0,0

16:38:36.954 > mcnt:5161,566,566,0,0

16:38:37.050 > mcnt:5162,566,566,0,0

16:38:37.146 > mcnt:5163,566,566,0,0

16:38:37.242 > mcnt:5164,566,566,0,0

16:38:37.354 > mcnt:5165,566,566,0,0

16:38:37.450 > mcnt:5166,566,566,0,0

16:38:37.546 > mcnt:5167,566,566,0,0

16:38:37.642 > mcnt:5168,566,566,0,0

16:38:37.754 > mcnt:5169,566,566,0,0

16:38:37.850 > mcnt:5170,566,566,0,0

16:38:37.946 > mcnt:5171,566,566,0,0

16:38:38.042 > mcnt:5172,566,566,0,0

16:38:38.154 > mcnt:5173,566,566,0,0

16:38:38.250 > mcnt:5174,566,566,0,0

16:38:38.345 > mcnt:5175,566,566,0,0

16:38:38.442 > mcnt:5176,566,566,0,0

16:38:38.554 > mcnt:5177,566,566,0,0

16:38:38.650 > mcnt:5178,566,566,0,0

16:38:38.746 > mcnt:5179,566,566,0,0

16:38:38.842 > mcnt:5180,566,566,0,0

16:38:38.954 > mcnt:5181,566,566,0,0

16:38:39.050 > mcnt:5182,566,566,0,0

16:38:39.146 > mcnt:5183,566,566,0,0

16:38:39.242 > mcnt:5184,566,566,0,0

16:38:39.354 > mcnt:5185,566,566,0,0

16:38:39.450 > mcnt:5186,566,566,0,0

16:38:39.546 > mcnt:5187,566,566,0,0

16:38:39.642 > mcnt:5188,566,566,0,0

16:38:39.754 > mcnt:5189,566,566,0,0

16:38:39.850 > mcnt:5190,566,566,0,0

16:38:39.947 > mcnt:5191,566,566,0,0

16:38:40.042 > mcnt:5192,566,566,0,0

16:38:40.154 > mcnt:5193,566,566,0,0

16:38:40.250 > mcnt:5194,566,566,0,0

16:38:40.346 > mcnt:5195,566,566,0,0

16:38:40.442 > mcnt:5196,566,566,0,0

16:38:40.554 > mcnt:5197,566,566,0,0

16:38:40.650 > mcnt:5198,566,566,0,0

16:38:40.746 > mcnt:5199,566,566,0,0

16:38:40.842 > mcnt:5200,566,566,0,0

16:38:40.954 > mcnt:5201,566,566,0,0

16:38:41.050 > mcnt:5202,566,566,0,0

16:38:41.146 > mcnt:5203,566,566,0,0

16:38:41.242 > mcnt:5204,566,566,0,0

16:38:41.354 > mcnt:5205,566,566,0,0

16:38:41.450 > mcnt:5206,566,566,0,0

16:38:41.545 > mcnt:5207,566,566,0,0

16:38:41.642 > mcnt:5208,566,566,0,0

16:38:41.754 > mcnt:5209,566,566,0,0

16:38:41.850 > mcnt:5210,566,566,0,0

16:38:41.946 > mcnt:5211,566,566,0,0

16:38:42.042 > mcnt:5212,566,566,0,0

16:38:42.154 > mcnt:5213,566,566,0,0

16:38:42.250 > mcnt:5214,566,566,0,0

16:38:42.346 > mcnt:5215,566,566,0,0

16:38:42.442 > mcnt:5216,566,566,0,0

16:38:42.553 > mcnt:5217,566,566,0,0

16:38:42.649 > mcnt:5218,566,566,0,0

16:38:42.746 > mcnt:5219,566,566,0,0

16:38:42.842 > mcnt:5220,566,566,0,0

16:38:42.954 > mcnt:5221,566,566,0,0

16:38:43.050 > mcnt:5222,566,566,0,0

16:38:43.145 > mcnt:5223,566,566,0,0

16:38:43.242 > mcnt:5224,566,566,0,0

16:38:43.354 > mcnt:5225,566,566,0,0

16:38:43.450 > mcnt:5226,566,566,0,0

16:38:43.546 > mcnt:5227,566,566,0,0

16:38:43.642 > mcnt:5228,566,566,0,0

16:38:43.754 > mcnt:5229,566,566,0,0

16:38:43.849 > mcnt:5230,566,566,0,0

16:38:43.945 > mcnt:5231,566,566,0,0

16:38:44.042 > mcnt:5232,566,566,0,0

16:38:44.154 > mcnt:5233,566,566,0,0

16:38:44.253 > mcnt:5234,566,566,0,0

16:38:44.346 > mcnt:5235,566,566,0,0

16:38:44.442 > mcnt:5236,566,566,0,0

16:38:44.554 > mcnt:5237,566,566,0,0

16:38:44.650 > mcnt:5238,566,566,0,0

16:38:44.746 > mcnt:5239,566,566,0,0

16:38:44.842 > mcnt:5240,566,566,0,0

16:38:44.954 > mcnt:5241,566,566,0,0

16:38:45.050 > mcnt:5242,566,566,0,0

16:38:45.146 > mcnt:5243,566,566,0,0

16:38:45.242 > mcnt:5244,566,566,0,0

16:38:45.354 > mcnt:5245,566,566,0,0

16:38:45.450 > mcnt:5246,566,566,0,0

16:38:45.546 > mcnt:5247,566,566,0,0

16:38:45.642 > mcnt:5248,566,566,0,0

16:38:45.754 > mcnt:5249,566,566,0,0

16:38:45.850 > mcnt:5250,566,566,0,0

16:38:45.946 > mcnt:5251,566,566,0,0

16:38:46.042 > mcnt:5252,566,566,0,0

16:38:46.154 > mcnt:5253,566,566,0,0

16:38:46.250 > mcnt:5254,566,566,0,0

16:38:46.346 > mcnt:5255,566,566,0,0

16:38:46.442 > mcnt:5256,566,566,0,0

16:38:46.554 > mcnt:5257,566,566,0,0

16:38:46.649 > mcnt:5258,566,566,0,0

16:38:46.745 > mcnt:5259,566,566,0,0

16:38:46.842 > mcnt:5260,566,566,0,0

16:38:46.953 > mcnt:5261,566,566,0,0

16:38:47.050 > mcnt:5262,566,566,0,0

16:38:47.146 > mcnt:5263,566,566,0,0

16:38:47.242 > mcnt:5264,566,566,0,0

16:38:47.354 > mcnt:5265,566,566,0,0

16:38:47.450 > mcnt:5266,566,566,0,0

16:38:47.546 > mcnt:5267,566,566,0,0

16:38:47.641 > mcnt:5268,566,566,0,0

16:38:47.754 > mcnt:5269,566,566,0,0

16:38:47.850 > mcnt:5270,566,566,0,0

16:38:47.946 > mcnt:5271,566,566,0,0

16:38:48.042 > mcnt:5272,566,566,0,0

16:38:48.154 > mcnt:5273,566,566,0,0

16:38:48.250 > mcnt:5274,566,566,0,0

16:38:48.346 > mcnt:5275,566,566,0,0

16:38:48.442 > mcnt:5276,566,566,0,0

16:38:48.554 > mcnt:5277,566,566,0,0

16:38:48.650 > mcnt:5278,566,566,0,0

16:38:48.746 > mcnt:5279,566,566,0,0

16:38:48.842 > mcnt:5280,566,566,0,0

16:38:48.954 > mcnt:5281,566,566,0,0

16:38:49.050 > mcnt:5282,566,566,0,0

16:38:49.145 > mcnt:5283,566,566,0,0

16:38:49.242 > mcnt:5284,566,566,0,0

16:38:49.354 > mcnt:5285,566,566,0,0

16:38:49.450 > mcnt:5286,566,566,0,0

16:38:49.546 > mcnt:5287,566,566,0,0

16:38:49.641 > mcnt:5288,566,566,0,0

16:38:49.755 > mcnt:5289,566,566,0,0

16:38:49.850 > mcnt:5290,566,566,0,0

16:38:49.946 > mcnt:5291,566,566,0,0

16:38:50.042 > mcnt:5292,566,566,0,0

16:38:50.154 > mcnt:5293,566,566,0,0

16:38:50.250 > mcnt:5294,566,566,0,0

16:38:50.346 > mcnt:5295,566,566,0,0

16:38:50.442 > mcnt:5296,566,566,0,0

16:38:50.554 > mcnt:5297,566,566,0,0

16:38:50.649 > mcnt:5298,566,566,0,0

16:38:50.747 > mcnt:5299,566,566,0,0

16:38:50.842 > mcnt:5300,566,566,0,0

16:38:50.954 > mcnt:5301,566,566,0,0

16:38:51.050 > mcnt:5302,566,566,0,0

16:38:51.146 > mcnt:5303,566,566,0,0

16:38:51.242 > mcnt:5304,566,566,0,0

16:38:51.354 > mcnt:5305,566,566,0,0

16:38:51.449 > mcnt:5306,566,566,0,0

16:38:51.546 > mcnt:5307,566,566,0,0

16:38:51.642 > mcnt:5308,566,566,0,0

16:38:51.753 > mcnt:5309,566,566,0,0

16:38:51.850 > mcnt:5310,566,566,0,0

16:38:51.946 > mcnt:5311,566,566,0,0

16:38:52.042 > mcnt:5312,566,566,0,0

16:38:52.153 > mcnt:5313,566,566,0,0

16:38:52.249 > mcnt:5314,566,566,0,0

16:38:52.346 > mcnt:5315,566,566,0,0

16:38:52.442 > mcnt:5316,566,566,0,0

16:38:52.554 > mcnt:5317,566,566,0,0

16:38:52.650 > mcnt:5318,566,566,0,0

16:38:52.745 > mcnt:5319,566,566,0,0

16:38:52.841 > mcnt:5320,566,566,0,0

16:38:52.954 > mcnt:5321,566,566,0,0

16:38:53.049 > mcnt:5322,566,566,0,0

16:38:53.146 > mcnt:5323,566,566,0,0

16:38:53.242 > mcnt:5324,566,566,0,0

16:38:53.353 > mcnt:5325,566,566,0,0

16:38:53.450 > mcnt:5326,566,566,0,0

16:38:53.545 > mcnt:5327,566,566,0,0

16:38:53.642 > mcnt:5328,566,566,0,0

16:38:53.754 > mcnt:5329,566,566,0,0

16:38:53.854 > mcnt:5330,566,566,0,0

16:38:53.945 > mcnt:5331,566,565,0,0

16:38:54.042 > mcnt:5332,566,566,0,0

16:38:54.154 > mcnt:5333,566,566,0,0

16:38:54.249 > mcnt:5334,566,566,0,0

16:38:54.346 > mcnt:5335,566,566,0,0

16:38:54.442 > mcnt:5336,566,565,0,0

16:38:54.553 > mcnt:5337,566,566,0,0

16:38:54.650 > mcnt:5338,566,565,0,0

16:38:54.746 > mcnt:5339,566,565,0,0

16:38:54.842 > mcnt:5340,566,565,0,0

16:38:54.953 > mcnt:5341,566,566,0,0

16:38:55.049 > mcnt:5342,566,565,0,0

16:38:55.146 > mcnt:5343,566,565,0,0

16:38:55.242 > mcnt:5344,566,565,0,0

16:38:55.353 > mcnt:5345,566,565,0,0

16:38:55.450 > mcnt:5346,566,565,0,0

16:38:55.545 > mcnt:5347,566,565,0,0

16:38:55.642 > mcnt:5348,566,565,0,0

16:38:55.754 > mcnt:5349,566,565,0,0

16:38:55.850 > mcnt:5350,566,565,0,0

16:38:55.945 > mcnt:5351,566,565,0,0

16:38:56.041 > mcnt:5352,566,565,0,0

16:38:56.154 > mcnt:5353,566,565,0,0

16:38:56.250 > mcnt:5354,566,565,0,0

16:38:56.346 > mcnt:5355,566,565,0,0

16:38:56.443 > mcnt:5356,566,565,0,0

16:38:56.554 > mcnt:5357,566,565,0,0

16:38:56.650 > mcnt:5358,566,565,0,0

16:38:56.746 > mcnt:5359,566,565,0,0

16:38:56.842 > mcnt:5360,566,565,0,0

16:38:56.955 > mcnt:5361,566,565,0,0

16:38:57.049 > mcnt:5362,566,565,0,0

16:38:57.146 > mcnt:5363,566,565,0,0

16:38:57.242 > mcnt:5364,566,565,0,0

16:38:57.354 > mcnt:5365,566,565,0,0

16:38:57.449 > mcnt:5366,566,565,0,0

16:38:57.546 > mcnt:5367,566,565,0,0

16:38:57.642 > mcnt:5368,566,565,0,0

16:38:57.754 > mcnt:5369,566,565,0,0

16:38:57.850 > mcnt:5370,566,565,0,0

16:38:57.945 > mcnt:5371,566,565,0,0

16:38:58.042 > mcnt:5372,566,565,0,0

16:38:58.154 > mcnt:5373,566,565,0,0

16:38:58.250 > mcnt:5374,566,565,0,0

16:38:58.346 > mcnt:5375,566,565,0,0

16:38:58.442 > mcnt:5376,566,565,0,0

16:38:58.553 > mcnt:5377,566,565,0,0

16:38:58.650 > mcnt:5378,566,565,0,0

16:38:58.746 > mcnt:5379,566,565,0,0

16:38:58.841 > mcnt:5380,566,565,0,0

16:38:58.954 > mcnt:5381,566,565,0,0

16:38:59.049 > mcnt:5382,566,565,0,0

16:38:59.145 > mcnt:5383,566,565,0,0

16:38:59.242 > mcnt:5384,566,565,0,0

16:38:59.354 > mcnt:5385,566,565,0,0

16:38:59.450 > mcnt:5386,566,565,0,0

16:38:59.546 > mcnt:5387,566,565,0,0

16:38:59.642 > mcnt:5388,566,565,0,0

16:38:59.754 > mcnt:5389,566,565,0,0

16:38:59.850 > mcnt:5390,566,565,0,0

16:38:59.946 > mcnt:5391,566,565,0,0

16:39:00.042 > mcnt:5392,566,565,0,0

16:39:00.153 > mcnt:5393,566,565,0,0

16:39:00.250 > mcnt:5394,566,565,0,0

16:39:00.346 > mcnt:5395,566,565,0,0

16:39:00.442 > mcnt:5396,566,565,0,0

16:39:00.554 > mcnt:5397,566,565,0,0

16:39:00.649 > mcnt:5398,566,565,0,0

16:39:00.745 > mcnt:5399,566,565,0,0

16:39:00.842 > mcnt:5400,566,565,0,0

16:39:00.954 > mcnt:5401,566,565,0,0

16:39:01.050 > mcnt:5402,566,565,0,0

16:39:01.146 > mcnt:5403,566,565,0,0

16:39:01.242 > mcnt:5404,566,565,0,0

16:39:01.354 > mcnt:5405,566,565,0,0

16:39:01.450 > mcnt:5406,566,565,0,0

16:39:01.546 > mcnt:5407,566,565,0,0

16:39:01.641 > mcnt:5408,566,565,0,0

16:39:01.754 > mcnt:5409,566,565,0,0

16:39:01.850 > mcnt:5410,566,565,0,0

16:39:01.946 > mcnt:5411,566,565,0,0

16:39:02.042 > mcnt:5412,566,565,0,0

16:39:02.154 > mcnt:5413,566,565,0,0

16:39:02.250 > mcnt:5414,566,565,0,0

16:39:02.345 > mcnt:5415,566,565,0,0

16:39:02.441 > mcnt:5416,566,565,0,0

16:39:02.554 > mcnt:5417,566,565,0,0

16:39:02.650 > mcnt:5418,566,565,0,0

16:39:02.746 > mcnt:5419,566,565,0,0

16:39:02.850 > mcnt:5420,566,565,0,0

16:39:02.954 > mcnt:5421,566,565,0,0

16:39:03.050 > mcnt:5422,566,565,0,0

16:39:03.145 > mcnt:5423,566,565,0,0

16:39:03.242 > mcnt:5424,566,565,0,0

16:39:03.354 > mcnt:5425,566,565,0,0

16:39:03.450 > mcnt:5426,566,565,0,0

16:39:03.545 > mcnt:5427,566,565,0,0

16:39:03.642 > mcnt:5428,566,565,0,0

16:39:03.754 > mcnt:5429,566,565,0,0

16:39:03.849 > mcnt:5430,566,565,0,0

16:39:03.945 > mcnt:5431,566,565,0,0

16:39:04.041 > mcnt:5432,566,565,0,0

16:39:04.154 > mcnt:5433,566,565,0,0

16:39:04.249 > mcnt:5434,566,565,0,0

16:39:04.345 > mcnt:5435,566,565,0,0

16:39:04.441 > mcnt:5436,566,565,0,0

16:39:04.553 > mcnt:5437,566,565,0,0

16:39:04.649 > mcnt:5438,566,565,0,0

16:39:04.746 > mcnt:5439,566,565,0,0

16:39:04.842 > mcnt:5440,566,565,0,0

16:39:04.953 > mcnt:5441,566,565,0,0

16:39:05.049 > mcnt:5442,566,565,0,0

16:39:05.146 > mcnt:5443,566,565,0,0

16:39:05.241 > mcnt:5444,566,565,0,0

16:39:05.354 > mcnt:5445,566,565,0,0

16:39:05.450 > mcnt:5446,566,565,0,0

16:39:05.545 > mcnt:5447,566,565,0,0

16:39:05.641 > mcnt:5448,566,565,0,0

16:39:05.754 > mcnt:5449,566,565,0,0

16:39:05.850 > mcnt:5450,566,565,0,0

16:39:05.946 > mcnt:5451,566,565,0,0

16:39:06.041 > mcnt:5452,566,565,0,0

16:39:06.154 > mcnt:5453,566,565,0,0

16:39:06.250 > mcnt:5454,566,565,0,0

16:39:06.346 > mcnt:5455,566,565,0,0

16:39:06.441 > mcnt:5456,566,565,0,0

16:39:06.553 > mcnt:5457,566,565,0,0

16:39:06.650 > mcnt:5458,566,565,0,0

16:39:06.745 > mcnt:5459,566,565,0,0

16:39:06.841 > mcnt:5460,566,565,0,0

16:39:06.953 > mcnt:5461,566,565,0,0

16:39:07.049 > mcnt:5462,566,565,0,0

16:39:07.146 > mcnt:5463,566,565,0,0

16:39:07.241 > mcnt:5464,566,565,0,0

16:39:07.354 > mcnt:5465,566,565,0,0

16:39:07.449 > mcnt:5466,566,565,0,0

16:39:07.545 > mcnt:5467,566,565,0,0

16:39:07.642 > mcnt:5468,566,565,0,0

16:39:07.753 > mcnt:5469,566,565,0,0

16:39:07.849 > mcnt:5470,566,565,0,0

16:39:07.945 > mcnt:5471,566,565,0,0

16:39:08.042 > mcnt:5472,566,565,0,0

16:39:08.154 > mcnt:5473,566,565,0,0

16:39:08.249 > mcnt:5474,566,565,0,0

16:39:08.348 > mcnt:5475,566,565,0,0

16:39:08.441 > mcnt:5476,566,565,0,0

16:39:08.554 > mcnt:5477,566,565,0,0

16:39:08.650 > mcnt:5478,566,565,0,0

16:39:08.745 > mcnt:5479,566,565,0,0

16:39:08.842 > mcnt:5480,566,565,0,0

16:39:08.953 > mcnt:5481,566,565,0,0

16:39:09.049 > mcnt:5482,566,565,0,0

16:39:09.145 > mcnt:5483,566,565,0,0

16:39:09.242 > mcnt:5484,566,565,0,0

16:39:09.353 > mcnt:5485,566,565,0,0

16:39:09.449 > mcnt:5486,566,565,0,0

16:39:09.545 > mcnt:5487,566,565,0,0

16:39:09.641 > mcnt:5488,566,565,0,0

16:39:09.754 > mcnt:5489,566,565,0,0

16:39:09.850 > mcnt:5490,566,565,0,0

16:39:09.946 > mcnt:5491,566,565,0,0

16:39:10.042 > mcnt:5492,566,565,0,0

16:39:10.153 > mcnt:5493,566,565,0,0

16:39:10.249 > mcnt:5494,566,565,0,0

16:39:10.345 > mcnt:5495,566,565,0,0

16:39:10.443 > mcnt:5496,566,565,0,0

16:39:10.554 > mcnt:5497,566,565,0,0

16:39:10.649 > mcnt:5498,566,565,0,0

16:39:10.745 > mcnt:5499,566,565,0,0

16:39:10.842 > mcnt:5500,566,565,0,0

16:39:10.954 > mcnt:5501,566,565,0,0

16:39:11.049 > mcnt:5502,566,565,0,0

16:39:11.145 > mcnt:5503,566,565,0,0

16:39:11.241 > mcnt:5504,566,565,0,0

16:39:11.353 > mcnt:5505,566,565,0,0

16:39:11.449 > mcnt:5506,566,565,0,0

16:39:11.545 > mcnt:5507,566,565,0,0

16:39:11.641 > mcnt:5508,566,565,0,0

16:39:11.753 > mcnt:5509,566,565,0,0

16:39:11.863 > mcnt:5510,566,565,0,0

16:39:11.945 > mcnt:5511,566,565,0,0

16:39:12.042 > mcnt:5512,566,565,0,0

16:39:12.153 > mcnt:5513,566,565,0,0

16:39:12.249 > mcnt:5514,566,565,0,0

16:39:12.346 > mcnt:5515,566,565,0,0

16:39:12.441 > mcnt:5516,566,565,0,0

16:39:12.553 > mcnt:5517,566,565,0,0

16:39:12.649 > mcnt:5518,566,565,0,0

16:39:12.746 > mcnt:5519,566,565,0,0

16:39:12.841 > mcnt:5520,566,565,0,0

16:39:12.953 > mcnt:5521,566,565,0,0

16:39:13.049 > mcnt:5522,566,565,0,0

16:39:13.145 > mcnt:5523,566,565,0,0

16:39:13.241 > mcnt:5524,566,565,0,0

16:39:13.353 > mcnt:5525,566,565,0,0

16:39:13.449 > mcnt:5526,566,565,0,0

16:39:13.545 > mcnt:5527,566,565,0,0

16:39:13.641 > mcnt:5528,566,565,0,0

16:39:13.753 > mcnt:5529,566,565,0,0

16:39:13.849 > mcnt:5530,566,565,0,0

16:39:13.945 > mcnt:5531,566,565,0,0

16:39:14.041 > mcnt:5532,566,565,0,0

16:39:14.153 > mcnt:5533,566,565,0,0

16:39:14.250 > mcnt:5534,566,565,0,0

16:39:14.345 > mcnt:5535,566,565,0,0

16:39:14.441 > mcnt:5536,566,565,0,0

16:39:14.553 > mcnt:5537,566,565,0,0

16:39:14.649 > mcnt:5538,566,565,0,0

16:39:14.745 > mcnt:5539,566,565,0,0

16:39:14.841 > mcnt:5540,566,565,0,0

16:39:14.953 > mcnt:5541,566,565,0,0

16:39:15.050 > mcnt:5542,566,565,0,0

16:39:15.146 > mcnt:5543,566,565,0,0

16:39:15.241 > mcnt:5544,566,565,0,0

16:39:15.353 > mcnt:5545,566,565,0,0

16:39:15.449 > mcnt:5546,566,565,0,0

16:39:15.545 > mcnt:5547,566,565,0,0

16:39:15.642 > mcnt:5548,566,565,0,0

16:39:15.753 > mcnt:5549,566,565,0,0

16:39:15.849 > mcnt:5550,566,565,0,0

16:39:15.945 > mcnt:5551,566,565,0,0

16:39:16.042 > mcnt:5552,566,565,0,0

16:39:16.153 > mcnt:5553,566,565,0,0

16:39:16.249 > mcnt:5554,566,565,0,0

16:39:16.345 > mcnt:5555,566,565,0,0

16:39:16.441 > mcnt:5556,566,565,0,0

16:39:16.553 > mcnt:5557,566,565,0,0

16:39:16.649 > mcnt:5558,566,565,0,0

16:39:16.746 > mcnt:5559,566,565,0,0

16:39:16.841 > mcnt:5560,566,565,0,0

16:39:16.953 > mcnt:5561,566,565,0,0

16:39:17.049 > mcnt:5562,566,565,0,0

16:39:17.146 > mcnt:5563,566,565,0,0

16:39:17.241 > mcnt:5564,566,565,0,0

16:39:17.354 > mcnt:5565,566,565,0,0

16:39:17.450 > mcnt:5566,566,565,0,0

16:39:17.545 > mcnt:5567,566,565,0,0

16:39:17.641 > mcnt:5568,566,565,0,0

16:39:17.753 > mcnt:5569,566,565,0,0

16:39:17.849 > mcnt:5570,566,565,0,0

16:39:17.945 > mcnt:5571,566,565,0,0

16:39:18.041 > mcnt:5572,566,565,0,0

16:39:18.153 > mcnt:5573,566,565,0,0

16:39:18.249 > mcnt:5574,566,565,0,0

16:39:18.345 > mcnt:5575,566,565,0,0

16:39:18.442 > mcnt:5576,566,565,0,0

16:39:18.552 > mcnt:5577,566,565,0,0

16:39:18.649 > mcnt:5578,566,565,0,0

16:39:18.746 > mcnt:5579,566,565,0,0

16:39:18.841 > mcnt:5580,566,565,0,0

16:39:18.953 > mcnt:5581,566,565,0,0

16:39:19.049 > mcnt:5582,566,565,0,0

16:39:19.145 > mcnt:5583,566,565,0,0

16:39:19.241 > mcnt:5584,566,565,0,0

16:39:19.353 > mcnt:5585,566,565,0,0

16:39:19.449 > mcnt:5586,566,565,0,0

16:39:19.545 > mcnt:5587,566,565,0,0

16:39:19.641 > mcnt:5588,566,565,0,0

16:39:19.753 > mcnt:5589,566,565,0,0

16:39:19.849 > mcnt:5590,566,565,0,0

16:39:19.946 > mcnt:5591,566,565,0,0

16:39:20.041 > mcnt:5592,566,565,0,0

16:39:20.153 > mcnt:5593,566,565,0,0

16:39:20.249 > mcnt:5594,566,565,0,0

16:39:20.345 > mcnt:5595,566,565,0,0

16:39:20.442 > mcnt:5596,566,565,0,0

16:39:20.553 > mcnt:5597,566,565,0,0

16:39:20.651 > mcnt:5598,566,565,0,0

16:39:20.746 > mcnt:5599,566,565,0,0

16:39:20.841 > mcnt:5600,566,565,0,0

16:39:20.957 > mcnt:5601,566,565,0,0

16:39:21.049 > mcnt:5602,566,565,0,0

16:39:21.145 > mcnt:5603,566,565,0,0

16:39:21.241 > mcnt:5604,566,565,0,0

16:39:21.354 > mcnt:5605,566,565,0,0

16:39:21.449 > mcnt:5606,566,566,0,0

16:39:21.544 > mcnt:5607,566,565,0,0

16:39:21.641 > mcnt:5608,566,565,0,0

16:39:21.753 > mcnt:5609,566,565,0,0

16:39:21.849 > mcnt:5610,566,565,0,0

16:39:21.945 > mcnt:5611,566,565,0,0

16:39:22.041 > mcnt:5612,566,566,0,0

16:39:22.153 > mcnt:5613,566,565,0,0

16:39:22.249 > mcnt:5614,566,565,0,0

16:39:22.345 > mcnt:5615,566,566,0,0

16:39:22.441 > mcnt:5616,566,566,0,0

16:39:22.554 > mcnt:5617,566,566,0,0

16:39:22.649 > mcnt:5618,566,566,0,0

16:39:22.745 > mcnt:5619,566,566,0,0

16:39:22.841 > mcnt:5620,566,565,0,0

16:39:22.953 > mcnt:5621,566,565,0,0

16:39:23.049 > mcnt:5622,566,566,0,0

16:39:23.144 > mcnt:5623,566,566,0,0

16:39:23.240 > mcnt:5624,566,566,0,0

16:39:23.352 > mcnt:5625,566,566,0,0

16:39:23.449 > mcnt:5626,566,566,0,0

16:39:23.545 > mcnt:5627,566,566,0,0

16:39:23.642 > mcnt:5628,566,566,0,0

16:39:23.753 > mcnt:5629,566,566,0,0

16:39:23.849 > mcnt:5630,566,566,0,0

16:39:23.945 > mcnt:5631,566,566,0,0

16:39:24.041 > mcnt:5632,566,566,0,0

16:39:24.153 > mcnt:5633,566,566,0,0

16:39:24.249 > mcnt:5634,566,566,0,0

16:39:24.345 > mcnt:5635,566,566,0,0

16:39:24.442 > mcnt:5636,566,566,0,0

16:39:24.553 > mcnt:5637,566,566,0,0

16:39:24.649 > mcnt:5638,566,566,0,0

16:39:24.745 > mcnt:5639,566,566,0,0

16:39:24.841 > mcnt:5640,566,566,0,0

16:39:24.953 > mcnt:5641,566,566,0,0

16:39:25.049 > mcnt:5642,566,566,0,0

16:39:25.145 > mcnt:5643,566,566,0,0

16:39:25.241 > mcnt:5644,566,566,0,0

16:39:25.354 > mcnt:5645,566,566,0,0

16:39:25.449 > mcnt:5646,566,566,0,0

16:39:25.545 > mcnt:5647,566,566,0,0

16:39:25.641 > mcnt:5648,566,566,0,0

16:39:25.753 > mcnt:5649,566,566,0,0

16:39:25.850 > mcnt:5650,566,566,0,0

16:39:25.945 > mcnt:5651,566,566,0,0

16:39:26.041 > mcnt:5652,566,566,0,0

16:39:26.153 > mcnt:5653,566,566,0,0

16:39:26.250 > mcnt:5654,566,566,0,0

16:39:26.345 > mcnt:5655,566,566,0,0

16:39:26.441 > mcnt:5656,566,566,0,0

16:39:26.553 > mcnt:5657,566,566,0,0

16:39:26.649 > mcnt:5658,566,566,0,0

16:39:26.745 > mcnt:5659,566,566,0,0

16:39:26.841 > mcnt:5660,566,566,0,0

16:39:26.953 > mcnt:5661,566,566,0,0

16:39:27.049 > mcnt:5662,566,566,0,0

16:39:27.145 > mcnt:5663,566,566,0,0

16:39:27.241 > mcnt:5664,566,566,0,0

16:39:27.353 > mcnt:5665,566,566,0,0

16:39:27.449 > mcnt:5666,566,566,0,0

16:39:27.545 > mcnt:5667,566,566,0,0

16:39:27.640 > mcnt:5668,566,566,0,0

16:39:27.752 > mcnt:5669,566,566,0,0

16:39:27.849 > mcnt:5670,566,566,0,0

16:39:27.945 > mcnt:5671,566,566,0,0

16:39:28.041 > mcnt:5672,566,566,0,0

16:39:28.153 > mcnt:5673,566,566,0,0

16:39:28.249 > mcnt:5674,566,566,0,0

16:39:28.345 > mcnt:5675,566,566,0,0

16:39:28.441 > mcnt:5676,566,566,0,0

16:39:28.553 > mcnt:5677,566,566,0,0

16:39:28.648 > mcnt:5678,566,566,0,0

16:39:28.745 > mcnt:5679,566,566,0,0

16:39:28.840 > mcnt:5680,566,566,0,0

16:39:28.953 > mcnt:5681,566,566,0,0

16:39:29.049 > mcnt:5682,566,566,0,0

16:39:29.145 > mcnt:5683,566,566,0,0

16:39:29.241 > mcnt:5684,566,566,0,0

16:39:29.347 > mcnt:5685,566,566,0,0

16:39:29.449 > mcnt:5686,566,566,0,0

16:39:29.545 > mcnt:5687,566,566,0,0

16:39:29.641 > mcnt:5688,566,566,0,0

16:39:29.752 > mcnt:5689,566,566,0,0

16:39:29.849 > mcnt:5690,566,566,0,0

16:39:29.945 > mcnt:5691,566,566,0,0

16:39:30.041 > mcnt:5692,566,566,0,0

16:39:30.160 > mcnt:5693,566,566,0,0

16:39:30.249 > mcnt:5694,566,566,0,0

16:39:30.344 > mcnt:5695,566,566,0,0

16:39:30.441 > mcnt:5696,566,566,0,0

16:39:30.553 > mcnt:5697,566,566,0,0

16:39:30.649 > mcnt:5698,566,566,0,0

16:39:30.745 > mcnt:5699,566,566,0,0

16:39:30.841 > mcnt:5700,566,566,0,0

16:39:30.953 > mcnt:5701,566,566,0,0

16:39:31.048 > mcnt:5702,566,566,0,0

16:39:31.145 > mcnt:5703,566,566,0,0

16:39:31.241 > mcnt:5704,566,566,0,0

16:39:31.353 > mcnt:5705,566,566,0,0

16:39:31.449 > mcnt:5706,566,566,0,0

16:39:31.545 > mcnt:5707,566,566,0,0

16:39:31.641 > mcnt:5708,566,566,0,0

16:39:31.752 > mcnt:5709,566,566,0,0

16:39:31.849 > mcnt:5710,566,566,0,0

16:39:31.945 > mcnt:5711,566,566,0,0

16:39:32.041 > mcnt:5712,566,566,0,0

16:39:32.153 > mcnt:5713,566,566,0,0

16:39:32.249 > mcnt:5714,566,566,0,0

16:39:32.344 > mcnt:5715,566,566,0,0

16:39:32.441 > mcnt:5716,566,566,0,0

16:39:32.553 > mcnt:5717,566,566,0,0

16:39:32.649 > mcnt:5718,566,566,0,0

16:39:32.744 > mcnt:5719,566,566,0,0

16:39:32.841 > mcnt:5720,566,566,0,0

16:39:32.952 > mcnt:5721,566,566,0,0

16:39:33.049 > mcnt:5722,566,566,0,0

16:39:33.145 > mcnt:5723,566,566,0,0

16:39:33.241 > mcnt:5724,566,566,0,0

16:39:33.353 > mcnt:5725,566,566,0,0

16:39:33.448 > mcnt:5726,566,566,0,0

16:39:33.544 > mcnt:5727,566,566,0,0

16:39:33.641 > mcnt:5728,566,566,0,0

16:39:33.753 > mcnt:5729,566,566,0,0

16:39:33.849 > mcnt:5730,566,566,0,0

16:39:33.945 > mcnt:5731,566,566,0,0

16:39:34.041 > mcnt:5732,566,566,0,0

16:39:34.153 > mcnt:5733,566,566,0,0

16:39:34.249 > mcnt:5734,566,566,0,0

16:39:34.345 > mcnt:5735,566,566,0,0

16:39:34.441 > mcnt:5736,566,566,0,0

16:39:34.553 > mcnt:5737,566,566,0,0

16:39:34.649 > mcnt:5738,566,566,0,0

16:39:34.745 > mcnt:5739,566,566,0,0

16:39:34.840 > mcnt:5740,566,566,0,0

16:39:34.953 > mcnt:5741,566,566,0,0

16:39:35.049 > mcnt:5742,566,566,0,0

16:39:35.145 > mcnt:5743,566,566,0,0

16:39:35.240 > mcnt:5744,566,566,0,0

16:39:35.353 > mcnt:5745,566,566,0,0

16:39:35.449 > mcnt:5746,566,566,0,0

16:39:35.544 > mcnt:5747,566,566,0,0

16:39:35.641 > mcnt:5748,566,566,0,0

16:39:35.753 > mcnt:5749,566,566,0,0

16:39:35.849 > mcnt:5750,566,566,0,0

16:39:35.945 > mcnt:5751,566,566,0,0

16:39:36.040 > mcnt:5752,566,566,0,0

16:39:36.154 > mcnt:5753,566,566,0,0

16:39:36.249 > mcnt:5754,566,566,0,0

16:39:36.345 > mcnt:5755,566,566,0,0

16:39:36.441 > mcnt:5756,566,566,0,0

16:39:36.552 > mcnt:5757,566,566,0,0

16:39:36.649 > mcnt:5758,566,566,0,0

16:39:36.745 > mcnt:5759,566,566,0,0

16:39:36.841 > mcnt:5760,566,566,0,0

16:39:36.953 > mcnt:5761,566,566,0,0

16:39:37.049 > mcnt:5762,566,566,0,0

16:39:37.145 > mcnt:5763,566,566,0,0

16:39:37.240 > mcnt:5764,566,566,0,0

16:39:37.353 > mcnt:5765,566,566,0,0

16:39:37.449 > mcnt:5766,566,566,0,0

16:39:37.544 > mcnt:5767,566,566,0,0

16:39:37.641 > mcnt:5768,566,566,0,0

16:39:37.753 > mcnt:5769,566,566,0,0

16:39:37.849 > mcnt:5770,566,566,0,0

16:39:37.945 > mcnt:5771,566,566,0,0

16:39:38.040 > mcnt:5772,566,566,0,0

16:39:38.152 > mcnt:5773,566,566,0,0

16:39:38.249 > mcnt:5774,566,566,0,0

16:39:38.345 > mcnt:5775,566,566,0,0

16:39:38.441 > mcnt:5776,566,566,0,0

16:39:38.552 > mcnt:5777,566,566,0,0

16:39:38.649 > mcnt:5778,566,566,0,0

16:39:38.745 > mcnt:5779,566,566,0,0

16:39:38.841 > mcnt:5780,566,566,0,0

16:39:38.953 > mcnt:5781,566,566,0,0

16:39:39.049 > mcnt:5782,566,566,0,0

16:39:39.145 > mcnt:5783,566,566,0,0

16:39:39.242 > mcnt:5784,566,566,0,0

16:39:39.353 > mcnt:5785,566,566,0,0

16:39:39.449 > mcnt:5786,566,566,0,0

16:39:39.545 > mcnt:5787,566,566,0,0

16:39:39.641 > mcnt:5788,566,566,0,0

16:39:39.752 > mcnt:5789,566,566,0,0

16:39:39.866 > mcnt:5790,566,566,0,0

16:39:39.945 > mcnt:5791,566,566,0,0

16:39:40.041 > mcnt:5792,566,566,0,0

16:39:40.153 > mcnt:5793,566,566,0,0

16:39:40.249 > mcnt:5794,566,566,0,0

16:39:40.344 > mcnt:5795,566,566,0,0

16:39:40.441 > mcnt:5796,566,566,0,0

16:39:40.552 > mcnt:5797,566,566,0,0

16:39:40.649 > mcnt:5798,566,566,0,0

16:39:40.744 > mcnt:5799,566,566,0,0

16:39:40.841 > mcnt:5800,566,566,0,0

16:39:40.952 > mcnt:5801,566,566,0,0

16:39:41.049 > mcnt:5802,566,566,0,0

16:39:41.144 > mcnt:5803,566,566,0,0

16:39:41.241 > mcnt:5804,566,566,0,0

16:39:41.353 > mcnt:5805,566,566,0,0

16:39:41.449 > mcnt:5806,566,566,0,0

16:39:41.545 > mcnt:5807,566,566,0,0

16:39:41.641 > mcnt:5808,566,566,0,0

16:39:41.753 > mcnt:5809,566,566,0,0

16:39:41.849 > mcnt:5810,566,566,0,0

16:39:41.945 > mcnt:5811,566,566,0,0

16:39:42.040 > mcnt:5812,566,566,0,0

16:39:42.153 > mcnt:5813,566,566,0,0

16:39:42.248 > mcnt:5814,566,566,0,0

16:39:42.344 > mcnt:5815,566,566,0,0

16:39:42.441 > mcnt:5816,566,566,0,0

16:39:42.553 > mcnt:5817,566,566,0,0

16:39:42.648 > mcnt:5818,566,566,0,0

16:39:42.744 > mcnt:5819,566,566,0,0

16:39:42.840 > mcnt:5820,566,566,0,0

16:39:42.953 > mcnt:5821,566,566,0,0

16:39:43.049 > mcnt:5822,566,566,0,0

16:39:43.145 > mcnt:5823,566,566,0,0

16:39:43.241 > mcnt:5824,566,566,0,0

16:39:43.352 > mcnt:5825,566,566,0,0

16:39:43.448 > mcnt:5826,566,566,0,0

16:39:43.545 > mcnt:5827,566,566,0,0

16:39:43.641 > mcnt:5828,566,566,0,0

16:39:43.753 > mcnt:5829,566,566,0,0

16:39:43.849 > mcnt:5830,566,566,0,0

16:39:43.944 > mcnt:5831,566,566,0,0

16:39:44.041 > mcnt:5832,566,566,0,0

16:39:44.153 > mcnt:5833,566,566,0,0

16:39:44.248 > mcnt:5834,566,566,0,0

16:39:44.345 > mcnt:5835,566,566,0,0

16:39:44.440 > mcnt:5836,566,566,0,0

16:39:44.552 > mcnt:5837,566,566,0,0

16:39:44.648 > mcnt:5838,566,566,0,0

16:39:44.745 > mcnt:5839,566,566,0,0

16:39:44.841 > mcnt:5840,566,566,0,0

16:39:44.952 > mcnt:5841,566,566,0,0

16:39:45.048 > mcnt:5842,566,566,0,0

16:39:45.145 > mcnt:5843,566,566,0,0

16:39:45.241 > mcnt:5844,566,566,0,0

16:39:45.352 > mcnt:5845,566,566,0,0

16:39:45.448 > mcnt:5846,566,566,0,0

16:39:45.544 > mcnt:5847,566,566,0,0

16:39:45.641 > mcnt:5848,566,566,0,0

16:39:45.752 > mcnt:5849,566,566,0,0

16:39:45.849 > mcnt:5850,566,566,0,0

16:39:45.945 > mcnt:5851,566,566,0,0

16:39:46.041 > mcnt:5852,566,566,0,0

16:39:46.153 > mcnt:5853,566,566,0,0

16:39:46.248 > mcnt:5854,566,566,0,0

16:39:46.344 > mcnt:5855,566,566,0,0

16:39:46.441 > mcnt:5856,566,566,0,0

16:39:46.552 > mcnt:5857,566,566,0,0

16:39:46.648 > mcnt:5858,566,566,0,0

16:39:46.745 > mcnt:5859,566,566,0,0

16:39:46.840 > mcnt:5860,566,566,0,0

16:39:46.953 > mcnt:5861,566,566,0,0

16:39:47.048 > mcnt:5862,566,566,0,0

16:39:47.145 > mcnt:5863,566,566,0,0

16:39:47.240 > mcnt:5864,566,566,0,0

16:39:47.352 > mcnt:5865,566,566,0,0

16:39:47.449 > mcnt:5866,566,566,0,0

16:39:47.544 > mcnt:5867,566,566,0,0

16:39:47.640 > mcnt:5868,566,566,0,0

16:39:47.753 > mcnt:5869,566,566,0,0

16:39:47.849 > mcnt:5870,566,566,0,0

16:39:47.945 > mcnt:5871,566,566,0,0

16:39:48.040 > mcnt:5872,566,566,0,0

16:39:48.152 > mcnt:5873,566,566,0,0

16:39:48.249 > mcnt:5874,566,566,0,0

16:39:48.345 > mcnt:5875,566,566,0,0

16:39:48.440 > mcnt:5876,566,566,0,0

16:39:48.552 > mcnt:5877,566,566,0,0

16:39:48.666 > mcnt:5878,566,566,0,0

16:39:48.745 > mcnt:5879,566,566,0,0

16:39:48.841 > mcnt:5880,566,566,0,0

16:39:48.953 > mcnt:5881,566,566,0,0

16:39:49.048 > mcnt:5882,566,566,0,0

16:39:49.145 > mcnt:5883,566,566,0,0

16:39:49.240 > mcnt:5884,566,566,0,0

16:39:49.352 > mcnt:5885,566,566,0,0

16:39:49.449 > mcnt:5886,566,566,0,0

16:39:49.544 > mcnt:5887,566,566,0,0

16:39:49.640 > mcnt:5888,566,566,0,0

16:39:49.753 > mcnt:5889,566,566,0,0

16:39:49.848 > mcnt:5890,566,566,0,0

16:39:49.945 > mcnt:5891,566,566,0,0

16:39:50.040 > mcnt:5892,566,566,0,0

16:39:50.152 > mcnt:5893,566,566,0,0

16:39:50.249 > mcnt:5894,566,566,0,0

16:39:50.344 > mcnt:5895,566,566,0,0

16:39:50.440 > mcnt:5896,566,566,0,0

16:39:50.553 > mcnt:5897,566,566,0,0

16:39:50.648 > mcnt:5898,566,566,0,0

16:39:50.745 > mcnt:5899,566,566,0,0

16:39:50.840 > mcnt:5900,566,566,0,0

16:39:50.953 > mcnt:5901,566,566,0,0

16:39:51.049 > mcnt:5902,566,566,0,0

16:39:51.145 > mcnt:5903,566,566,0,0

16:39:51.241 > mcnt:5904,566,566,0,0

16:39:51.352 > mcnt:5905,566,566,0,0

16:39:51.449 > mcnt:5906,566,566,0,0

16:39:51.544 > mcnt:5907,566,566,0,0

16:39:51.640 > mcnt:5908,566,566,0,0

16:39:51.753 > mcnt:5909,566,566,0,0

16:39:51.848 > mcnt:5910,566,566,0,0

16:39:51.945 > mcnt:5911,566,566,0,0

16:39:52.041 > mcnt:5912,566,566,0,0

16:39:52.152 > mcnt:5913,566,566,0,0

16:39:52.248 > mcnt:5914,566,566,0,0

16:39:52.344 > mcnt:5915,566,566,0,0

16:39:52.440 > mcnt:5916,566,566,0,0

16:39:52.553 > mcnt:5917,566,566,0,0

16:39:52.648 > mcnt:5918,566,566,0,0

16:39:52.744 > mcnt:5919,566,566,0,0

16:39:52.840 > mcnt:5920,566,566,0,0

16:39:52.952 > mcnt:5921,566,566,0,0

16:39:53.049 > mcnt:5922,566,566,0,0

16:39:53.144 > mcnt:5923,566,566,0,0

16:39:53.241 > mcnt:5924,566,566,0,0

16:39:53.353 > mcnt:5925,566,566,0,0

16:39:53.449 > mcnt:5926,566,566,0,0

16:39:53.544 > mcnt:5927,566,566,0,0

16:39:53.640 > mcnt:5928,566,566,0,0

16:39:53.752 > mcnt:5929,566,566,0,0

16:39:53.848 > mcnt:5930,566,566,0,0

16:39:53.944 > mcnt:5931,566,566,0,0

16:39:54.040 > mcnt:5932,566,566,0,0

16:39:54.153 > mcnt:5933,566,566,0,0

16:39:54.248 > mcnt:5934,566,566,0,0

16:39:54.344 > mcnt:5935,566,566,0,0

16:39:54.440 > mcnt:5936,566,566,0,0

16:39:54.556 > mcnt:5937,566,566,0,0

16:39:54.648 > mcnt:5938,566,566,0,0

16:39:54.743 > mcnt:5939,566,566,0,0

16:39:54.840 > mcnt:5940,566,566,0,0

16:39:54.952 > mcnt:5941,566,566,0,0

16:39:55.048 > mcnt:5942,566,566,0,0

16:39:55.144 > mcnt:5943,566,566,0,0

16:39:55.240 > mcnt:5944,566,566,0,0

16:39:55.352 > mcnt:5945,566,566,0,0

16:39:55.449 > mcnt:5946,566,566,0,0

16:39:55.545 > mcnt:5947,566,566,0,0

16:39:55.640 > mcnt:5948,566,566,0,0

16:39:55.752 > mcnt:5949,566,566,0,0

16:39:55.849 > mcnt:5950,566,566,0,0

16:39:55.944 > mcnt:5951,566,566,0,0

16:39:56.040 > mcnt:5952,566,566,0,0

16:39:56.152 > mcnt:5953,566,566,0,0

16:39:56.248 > mcnt:5954,566,566,0,0

16:39:56.344 > mcnt:5955,566,566,0,0

16:39:56.440 > mcnt:5956,566,566,0,0

16:39:56.552 > mcnt:5957,566,566,0,0

16:39:56.649 > mcnt:5958,566,566,0,0

16:39:56.744 > mcnt:5959,566,566,0,0

16:39:56.840 > mcnt:5960,566,566,0,0

16:39:56.953 > mcnt:5961,566,566,0,0

16:39:57.048 > mcnt:5962,566,566,0,0

16:39:57.150 > mcnt:5963,566,566,0,0

16:39:57.240 > mcnt:5964,566,566,0,0

16:39:57.352 > mcnt:5965,566,566,0,0

16:39:57.449 > mcnt:5966,566,566,0,0

16:39:57.544 > mcnt:5967,566,566,0,0

16:39:57.641 > mcnt:5968,566,566,0,0

16:39:57.752 > mcnt:5969,566,566,0,0

16:39:57.848 > mcnt:5970,566,566,0,0

16:39:57.944 > mcnt:5971,566,566,0,0

16:39:58.040 > mcnt:5972,566,566,0,0

16:39:58.152 > mcnt:5973,566,566,0,0

16:39:58.249 > mcnt:5974,566,566,0,0

16:39:58.344 > mcnt:5975,566,566,0,0

16:39:58.440 > mcnt:5976,566,566,0,0

16:39:58.552 > mcnt:5977,566,566,0,0

16:39:58.649 > mcnt:5978,566,566,0,0

16:39:58.744 > mcnt:5979,566,566,0,0

16:39:58.841 > mcnt:5980,566,566,0,0

16:39:58.953 > mcnt:5981,566,566,0,0

16:39:59.049 > mcnt:5982,566,566,0,0

16:39:59.144 > mcnt:5983,566,566,0,0

16:39:59.240 > mcnt:5984,566,566,0,0

16:39:59.353 > mcnt:5985,566,566,0,0

16:39:59.448 > mcnt:5986,566,566,0,0

16:39:59.544 > mcnt:5987,566,566,0,0

16:39:59.640 > mcnt:5988,566,566,0,0

16:39:59.752 > mcnt:5989,566,566,0,0

16:39:59.848 > mcnt:5990,566,566,0,0

16:39:59.944 > mcnt:5991,566,566,0,0

16:40:00.040 > mcnt:5992,566,566,0,0

16:40:00.152 > mcnt:5993,566,566,0,0

16:40:00.249 > mcnt:5994,566,566,0,0

16:40:00.344 > mcnt:5995,566,566,0,0

16:40:00.440 > mcnt:5996,566,566,0,0

16:40:00.552 > mcnt:5997,566,566,0,0

16:40:00.648 > mcnt:5998,566,566,0,0

16:40:00.696 > Triggering 10-min periodic measurement...

16:40:00.743 > mcnt:5999,566,566,0,0

16:40:00.761 >   CH1: LARGE=94.00 (ADC=1807), SMALL=0.00 (ADC=365)
16:40:00.761 >   CH2: LARGE=100.00 (ADC=1804), SMALL=0.00 (ADC=439)
16:40:00.761 >   CH3: LARGE=20.08 (ADC=1805), SMALL=4.66 (ADC=418)
16:40:00.776 >   CH4: LARGE=20.08 (ADC=1540), SMALL=4.03 (ADC=360)
16:40:00.776 > Publishing to [pub_prod]: {"id":"rx01","ch1":"61.73@61.73@13.10@13.10@13.10@13.10@89.89@74.52","ch2":"63.96@63.88@9.30@9.23@9.23@9.23@95.53@80.03","ch3":"0.01","ch4":"-0.87"}
